0 verbose cli /usr/local/bin/node /usr/local/bin/npm
1 info using npm@11.16.0
2 info using node@v24.18.0
3 silly config load:file:/usr/local/lib/node_modules/npm/npmrc
4 silly config load:file:/Users/mushfiq/Desktop/Football/football-auction/.npmrc
5 silly config load:file:/Users/mushfiq/.npmrc
6 silly config load:file:/usr/local/etc/npmrc
7 verbose title npm install
8 verbose argv "install" "--cache" "/Users/mushfiq/Desktop/Football/football-auction/.npm-cache"
9 verbose logfile logs-max:10 dir:/Users/mushfiq/Desktop/Football/football-auction/.npm-cache/_logs/2026-07-31T19_18_30_626Z-
10 verbose logfile /Users/mushfiq/Desktop/Football/football-auction/.npm-cache/_logs/2026-07-31T19_18_30_626Z-debug-0.log
11 silly logfile done cleaning log files
12 silly packumentCache heap:2348810240 maxSize:587202560 maxEntrySize:293601280
13 silly idealTree buildDeps
14 silly fetch manifest next@16.2.12
15 silly packumentCache full:https://registry.npmjs.org/next cache-miss
16 http fetch GET 200 https://registry.npmjs.org/npm 541ms
17 http fetch GET 200 https://registry.npmjs.org/next 723ms (cache miss)
18 silly packumentCache full:https://registry.npmjs.org/next set size:undefined disposed:false
19 silly fetch manifest @opentelemetry/api@^1.1.0
20 silly packumentCache full:https://registry.npmjs.org/@opentelemetry%2fapi cache-miss
21 http fetch GET 200 https://registry.npmjs.org/@opentelemetry%2fapi 164ms (cache miss)
22 silly packumentCache full:https://registry.npmjs.org/@opentelemetry%2fapi set size:undefined disposed:false
23 silly fetch manifest @playwright/test@^1.51.1
24 silly packumentCache full:https://registry.npmjs.org/@playwright%2ftest cache-miss
25 http fetch GET 200 https://registry.npmjs.org/@playwright%2ftest 853ms (cache miss)
26 silly packumentCache full:https://registry.npmjs.org/@playwright%2ftest set size:undefined disposed:false
27 silly fetch manifest babel-plugin-react-compiler@*
28 silly packumentCache full:https://registry.npmjs.org/babel-plugin-react-compiler cache-miss
29 http fetch GET 200 https://registry.npmjs.org/babel-plugin-react-compiler 55ms (cache miss)
30 silly packumentCache full:https://registry.npmjs.org/babel-plugin-react-compiler set size:undefined disposed:false
31 silly fetch manifest react@19.2.4
32 silly packumentCache full:https://registry.npmjs.org/react cache-miss
33 http fetch GET 200 https://registry.npmjs.org/react 367ms (cache miss)
34 silly packumentCache full:https://registry.npmjs.org/react set size:undefined disposed:false
35 silly fetch manifest react-dom@19.2.4
36 silly packumentCache full:https://registry.npmjs.org/react-dom cache-miss
37 http fetch GET 200 https://registry.npmjs.org/react-dom 320ms (cache miss)
38 silly packumentCache full:https://registry.npmjs.org/react-dom set size:undefined disposed:false
39 silly fetch manifest sass@^1.3.0
40 silly packumentCache full:https://registry.npmjs.org/sass cache-miss
41 http fetch GET 200 https://registry.npmjs.org/sass 66ms (cache miss)
42 silly packumentCache full:https://registry.npmjs.org/sass set size:undefined disposed:false
43 silly fetch manifest @tailwindcss/postcss@^4
44 silly packumentCache full:https://registry.npmjs.org/@tailwindcss%2fpostcss cache-miss
45 http fetch GET 200 https://registry.npmjs.org/@tailwindcss%2fpostcss 976ms (cache miss)
46 silly packumentCache full:https://registry.npmjs.org/@tailwindcss%2fpostcss set size:undefined disposed:false
47 silly fetch manifest @types/node@^20
48 silly packumentCache full:https://registry.npmjs.org/@types%2fnode cache-miss
49 http fetch GET 200 https://registry.npmjs.org/@types%2fnode 511ms (cache miss)
50 silly packumentCache full:https://registry.npmjs.org/@types%2fnode set size:undefined disposed:false
51 silly fetch manifest @types/react@^19
52 silly packumentCache full:https://registry.npmjs.org/@types%2freact cache-miss
53 http fetch GET 200 https://registry.npmjs.org/@types%2freact 199ms (cache miss)
54 silly packumentCache full:https://registry.npmjs.org/@types%2freact set size:undefined disposed:false
55 silly fetch manifest @types/react-dom@^19
56 silly packumentCache full:https://registry.npmjs.org/@types%2freact-dom cache-miss
57 http fetch GET 200 https://registry.npmjs.org/@types%2freact-dom 90ms (cache miss)
58 silly packumentCache full:https://registry.npmjs.org/@types%2freact-dom set size:undefined disposed:false
59 silly fetch manifest eslint@^9
60 silly packumentCache full:https://registry.npmjs.org/eslint cache-miss
61 http fetch GET 200 https://registry.npmjs.org/eslint 106ms (cache miss)
62 silly packumentCache full:https://registry.npmjs.org/eslint set size:undefined disposed:false
63 silly fetch manifest jiti@*
64 silly packumentCache full:https://registry.npmjs.org/jiti cache-miss
65 http fetch GET 200 https://registry.npmjs.org/jiti 634ms (cache miss)
66 silly packumentCache full:https://registry.npmjs.org/jiti set size:undefined disposed:false
67 silly fetch manifest eslint-config-next@16.2.12
68 silly packumentCache full:https://registry.npmjs.org/eslint-config-next cache-miss
69 http fetch GET 200 https://registry.npmjs.org/eslint-config-next 411ms (cache miss)
70 silly packumentCache full:https://registry.npmjs.org/eslint-config-next set size:undefined disposed:false
71 silly fetch manifest typescript@^5
72 silly packumentCache full:https://registry.npmjs.org/typescript cache-miss
73 http fetch GET 200 https://registry.npmjs.org/typescript 655ms (cache miss)
74 silly packumentCache full:https://registry.npmjs.org/typescript set size:undefined disposed:false
75 silly fetch manifest tailwindcss@^4
76 silly packumentCache full:https://registry.npmjs.org/tailwindcss cache-miss
77 http fetch GET 200 https://registry.npmjs.org/tailwindcss 490ms (cache miss)
78 silly packumentCache full:https://registry.npmjs.org/tailwindcss set size:undefined disposed:false
79 silly placeDep ROOT @tailwindcss/postcss@4.3.3 OK for: football-auction@0.1.0 want: ^4
80 silly placeDep ROOT @types/node@20.19.43 OK for: football-auction@0.1.0 want: ^20
81 silly placeDep ROOT @types/react@19.2.18 OK for: football-auction@0.1.0 want: ^19
82 silly placeDep ROOT @types/react-dom@19.2.4 OK for: football-auction@0.1.0 want: ^19
83 silly placeDep ROOT eslint@9.39.5 OK for: football-auction@0.1.0 want: ^9
84 silly placeDep ROOT eslint-config-next@16.2.12 OK for: football-auction@0.1.0 want: 16.2.12
85 silly placeDep ROOT next@16.2.12 OK for: football-auction@0.1.0 want: 16.2.12
86 silly placeDep ROOT react@19.2.4 OK for: next@16.2.12 want: ^18.2.0 || 19.0.0-rc-de68d2f4-20241204 || ^19.0.0
87 silly placeDep ROOT react-dom@19.2.4 OK for: next@16.2.12 want: ^18.2.0 || 19.0.0-rc-de68d2f4-20241204 || ^19.0.0
88 silly placeDep ROOT tailwindcss@4.3.3 OK for: football-auction@0.1.0 want: ^4
89 silly placeDep ROOT typescript@5.9.3 OK for: football-auction@0.1.0 want: ^5
90 silly fetch manifest postcss@^8.5.16
91 silly packumentCache full:https://registry.npmjs.org/postcss cache-miss
92 silly fetch manifest tailwindcss@4.3.3
93 silly packumentCache full:https://registry.npmjs.org/tailwindcss cache-miss
94 silly fetch manifest @alloc/quick-lru@^5.2.0
95 silly packumentCache full:https://registry.npmjs.org/@alloc%2fquick-lru cache-miss
96 silly fetch manifest @tailwindcss/node@4.3.3
97 silly packumentCache full:https://registry.npmjs.org/@tailwindcss%2fnode cache-miss
98 silly fetch manifest @tailwindcss/oxide@4.3.3
99 silly packumentCache full:https://registry.npmjs.org/@tailwindcss%2foxide cache-miss
100 silly fetch manifest undici-types@~6.21.0
101 silly packumentCache full:https://registry.npmjs.org/undici-types cache-miss
102 silly fetch manifest csstype@^3.2.2
103 silly packumentCache full:https://registry.npmjs.org/csstype cache-miss
104 http cache https://registry.npmjs.org/tailwindcss 30ms (cache hit)
105 silly packumentCache full:https://registry.npmjs.org/tailwindcss set size:10799716 disposed:false
106 silly fetch manifest ajv@^6.14.0
107 silly packumentCache full:https://registry.npmjs.org/ajv cache-miss
108 http fetch GET 200 https://registry.npmjs.org/undici-types 166ms (cache miss)
109 silly packumentCache full:https://registry.npmjs.org/undici-types set size:undefined disposed:false
110 silly fetch manifest chalk@^4.0.0
111 silly packumentCache full:https://registry.npmjs.org/chalk cache-miss
112 http fetch GET 200 https://registry.npmjs.org/csstype 194ms (cache miss)
113 silly packumentCache full:https://registry.npmjs.org/csstype set size:undefined disposed:false
114 silly fetch manifest debug@^4.3.2
115 silly packumentCache full:https://registry.npmjs.org/debug cache-miss
116 http fetch GET 200 https://registry.npmjs.org/@alloc%2fquick-lru 257ms (cache miss)
117 silly packumentCache full:https://registry.npmjs.org/@alloc%2fquick-lru set size:undefined disposed:false
118 silly fetch manifest espree@^10.4.0
119 silly packumentCache full:https://registry.npmjs.org/espree cache-miss
120 http fetch GET 200 https://registry.npmjs.org/debug 79ms (cache miss)
121 silly packumentCache full:https://registry.npmjs.org/debug set size:undefined disposed:false
122 silly fetch manifest ignore@^5.2.0
123 silly packumentCache full:https://registry.npmjs.org/ignore cache-miss
124 http fetch GET 200 https://registry.npmjs.org/espree 52ms (cache miss)
125 silly packumentCache full:https://registry.npmjs.org/espree set size:undefined disposed:false
126 silly fetch manifest esquery@^1.5.0
127 silly packumentCache full:https://registry.npmjs.org/esquery cache-miss
128 http fetch GET 200 https://registry.npmjs.org/postcss 352ms (cache miss)
129 silly packumentCache full:https://registry.npmjs.org/postcss set size:undefined disposed:false
130 silly fetch manifest esutils@^2.0.2
131 silly packumentCache full:https://registry.npmjs.org/esutils cache-miss
132 http fetch GET 200 https://registry.npmjs.org/esquery 45ms (cache miss)
133 silly packumentCache full:https://registry.npmjs.org/esquery set size:undefined disposed:false
134 silly fetch manifest find-up@^5.0.0
135 silly packumentCache full:https://registry.npmjs.org/find-up cache-miss
136 http fetch GET 200 https://registry.npmjs.org/esutils 55ms (cache miss)
137 silly packumentCache full:https://registry.npmjs.org/esutils set size:undefined disposed:false
138 silly fetch manifest is-glob@^4.0.0
139 silly packumentCache full:https://registry.npmjs.org/is-glob cache-miss
140 http fetch GET 200 https://registry.npmjs.org/find-up 55ms (cache miss)
141 silly packumentCache full:https://registry.npmjs.org/find-up set size:undefined disposed:false
142 silly fetch manifest minimatch@^3.1.5
143 silly packumentCache full:https://registry.npmjs.org/minimatch cache-miss
144 http fetch GET 200 https://registry.npmjs.org/minimatch 76ms (cache miss)
145 silly packumentCache full:https://registry.npmjs.org/minimatch set size:undefined disposed:false
146 silly fetch manifest @eslint/js@9.39.5
147 silly packumentCache full:https://registry.npmjs.org/@eslint%2fjs cache-miss
148 http fetch GET 200 https://registry.npmjs.org/ajv 436ms (cache miss)
149 silly packumentCache full:https://registry.npmjs.org/ajv set size:undefined disposed:false
150 silly fetch manifest optionator@^0.9.3
151 silly packumentCache full:https://registry.npmjs.org/optionator cache-miss
152 http fetch GET 200 https://registry.npmjs.org/@tailwindcss%2fnode 507ms (cache miss)
153 silly packumentCache full:https://registry.npmjs.org/@tailwindcss%2fnode set size:undefined disposed:false
154 silly fetch manifest cross-spawn@^7.0.6
155 silly packumentCache full:https://registry.npmjs.org/cross-spawn cache-miss
156 http fetch GET 200 https://registry.npmjs.org/chalk 350ms (cache miss)
157 silly packumentCache full:https://registry.npmjs.org/chalk set size:undefined disposed:false
158 silly fetch manifest glob-parent@^6.0.2
159 silly packumentCache full:https://registry.npmjs.org/glob-parent cache-miss
160 http fetch GET 200 https://registry.npmjs.org/glob-parent 32ms (cache miss)
161 silly packumentCache full:https://registry.npmjs.org/glob-parent set size:undefined disposed:false
162 silly fetch manifest imurmurhash@^0.1.4
163 silly packumentCache full:https://registry.npmjs.org/imurmurhash cache-miss
164 http fetch GET 200 https://registry.npmjs.org/cross-spawn 38ms (cache miss)
165 silly packumentCache full:https://registry.npmjs.org/cross-spawn set size:undefined disposed:false
166 silly fetch manifest @eslint/core@^0.17.0
167 silly packumentCache full:https://registry.npmjs.org/@eslint%2fcore cache-miss
168 http fetch GET 200 https://registry.npmjs.org/ignore 323ms (cache miss)
169 silly packumentCache full:https://registry.npmjs.org/ignore set size:undefined disposed:false
170 silly fetch manifest eslint-scope@^8.4.0
171 silly packumentCache full:https://registry.npmjs.org/eslint-scope cache-miss
172 http fetch GET 200 https://registry.npmjs.org/is-glob 340ms (cache miss)
173 silly packumentCache full:https://registry.npmjs.org/is-glob set size:undefined disposed:false
174 silly fetch manifest lodash.merge@^4.6.2
175 silly packumentCache full:https://registry.npmjs.org/lodash.merge cache-miss
176 http fetch GET 200 https://registry.npmjs.org/lodash.merge 52ms (cache miss)
177 silly packumentCache full:https://registry.npmjs.org/lodash.merge set size:undefined disposed:false
178 silly fetch manifest @humanfs/node@^0.16.6
179 silly packumentCache full:https://registry.npmjs.org/@humanfs%2fnode cache-miss
180 http fetch GET 200 https://registry.npmjs.org/optionator 379ms (cache miss)
181 silly packumentCache full:https://registry.npmjs.org/optionator set size:undefined disposed:false
182 silly fetch manifest @types/estree@^1.0.6
183 silly packumentCache full:https://registry.npmjs.org/@types%2festree cache-miss
184 http fetch GET 200 https://registry.npmjs.org/@tailwindcss%2foxide 892ms (cache miss)
185 silly packumentCache full:https://registry.npmjs.org/@tailwindcss%2foxide set size:undefined disposed:false
186 silly fetch manifest fast-deep-equal@^3.1.3
187 silly packumentCache full:https://registry.npmjs.org/fast-deep-equal cache-miss
188 http fetch GET 200 https://registry.npmjs.org/imurmurhash 353ms (cache miss)
189 silly packumentCache full:https://registry.npmjs.org/imurmurhash set size:undefined disposed:false
190 silly fetch manifest natural-compare@^1.4.0
191 silly packumentCache full:https://registry.npmjs.org/natural-compare cache-miss
192 http fetch GET 200 https://registry.npmjs.org/@types%2festree 36ms (cache miss)
193 silly packumentCache full:https://registry.npmjs.org/@types%2festree set size:undefined disposed:false
194 silly fetch manifest @eslint/eslintrc@^3.3.6
195 silly packumentCache full:https://registry.npmjs.org/@eslint%2feslintrc cache-miss
196 http fetch GET 200 https://registry.npmjs.org/natural-compare 27ms (cache miss)
197 silly packumentCache full:https://registry.npmjs.org/natural-compare set size:undefined disposed:false
198 silly fetch manifest file-entry-cache@^8.0.0
199 silly packumentCache full:https://registry.npmjs.org/file-entry-cache cache-miss
200 http fetch GET 200 https://registry.npmjs.org/fast-deep-equal 35ms (cache miss)
201 silly packumentCache full:https://registry.npmjs.org/fast-deep-equal set size:undefined disposed:false
202 silly fetch manifest @eslint/plugin-kit@^0.4.1
203 silly packumentCache full:https://registry.npmjs.org/@eslint%2fplugin-kit cache-miss
204 http fetch GET 200 https://registry.npmjs.org/@eslint%2feslintrc 48ms (cache miss)
205 silly packumentCache full:https://registry.npmjs.org/@eslint%2feslintrc set size:undefined disposed:false
206 silly fetch manifest eslint-visitor-keys@^4.2.1
207 silly packumentCache full:https://registry.npmjs.org/eslint-visitor-keys cache-miss
208 http fetch GET 200 https://registry.npmjs.org/eslint-scope 369ms (cache miss)
209 silly packumentCache full:https://registry.npmjs.org/eslint-scope set size:undefined disposed:false
210 silly fetch manifest @eslint/config-array@^0.21.2
211 silly packumentCache full:https://registry.npmjs.org/@eslint%2fconfig-array cache-miss
212 http fetch GET 200 https://registry.npmjs.org/eslint-visitor-keys 51ms (cache miss)
213 silly packumentCache full:https://registry.npmjs.org/eslint-visitor-keys set size:undefined disposed:false
214 silly fetch manifest @humanwhocodes/retry@^0.4.2
215 silly packumentCache full:https://registry.npmjs.org/@humanwhocodes%2fretry cache-miss
216 http fetch GET 200 https://registry.npmjs.org/@eslint%2fconfig-array 52ms (cache miss)
217 silly packumentCache full:https://registry.npmjs.org/@eslint%2fconfig-array set size:undefined disposed:false
218 silly fetch manifest escape-string-regexp@^4.0.0
219 silly packumentCache full:https://registry.npmjs.org/escape-string-regexp cache-miss
220 http fetch GET 200 https://registry.npmjs.org/escape-string-regexp 40ms (cache miss)
221 silly packumentCache full:https://registry.npmjs.org/escape-string-regexp set size:undefined disposed:false
222 silly fetch manifest @eslint/config-helpers@^0.4.2
223 silly packumentCache full:https://registry.npmjs.org/@eslint%2fconfig-helpers cache-miss
224 http fetch GET 200 https://registry.npmjs.org/@eslint%2fjs 588ms (cache miss)
225 silly packumentCache full:https://registry.npmjs.org/@eslint%2fjs set size:undefined disposed:false
226 silly fetch manifest @eslint-community/regexpp@^4.12.1
227 silly packumentCache full:https://registry.npmjs.org/@eslint-community%2fregexpp cache-miss
228 http fetch GET 200 https://registry.npmjs.org/@eslint%2fcore 541ms (cache miss)
229 silly packumentCache full:https://registry.npmjs.org/@eslint%2fcore set size:undefined disposed:false
230 silly fetch manifest @eslint-community/eslint-utils@^4.8.0
231 silly packumentCache full:https://registry.npmjs.org/@eslint-community%2feslint-utils cache-miss
232 http fetch GET 200 https://registry.npmjs.org/@humanfs%2fnode 317ms (cache miss)
233 silly packumentCache full:https://registry.npmjs.org/@humanfs%2fnode set size:undefined disposed:false
234 silly fetch manifest @humanwhocodes/module-importer@^1.0.1
235 silly packumentCache full:https://registry.npmjs.org/@humanwhocodes%2fmodule-importer cache-miss
236 http fetch GET 200 https://registry.npmjs.org/@eslint%2fplugin-kit 281ms (cache miss)
237 silly packumentCache full:https://registry.npmjs.org/@eslint%2fplugin-kit set size:undefined disposed:false
238 silly fetch manifest json-stable-stringify-without-jsonify@^1.0.1
239 silly packumentCache full:https://registry.npmjs.org/json-stable-stringify-without-jsonify cache-miss
240 http fetch GET 200 https://registry.npmjs.org/file-entry-cache 321ms (cache miss)
241 silly packumentCache full:https://registry.npmjs.org/file-entry-cache set size:undefined disposed:false
242 silly fetch manifest globals@16.4.0
243 silly packumentCache full:https://registry.npmjs.org/globals cache-miss
244 http fetch GET 200 https://registry.npmjs.org/json-stable-stringify-without-jsonify 36ms (cache miss)
245 silly packumentCache full:https://registry.npmjs.org/json-stable-stringify-without-jsonify set size:undefined disposed:false
246 silly fetch manifest typescript-eslint@^8.46.0
247 silly packumentCache full:https://registry.npmjs.org/typescript-eslint cache-miss
248 http fetch GET 200 https://registry.npmjs.org/@eslint-community%2fregexpp 355ms (cache miss)
249 silly packumentCache full:https://registry.npmjs.org/@eslint-community%2fregexpp set size:undefined disposed:false
250 silly fetch manifest eslint-plugin-react@^7.37.0
251 silly packumentCache full:https://registry.npmjs.org/eslint-plugin-react cache-miss
252 http fetch GET 200 https://registry.npmjs.org/@eslint-community%2feslint-utils 403ms (cache miss)
253 silly packumentCache full:https://registry.npmjs.org/@eslint-community%2feslint-utils set size:undefined disposed:false
254 silly fetch manifest eslint-plugin-import@^2.32.0
255 silly packumentCache full:https://registry.npmjs.org/eslint-plugin-import cache-miss
256 http fetch GET 200 https://registry.npmjs.org/eslint-plugin-import 56ms (cache miss)
257 silly packumentCache full:https://registry.npmjs.org/eslint-plugin-import set size:undefined disposed:false
258 silly fetch manifest eslint-plugin-jsx-a11y@^6.10.0
259 silly packumentCache full:https://registry.npmjs.org/eslint-plugin-jsx-a11y cache-miss
260 http fetch GET 200 https://registry.npmjs.org/@humanwhocodes%2fretry 542ms (cache miss)
261 silly packumentCache full:https://registry.npmjs.org/@humanwhocodes%2fretry set size:undefined disposed:false
262 silly fetch manifest @next/eslint-plugin-next@16.2.12
263 silly packumentCache full:https://registry.npmjs.org/@next%2feslint-plugin-next cache-miss
264 http fetch GET 200 https://registry.npmjs.org/globals 331ms (cache miss)
265 silly packumentCache full:https://registry.npmjs.org/globals set size:undefined disposed:false
266 silly fetch manifest eslint-plugin-react-hooks@^7.0.0
267 silly packumentCache full:https://registry.npmjs.org/eslint-plugin-react-hooks cache-miss
268 http fetch GET 200 https://registry.npmjs.org/eslint-plugin-jsx-a11y 62ms (cache miss)
269 silly packumentCache full:https://registry.npmjs.org/eslint-plugin-jsx-a11y set size:undefined disposed:false
270 silly fetch manifest eslint-import-resolver-node@^0.3.6
271 silly packumentCache full:https://registry.npmjs.org/eslint-import-resolver-node cache-miss
272 http fetch GET 200 https://registry.npmjs.org/@humanwhocodes%2fmodule-importer 580ms (cache miss)
273 silly packumentCache full:https://registry.npmjs.org/@humanwhocodes%2fmodule-importer set size:undefined disposed:false
274 silly fetch manifest eslint-import-resolver-typescript@^3.5.2
275 silly packumentCache full:https://registry.npmjs.org/eslint-import-resolver-typescript cache-miss
276 http fetch GET 200 https://registry.npmjs.org/typescript-eslint 475ms (cache miss)
277 silly packumentCache full:https://registry.npmjs.org/typescript-eslint set size:undefined disposed:false
278 silly fetch manifest postcss@8.4.31
279 silly packumentCache full:https://registry.npmjs.org/postcss cache-miss
280 http cache https://registry.npmjs.org/postcss 2ms (cache hit)
281 silly packumentCache full:https://registry.npmjs.org/postcss set size:756623 disposed:false
282 silly fetch manifest @next/env@16.2.12
283 silly packumentCache full:https://registry.npmjs.org/@next%2fenv cache-miss
284 http fetch GET 200 https://registry.npmjs.org/eslint-plugin-react 348ms (cache miss)
285 silly packumentCache full:https://registry.npmjs.org/eslint-plugin-react set size:undefined disposed:false
286 silly fetch manifest styled-jsx@5.1.6
287 silly packumentCache full:https://registry.npmjs.org/styled-jsx cache-miss
288 http fetch GET 200 https://registry.npmjs.org/eslint-import-resolver-node 331ms (cache miss)
289 silly packumentCache full:https://registry.npmjs.org/eslint-import-resolver-node set size:undefined disposed:false
290 silly fetch manifest @swc/helpers@0.5.15
291 silly packumentCache full:https://registry.npmjs.org/@swc%2fhelpers cache-miss
292 http fetch GET 200 https://registry.npmjs.org/@swc%2fhelpers 111ms (cache miss)
293 silly packumentCache full:https://registry.npmjs.org/@swc%2fhelpers set size:undefined disposed:false
294 silly fetch manifest caniuse-lite@^1.0.30001579
295 silly packumentCache full:https://registry.npmjs.org/caniuse-lite cache-miss
296 http fetch GET 200 https://registry.npmjs.org/eslint-import-resolver-typescript 376ms (cache miss)
297 silly packumentCache full:https://registry.npmjs.org/eslint-import-resolver-typescript set size:undefined disposed:false
298 silly fetch manifest baseline-browser-mapping@^2.9.19
299 silly packumentCache full:https://registry.npmjs.org/baseline-browser-mapping cache-miss
300 http fetch GET 200 https://registry.npmjs.org/styled-jsx 499ms (cache miss)
301 silly packumentCache full:https://registry.npmjs.org/styled-jsx set size:undefined disposed:false
302 silly fetch manifest sharp@^0.34.5
303 silly packumentCache full:https://registry.npmjs.org/sharp cache-miss
304 http fetch GET 200 https://registry.npmjs.org/baseline-browser-mapping 211ms (cache miss)
305 silly packumentCache full:https://registry.npmjs.org/baseline-browser-mapping set size:undefined disposed:false
306 silly fetch manifest @next/swc-darwin-x64@16.2.12
307 silly packumentCache full:https://registry.npmjs.org/@next%2fswc-darwin-x64 cache-miss
308 http fetch GET 200 https://registry.npmjs.org/@next%2fenv 672ms (cache miss)
309 silly packumentCache full:https://registry.npmjs.org/@next%2fenv set size:undefined disposed:false
310 silly fetch manifest @next/swc-darwin-arm64@16.2.12
311 silly packumentCache full:https://registry.npmjs.org/@next%2fswc-darwin-arm64 cache-miss
312 http fetch GET 200 https://registry.npmjs.org/eslint-plugin-react-hooks 970ms (cache miss)
313 silly packumentCache full:https://registry.npmjs.org/eslint-plugin-react-hooks set size:undefined disposed:false
314 silly fetch manifest @next/swc-linux-x64-gnu@16.2.12
315 silly packumentCache full:https://registry.npmjs.org/@next%2fswc-linux-x64-gnu cache-miss
316 http fetch GET 200 https://registry.npmjs.org/@eslint%2fconfig-helpers 1523ms (cache miss)
317 silly packumentCache full:https://registry.npmjs.org/@eslint%2fconfig-helpers set size:undefined disposed:false
318 silly fetch manifest @next/swc-linux-x64-musl@16.2.12
319 silly packumentCache full:https://registry.npmjs.org/@next%2fswc-linux-x64-musl cache-miss
320 http fetch GET 200 https://registry.npmjs.org/caniuse-lite 613ms (cache miss)
321 silly packumentCache full:https://registry.npmjs.org/caniuse-lite set size:undefined disposed:false
322 silly fetch manifest @next/swc-win32-x64-msvc@16.2.12
323 silly packumentCache full:https://registry.npmjs.org/@next%2fswc-win32-x64-msvc cache-miss
324 http fetch GET 200 https://registry.npmjs.org/sharp 435ms (cache miss)
325 silly packumentCache full:https://registry.npmjs.org/sharp set size:undefined disposed:false
326 silly fetch manifest @next/swc-linux-arm64-gnu@16.2.12
327 silly packumentCache full:https://registry.npmjs.org/@next%2fswc-linux-arm64-gnu cache-miss
328 http fetch GET 200 https://registry.npmjs.org/@next%2feslint-plugin-next 1593ms (cache miss)
329 silly packumentCache full:https://registry.npmjs.org/@next%2feslint-plugin-next set size:undefined disposed:false
330 silly fetch manifest @next/swc-linux-arm64-musl@16.2.12
331 silly packumentCache full:https://registry.npmjs.org/@next%2fswc-linux-arm64-musl cache-miss
332 http fetch GET 200 https://registry.npmjs.org/@next%2fswc-darwin-arm64 823ms (cache miss)
333 silly packumentCache full:https://registry.npmjs.org/@next%2fswc-darwin-arm64 set size:undefined disposed:false
334 silly fetch manifest @next/swc-win32-arm64-msvc@16.2.12
335 silly packumentCache full:https://registry.npmjs.org/@next%2fswc-win32-arm64-msvc cache-miss
336 http fetch GET 200 https://registry.npmjs.org/@next%2fswc-darwin-x64 1255ms (cache miss)
337 silly packumentCache full:https://registry.npmjs.org/@next%2fswc-darwin-x64 set size:undefined disposed:false
338 silly fetch manifest scheduler@^0.27.0
339 silly packumentCache full:https://registry.npmjs.org/scheduler cache-miss
340 http fetch GET 200 https://registry.npmjs.org/@next%2fswc-linux-x64-gnu 1037ms (cache miss)
341 silly packumentCache full:https://registry.npmjs.org/@next%2fswc-linux-x64-gnu set size:undefined disposed:false
342 http fetch GET 200 https://registry.npmjs.org/@next%2fswc-win32-x64-msvc 1350ms (cache miss)
343 silly packumentCache full:https://registry.npmjs.org/@next%2fswc-win32-x64-msvc set size:undefined disposed:false
344 http fetch GET 200 https://registry.npmjs.org/@next%2fswc-win32-arm64-msvc 1113ms (cache miss)
345 silly packumentCache full:https://registry.npmjs.org/@next%2fswc-win32-arm64-msvc set size:undefined disposed:false
346 http fetch GET 200 https://registry.npmjs.org/@next%2fswc-linux-x64-musl 1835ms (cache miss)
347 silly packumentCache full:https://registry.npmjs.org/@next%2fswc-linux-x64-musl set size:undefined disposed:false
348 http fetch GET 200 https://registry.npmjs.org/@next%2fswc-linux-arm64-musl 1262ms (cache miss)
349 silly packumentCache full:https://registry.npmjs.org/@next%2fswc-linux-arm64-musl set size:undefined disposed:false
350 http fetch GET 200 https://registry.npmjs.org/scheduler 1130ms (cache miss)
351 silly packumentCache full:https://registry.npmjs.org/scheduler set size:undefined disposed:false
352 http fetch GET 200 https://registry.npmjs.org/@next%2fswc-linux-arm64-gnu 2549ms (cache miss)
353 silly packumentCache full:https://registry.npmjs.org/@next%2fswc-linux-arm64-gnu set size:undefined disposed:false
354 silly placeDep ROOT @alloc/quick-lru@5.2.0 OK for: @tailwindcss/postcss@4.3.3 want: ^5.2.0
355 silly placeDep ROOT @tailwindcss/node@4.3.3 OK for: @tailwindcss/postcss@4.3.3 want: 4.3.3
356 silly placeDep ROOT @tailwindcss/oxide@4.3.3 OK for: @tailwindcss/postcss@4.3.3 want: 4.3.3
357 silly placeDep ROOT postcss@8.5.25 OK for: @tailwindcss/postcss@4.3.3 want: ^8.5.16
358 silly fetch manifest jiti@^2.7.0
359 silly packumentCache full:https://registry.npmjs.org/jiti cache-miss
360 silly fetch manifest lightningcss@1.32.0
361 silly packumentCache full:https://registry.npmjs.org/lightningcss cache-miss
362 silly fetch manifest magic-string@^0.30.21
363 silly packumentCache full:https://registry.npmjs.org/magic-string cache-miss
364 silly fetch manifest source-map-js@^1.2.1
365 silly packumentCache full:https://registry.npmjs.org/source-map-js cache-miss
366 silly fetch manifest enhanced-resolve@^5.24.1
367 silly packumentCache full:https://registry.npmjs.org/enhanced-resolve cache-miss
368 silly fetch manifest @jridgewell/remapping@^2.3.5
369 silly packumentCache full:https://registry.npmjs.org/@jridgewell%2fremapping cache-miss
370 silly fetch manifest @tailwindcss/oxide-darwin-x64@4.3.3
371 silly packumentCache full:https://registry.npmjs.org/@tailwindcss%2foxide-darwin-x64 cache-miss
372 http cache https://registry.npmjs.org/jiti 10ms (cache hit)
373 silly packumentCache full:https://registry.npmjs.org/jiti set size:387989 disposed:false
374 silly fetch manifest @tailwindcss/oxide-freebsd-x64@4.3.3
375 silly packumentCache full:https://registry.npmjs.org/@tailwindcss%2foxide-freebsd-x64 cache-miss
376 http fetch GET 200 https://registry.npmjs.org/enhanced-resolve 73ms (cache miss)
377 silly packumentCache full:https://registry.npmjs.org/enhanced-resolve set size:undefined disposed:false
378 silly fetch manifest @tailwindcss/oxide-wasm32-wasi@4.3.3
379 silly packumentCache full:https://registry.npmjs.org/@tailwindcss%2foxide-wasm32-wasi cache-miss
380 http fetch GET 200 https://registry.npmjs.org/source-map-js 307ms (cache miss)
381 silly packumentCache full:https://registry.npmjs.org/source-map-js set size:undefined disposed:false
382 silly fetch manifest @tailwindcss/oxide-darwin-arm64@4.3.3
383 silly packumentCache full:https://registry.npmjs.org/@tailwindcss%2foxide-darwin-arm64 cache-miss
384 http fetch GET 200 https://registry.npmjs.org/magic-string 320ms (cache miss)
385 silly packumentCache full:https://registry.npmjs.org/magic-string set size:undefined disposed:false
386 silly fetch manifest @tailwindcss/oxide-android-arm64@4.3.3
387 silly packumentCache full:https://registry.npmjs.org/@tailwindcss%2foxide-android-arm64 cache-miss
388 http fetch GET 200 https://registry.npmjs.org/lightningcss 323ms (cache miss)
389 silly packumentCache full:https://registry.npmjs.org/lightningcss set size:undefined disposed:false
390 silly fetch manifest @tailwindcss/oxide-linux-x64-gnu@4.3.3
391 silly packumentCache full:https://registry.npmjs.org/@tailwindcss%2foxide-linux-x64-gnu cache-miss
392 http fetch GET 200 https://registry.npmjs.org/@tailwindcss%2foxide-wasm32-wasi 351ms (cache miss)
393 silly packumentCache full:https://registry.npmjs.org/@tailwindcss%2foxide-wasm32-wasi set size:undefined disposed:false
394 silly fetch manifest @tailwindcss/oxide-linux-x64-musl@4.3.3
395 silly packumentCache full:https://registry.npmjs.org/@tailwindcss%2foxide-linux-x64-musl cache-miss
396 http fetch GET 200 https://registry.npmjs.org/@jridgewell%2fremapping 550ms (cache miss)
397 silly packumentCache full:https://registry.npmjs.org/@jridgewell%2fremapping set size:undefined disposed:false
398 silly fetch manifest @tailwindcss/oxide-win32-x64-msvc@4.3.3
399 silly packumentCache full:https://registry.npmjs.org/@tailwindcss%2foxide-win32-x64-msvc cache-miss
400 http fetch GET 200 https://registry.npmjs.org/@tailwindcss%2foxide-linux-x64-gnu 534ms (cache miss)
401 silly packumentCache full:https://registry.npmjs.org/@tailwindcss%2foxide-linux-x64-gnu set size:undefined disposed:false
402 silly fetch manifest @tailwindcss/oxide-linux-arm64-gnu@4.3.3
403 silly packumentCache full:https://registry.npmjs.org/@tailwindcss%2foxide-linux-arm64-gnu cache-miss
404 http fetch GET 200 https://registry.npmjs.org/@tailwindcss%2foxide-darwin-x64 875ms (cache miss)
405 silly packumentCache full:https://registry.npmjs.org/@tailwindcss%2foxide-darwin-x64 set size:undefined disposed:false
406 silly fetch manifest @tailwindcss/oxide-linux-arm64-musl@4.3.3
407 silly packumentCache full:https://registry.npmjs.org/@tailwindcss%2foxide-linux-arm64-musl cache-miss
408 http fetch GET 200 https://registry.npmjs.org/@tailwindcss%2foxide-android-arm64 650ms (cache miss)
409 silly packumentCache full:https://registry.npmjs.org/@tailwindcss%2foxide-android-arm64 set size:undefined disposed:false
410 silly fetch manifest @tailwindcss/oxide-win32-arm64-msvc@4.3.3
411 silly packumentCache full:https://registry.npmjs.org/@tailwindcss%2foxide-win32-arm64-msvc cache-miss
412 http fetch GET 200 https://registry.npmjs.org/@tailwindcss%2foxide-freebsd-x64 977ms (cache miss)
413 silly packumentCache full:https://registry.npmjs.org/@tailwindcss%2foxide-freebsd-x64 set size:undefined disposed:false
414 silly fetch manifest @tailwindcss/oxide-linux-arm-gnueabihf@4.3.3
415 silly packumentCache full:https://registry.npmjs.org/@tailwindcss%2foxide-linux-arm-gnueabihf cache-miss
416 http fetch GET 200 https://registry.npmjs.org/@tailwindcss%2foxide-linux-arm64-musl 956ms (cache miss)
417 silly packumentCache full:https://registry.npmjs.org/@tailwindcss%2foxide-linux-arm64-musl set size:undefined disposed:false
418 silly fetch manifest nanoid@^3.3.16
419 silly packumentCache full:https://registry.npmjs.org/nanoid cache-miss
420 http fetch GET 200 https://registry.npmjs.org/@tailwindcss%2foxide-win32-arm64-msvc 876ms (cache miss)
421 silly packumentCache full:https://registry.npmjs.org/@tailwindcss%2foxide-win32-arm64-msvc set size:undefined disposed:false
422 silly fetch manifest picocolors@^1.1.1
423 silly packumentCache full:https://registry.npmjs.org/picocolors cache-miss
424 http fetch GET 200 https://registry.npmjs.org/@tailwindcss%2foxide-darwin-arm64 1554ms (cache miss)
425 silly packumentCache full:https://registry.npmjs.org/@tailwindcss%2foxide-darwin-arm64 set size:undefined disposed:false
426 http fetch GET 200 https://registry.npmjs.org/@tailwindcss%2foxide-linux-arm64-gnu 1012ms (cache miss)
427 silly packumentCache full:https://registry.npmjs.org/@tailwindcss%2foxide-linux-arm64-gnu set size:undefined disposed:false
428 http fetch GET 200 https://registry.npmjs.org/picocolors 60ms (cache miss)
429 silly packumentCache full:https://registry.npmjs.org/picocolors set size:undefined disposed:false
430 http fetch GET 200 https://registry.npmjs.org/@tailwindcss%2foxide-linux-x64-musl 1519ms (cache miss)
431 silly packumentCache full:https://registry.npmjs.org/@tailwindcss%2foxide-linux-x64-musl set size:undefined disposed:false
432 http fetch GET 200 https://registry.npmjs.org/@tailwindcss%2foxide-linux-arm-gnueabihf 993ms (cache miss)
433 silly packumentCache full:https://registry.npmjs.org/@tailwindcss%2foxide-linux-arm-gnueabihf set size:undefined disposed:false
434 http fetch GET 200 https://registry.npmjs.org/nanoid 355ms (cache miss)
435 silly packumentCache full:https://registry.npmjs.org/nanoid set size:undefined disposed:false
436 http fetch GET 200 https://registry.npmjs.org/@tailwindcss%2foxide-win32-x64-msvc 1685ms (cache miss)
437 silly packumentCache full:https://registry.npmjs.org/@tailwindcss%2foxide-win32-x64-msvc set size:undefined disposed:false
438 silly placeDep ROOT @jridgewell/remapping@2.3.5 OK for: @tailwindcss/node@4.3.3 want: ^2.3.5
439 silly placeDep ROOT enhanced-resolve@5.24.5 OK for: @tailwindcss/node@4.3.3 want: ^5.24.1
440 silly placeDep ROOT jiti@2.7.0 OK for: @tailwindcss/node@4.3.3 want: ^2.7.0
441 silly placeDep ROOT lightningcss@1.32.0 OK for: @tailwindcss/node@4.3.3 want: 1.32.0
442 silly placeDep ROOT magic-string@0.30.21 OK for: @tailwindcss/node@4.3.3 want: ^0.30.21
443 silly placeDep ROOT source-map-js@1.2.1 OK for: @tailwindcss/node@4.3.3 want: ^1.2.1
444 silly fetch manifest @jridgewell/gen-mapping@^0.3.5
445 silly packumentCache full:https://registry.npmjs.org/@jridgewell%2fgen-mapping cache-miss
446 silly fetch manifest @jridgewell/trace-mapping@^0.3.24
447 silly packumentCache full:https://registry.npmjs.org/@jridgewell%2ftrace-mapping cache-miss
448 silly fetch manifest tapable@^2.3.3
449 silly packumentCache full:https://registry.npmjs.org/tapable cache-miss
450 silly fetch manifest graceful-fs@^4.2.4
451 silly packumentCache full:https://registry.npmjs.org/graceful-fs cache-miss
452 silly fetch manifest detect-libc@^2.0.3
453 silly packumentCache full:https://registry.npmjs.org/detect-libc cache-miss
454 silly fetch manifest lightningcss-darwin-x64@1.32.0
455 silly packumentCache full:https://registry.npmjs.org/lightningcss-darwin-x64 cache-miss
456 silly fetch manifest lightningcss-freebsd-x64@1.32.0
457 silly packumentCache full:https://registry.npmjs.org/lightningcss-freebsd-x64 cache-miss
458 http fetch GET 200 https://registry.npmjs.org/detect-libc 49ms (cache miss)
459 silly packumentCache full:https://registry.npmjs.org/detect-libc set size:undefined disposed:false
460 silly fetch manifest lightningcss-darwin-arm64@1.32.0
461 silly packumentCache full:https://registry.npmjs.org/lightningcss-darwin-arm64 cache-miss
462 http fetch GET 200 https://registry.npmjs.org/tapable 51ms (cache miss)
463 silly packumentCache full:https://registry.npmjs.org/tapable set size:undefined disposed:false
464 silly fetch manifest lightningcss-android-arm64@1.32.0
465 silly packumentCache full:https://registry.npmjs.org/lightningcss-android-arm64 cache-miss
466 http fetch GET 200 https://registry.npmjs.org/lightningcss-android-arm64 51ms (cache miss)
467 silly packumentCache full:https://registry.npmjs.org/lightningcss-android-arm64 set size:undefined disposed:false
468 silly fetch manifest lightningcss-linux-x64-gnu@1.32.0
469 silly packumentCache full:https://registry.npmjs.org/lightningcss-linux-x64-gnu cache-miss
470 http fetch GET 200 https://registry.npmjs.org/lightningcss-darwin-x64 343ms (cache miss)
471 silly packumentCache full:https://registry.npmjs.org/lightningcss-darwin-x64 set size:undefined disposed:false
472 silly fetch manifest lightningcss-linux-x64-musl@1.32.0
473 silly packumentCache full:https://registry.npmjs.org/lightningcss-linux-x64-musl cache-miss
474 http fetch GET 200 https://registry.npmjs.org/lightningcss-freebsd-x64 345ms (cache miss)
475 silly packumentCache full:https://registry.npmjs.org/lightningcss-freebsd-x64 set size:undefined disposed:false
476 silly fetch manifest lightningcss-win32-x64-msvc@1.32.0
477 silly packumentCache full:https://registry.npmjs.org/lightningcss-win32-x64-msvc cache-miss
478 http fetch GET 200 https://registry.npmjs.org/graceful-fs 346ms (cache miss)
479 silly packumentCache full:https://registry.npmjs.org/graceful-fs set size:undefined disposed:false
480 silly fetch manifest lightningcss-linux-arm64-gnu@1.32.0
481 silly packumentCache full:https://registry.npmjs.org/lightningcss-linux-arm64-gnu cache-miss
482 http fetch GET 200 https://registry.npmjs.org/lightningcss-darwin-arm64 328ms (cache miss)
483 silly packumentCache full:https://registry.npmjs.org/lightningcss-darwin-arm64 set size:undefined disposed:false
484 silly fetch manifest lightningcss-linux-arm64-musl@1.32.0
485 silly packumentCache full:https://registry.npmjs.org/lightningcss-linux-arm64-musl cache-miss
486 http fetch GET 200 https://registry.npmjs.org/lightningcss-linux-x64-musl 38ms (cache miss)
487 silly packumentCache full:https://registry.npmjs.org/lightningcss-linux-x64-musl set size:undefined disposed:false
488 silly fetch manifest lightningcss-win32-arm64-msvc@1.32.0
489 silly packumentCache full:https://registry.npmjs.org/lightningcss-win32-arm64-msvc cache-miss
490 http fetch GET 200 https://registry.npmjs.org/lightningcss-linux-x64-gnu 345ms (cache miss)
491 silly packumentCache full:https://registry.npmjs.org/lightningcss-linux-x64-gnu set size:undefined disposed:false
492 silly fetch manifest lightningcss-linux-arm-gnueabihf@1.32.0
493 silly packumentCache full:https://registry.npmjs.org/lightningcss-linux-arm-gnueabihf cache-miss
494 http fetch GET 200 https://registry.npmjs.org/lightningcss-win32-x64-msvc 311ms (cache miss)
495 silly packumentCache full:https://registry.npmjs.org/lightningcss-win32-x64-msvc set size:undefined disposed:false
496 silly fetch manifest @jridgewell/sourcemap-codec@^1.5.5
497 silly packumentCache full:https://registry.npmjs.org/@jridgewell%2fsourcemap-codec cache-miss
498 http fetch GET 200 https://registry.npmjs.org/lightningcss-linux-arm64-gnu 313ms (cache miss)
499 silly packumentCache full:https://registry.npmjs.org/lightningcss-linux-arm64-gnu set size:undefined disposed:false
500 http fetch GET 200 https://registry.npmjs.org/lightningcss-win32-arm64-msvc 298ms (cache miss)
501 silly packumentCache full:https://registry.npmjs.org/lightningcss-win32-arm64-msvc set size:undefined disposed:false
502 http fetch GET 200 https://registry.npmjs.org/lightningcss-linux-arm64-musl 304ms (cache miss)
503 silly packumentCache full:https://registry.npmjs.org/lightningcss-linux-arm64-musl set size:undefined disposed:false
504 http fetch GET 200 https://registry.npmjs.org/lightningcss-linux-arm-gnueabihf 307ms (cache miss)
505 silly packumentCache full:https://registry.npmjs.org/lightningcss-linux-arm-gnueabihf set size:undefined disposed:false
506 http fetch GET 200 https://registry.npmjs.org/@jridgewell%2ftrace-mapping 919ms (cache miss)
507 silly packumentCache full:https://registry.npmjs.org/@jridgewell%2ftrace-mapping set size:undefined disposed:false
508 http fetch GET 200 https://registry.npmjs.org/@jridgewell%2fgen-mapping 922ms (cache miss)
509 silly packumentCache full:https://registry.npmjs.org/@jridgewell%2fgen-mapping set size:undefined disposed:false
510 http fetch GET 200 https://registry.npmjs.org/@jridgewell%2fsourcemap-codec 324ms (cache miss)
511 silly packumentCache full:https://registry.npmjs.org/@jridgewell%2fsourcemap-codec set size:undefined disposed:false
512 silly placeDep ROOT @jridgewell/gen-mapping@0.3.13 OK for: @jridgewell/remapping@2.3.5 want: ^0.3.5
513 silly placeDep ROOT @jridgewell/trace-mapping@0.3.31 OK for: @jridgewell/remapping@2.3.5 want: ^0.3.24
514 silly fetch manifest @jridgewell/sourcemap-codec@^1.5.0
515 silly packumentCache full:https://registry.npmjs.org/@jridgewell%2fsourcemap-codec cache-miss
516 silly fetch manifest @jridgewell/resolve-uri@^3.1.0
517 silly packumentCache full:https://registry.npmjs.org/@jridgewell%2fresolve-uri cache-miss
518 silly fetch manifest @jridgewell/sourcemap-codec@^1.4.14
519 silly packumentCache full:https://registry.npmjs.org/@jridgewell%2fsourcemap-codec cache-miss
520 http cache https://registry.npmjs.org/@jridgewell%2fsourcemap-codec 4ms (cache hit)
521 silly packumentCache full:https://registry.npmjs.org/@jridgewell%2fsourcemap-codec set size:51856 disposed:false
522 http cache https://registry.npmjs.org/@jridgewell%2fsourcemap-codec 4ms (cache hit)
523 silly packumentCache full:https://registry.npmjs.org/@jridgewell%2fsourcemap-codec set size:51856 disposed:false
524 silly packumentCache full:https://registry.npmjs.org/@jridgewell%2fsourcemap-codec dispose
525 http fetch GET 200 https://registry.npmjs.org/@jridgewell%2fresolve-uri 817ms (cache miss)
526 silly packumentCache full:https://registry.npmjs.org/@jridgewell%2fresolve-uri set size:undefined disposed:false
527 silly placeDep ROOT @jridgewell/sourcemap-codec@1.5.5 OK for: @jridgewell/gen-mapping@0.3.13 want: ^1.5.0
528 silly placeDep ROOT @jridgewell/resolve-uri@3.1.2 OK for: @jridgewell/trace-mapping@0.3.31 want: ^3.1.0
529 silly placeDep ROOT @tailwindcss/oxide-android-arm64@4.3.3 OK for: @tailwindcss/oxide@4.3.3 want: 4.3.3
530 silly placeDep ROOT @tailwindcss/oxide-darwin-arm64@4.3.3 OK for: @tailwindcss/oxide@4.3.3 want: 4.3.3
531 silly placeDep ROOT @tailwindcss/oxide-darwin-x64@4.3.3 OK for: @tailwindcss/oxide@4.3.3 want: 4.3.3
532 silly placeDep ROOT @tailwindcss/oxide-freebsd-x64@4.3.3 OK for: @tailwindcss/oxide@4.3.3 want: 4.3.3
533 silly placeDep ROOT @tailwindcss/oxide-linux-arm-gnueabihf@4.3.3 OK for: @tailwindcss/oxide@4.3.3 want: 4.3.3
534 silly placeDep ROOT @tailwindcss/oxide-linux-arm64-gnu@4.3.3 OK for: @tailwindcss/oxide@4.3.3 want: 4.3.3
535 silly placeDep ROOT @tailwindcss/oxide-linux-arm64-musl@4.3.3 OK for: @tailwindcss/oxide@4.3.3 want: 4.3.3
536 silly placeDep ROOT @tailwindcss/oxide-linux-x64-gnu@4.3.3 OK for: @tailwindcss/oxide@4.3.3 want: 4.3.3
537 silly placeDep ROOT @tailwindcss/oxide-linux-x64-musl@4.3.3 OK for: @tailwindcss/oxide@4.3.3 want: 4.3.3
538 silly placeDep ROOT @tailwindcss/oxide-wasm32-wasi@4.3.3 OK for: @tailwindcss/oxide@4.3.3 want: 4.3.3
539 silly placeDep ROOT @tailwindcss/oxide-win32-arm64-msvc@4.3.3 OK for: @tailwindcss/oxide@4.3.3 want: 4.3.3
540 silly placeDep ROOT @tailwindcss/oxide-win32-x64-msvc@4.3.3 OK for: @tailwindcss/oxide@4.3.3 want: 4.3.3
541 silly placeDep ROOT undici-types@6.21.0 OK for: @types/node@20.19.43 want: ~6.21.0
542 silly placeDep ROOT csstype@3.2.3 OK for: @types/react@19.2.18 want: ^3.2.2
543 silly placeDep ROOT graceful-fs@4.2.11 OK for: enhanced-resolve@5.24.5 want: ^4.2.4
544 silly placeDep ROOT tapable@2.3.3 OK for: enhanced-resolve@5.24.5 want: ^2.3.3
545 silly fetch manifest eslint@^6.0.0 || ^7.0.0 || >=8.0.0
546 silly packumentCache full:https://registry.npmjs.org/eslint cache-miss
547 http cache https://registry.npmjs.org/eslint 5ms (cache hit)
548 silly packumentCache full:https://registry.npmjs.org/eslint set size:2040662 disposed:false
549 silly placeDep ROOT @eslint-community/eslint-utils@4.10.1 OK for: eslint@9.39.5 want: ^4.8.0
550 silly placeDep ROOT @eslint-community/regexpp@4.12.2 OK for: eslint@9.39.5 want: ^4.12.1
551 silly placeDep ROOT @eslint/config-array@0.21.2 OK for: eslint@9.39.5 want: ^0.21.2
552 silly placeDep ROOT @eslint/config-helpers@0.4.2 OK for: eslint@9.39.5 want: ^0.4.2
553 silly placeDep ROOT @eslint/core@0.17.0 OK for: eslint@9.39.5 want: ^0.17.0
554 silly placeDep ROOT @eslint/eslintrc@3.3.6 OK for: eslint@9.39.5 want: ^3.3.6
555 silly placeDep ROOT @eslint/js@9.39.5 OK for: eslint@9.39.5 want: 9.39.5
556 silly placeDep ROOT @eslint/plugin-kit@0.4.1 OK for: eslint@9.39.5 want: ^0.4.1
557 silly placeDep ROOT @humanfs/node@0.16.8 OK for: eslint@9.39.5 want: ^0.16.6
558 silly placeDep ROOT @humanwhocodes/module-importer@1.0.1 OK for: eslint@9.39.5 want: ^1.0.1
559 silly placeDep ROOT @humanwhocodes/retry@0.4.3 OK for: eslint@9.39.5 want: ^0.4.2
560 silly placeDep ROOT @types/estree@1.0.9 OK for: eslint@9.39.5 want: ^1.0.6
561 silly placeDep ROOT ajv@6.15.0 OK for: eslint@9.39.5 want: ^6.14.0
562 silly placeDep ROOT chalk@4.1.2 OK for: eslint@9.39.5 want: ^4.0.0
563 silly placeDep ROOT cross-spawn@7.0.6 OK for: eslint@9.39.5 want: ^7.0.6
564 silly placeDep ROOT debug@4.4.3 OK for: eslint@9.39.5 want: ^4.3.2
565 silly placeDep ROOT escape-string-regexp@4.0.0 OK for: eslint@9.39.5 want: ^4.0.0
566 silly placeDep ROOT eslint-scope@8.4.0 OK for: eslint@9.39.5 want: ^8.4.0
567 silly placeDep ROOT eslint-visitor-keys@4.2.1 OK for: eslint@9.39.5 want: ^4.2.1
568 silly placeDep ROOT espree@10.4.0 OK for: eslint@9.39.5 want: ^10.4.0
569 silly placeDep ROOT esquery@1.7.0 OK for: eslint@9.39.5 want: ^1.5.0
570 silly placeDep ROOT esutils@2.0.3 OK for: eslint@9.39.5 want: ^2.0.2
571 silly placeDep ROOT fast-deep-equal@3.1.3 OK for: eslint@9.39.5 want: ^3.1.3
572 silly placeDep ROOT file-entry-cache@8.0.0 OK for: eslint@9.39.5 want: ^8.0.0
573 silly placeDep ROOT find-up@5.0.0 OK for: eslint@9.39.5 want: ^5.0.0
574 silly placeDep ROOT glob-parent@6.0.2 OK for: eslint@9.39.5 want: ^6.0.2
575 silly placeDep ROOT ignore@5.3.2 OK for: eslint@9.39.5 want: ^5.2.0
576 silly placeDep ROOT imurmurhash@0.1.4 OK for: eslint@9.39.5 want: ^0.1.4
577 silly placeDep ROOT is-glob@4.0.3 OK for: eslint@9.39.5 want: ^4.0.0
578 silly placeDep ROOT json-stable-stringify-without-jsonify@1.0.1 OK for: eslint@9.39.5 want: ^1.0.1
579 silly placeDep ROOT lodash.merge@4.6.2 OK for: eslint@9.39.5 want: ^4.6.2
580 silly placeDep ROOT minimatch@3.1.5 OK for: eslint@9.39.5 want: ^3.1.5
581 silly placeDep ROOT natural-compare@1.4.0 OK for: eslint@9.39.5 want: ^1.4.0
582 silly placeDep ROOT optionator@0.9.4 OK for: eslint@9.39.5 want: ^0.9.3
583 silly fetch manifest eslint-visitor-keys@^3.4.3
584 silly packumentCache full:https://registry.npmjs.org/eslint-visitor-keys cache-miss
585 silly fetch manifest debug@^4.3.1
586 silly packumentCache full:https://registry.npmjs.org/debug cache-miss
587 silly fetch manifest @eslint/object-schema@^2.1.7
588 silly packumentCache full:https://registry.npmjs.org/@eslint%2fobject-schema cache-miss
589 silly fetch manifest @types/json-schema@^7.0.15
590 silly packumentCache full:https://registry.npmjs.org/@types%2fjson-schema cache-miss
591 silly fetch manifest espree@^10.0.1
592 silly packumentCache full:https://registry.npmjs.org/espree cache-miss
593 silly fetch manifest globals@^14.0.0
594 silly packumentCache full:https://registry.npmjs.org/globals cache-miss
595 silly fetch manifest import-fresh@^3.2.1
596 silly packumentCache full:https://registry.npmjs.org/import-fresh cache-miss
597 http cache https://registry.npmjs.org/globals 6ms (cache hit)
598 silly packumentCache full:https://registry.npmjs.org/globals set size:323528 disposed:false
599 silly fetch manifest js-yaml@^4.3.0
600 silly packumentCache full:https://registry.npmjs.org/js-yaml cache-miss
601 http cache https://registry.npmjs.org/espree 13ms (cache hit)
602 silly packumentCache full:https://registry.npmjs.org/espree set size:326080 disposed:false
603 silly fetch manifest strip-json-comments@^3.1.1
604 silly packumentCache full:https://registry.npmjs.org/strip-json-comments cache-miss
605 http cache https://registry.npmjs.org/eslint-visitor-keys 17ms (cache hit)
606 silly packumentCache full:https://registry.npmjs.org/eslint-visitor-keys set size:69949 disposed:false
607 silly fetch manifest levn@^0.4.1
608 silly packumentCache full:https://registry.npmjs.org/levn cache-miss
609 http cache https://registry.npmjs.org/debug 18ms (cache hit)
610 silly packumentCache full:https://registry.npmjs.org/debug set size:195840 disposed:false
611 silly fetch manifest @humanwhocodes/retry@^0.4.0
612 silly packumentCache full:https://registry.npmjs.org/@humanwhocodes%2fretry cache-miss
613 http cache https://registry.npmjs.org/@humanwhocodes%2fretry 2ms (cache hit)
614 silly packumentCache full:https://registry.npmjs.org/@humanwhocodes%2fretry set size:42348 disposed:false
615 silly fetch manifest @humanfs/core@^0.19.2
616 silly packumentCache full:https://registry.npmjs.org/@humanfs%2fcore cache-miss
617 http fetch GET 200 https://registry.npmjs.org/import-fresh 42ms (cache miss)
618 silly packumentCache full:https://registry.npmjs.org/import-fresh set size:undefined disposed:false
619 silly fetch manifest @humanfs/types@^0.15.0
620 silly packumentCache full:https://registry.npmjs.org/@humanfs%2ftypes cache-miss
621 http fetch GET 200 https://registry.npmjs.org/@types%2fjson-schema 48ms (cache miss)
622 silly packumentCache full:https://registry.npmjs.org/@types%2fjson-schema set size:undefined disposed:false
623 silly fetch manifest uri-js@^4.2.2
624 silly packumentCache full:https://registry.npmjs.org/uri-js cache-miss
625 http fetch GET 200 https://registry.npmjs.org/js-yaml 41ms (cache miss)
626 silly packumentCache full:https://registry.npmjs.org/js-yaml set size:undefined disposed:false
627 silly fetch manifest fast-deep-equal@^3.1.1
628 silly packumentCache full:https://registry.npmjs.org/fast-deep-equal cache-miss
629 http cache https://registry.npmjs.org/fast-deep-equal 2ms (cache hit)
630 silly packumentCache full:https://registry.npmjs.org/fast-deep-equal set size:48634 disposed:false
631 silly fetch manifest json-schema-traverse@^0.4.1
632 silly packumentCache full:https://registry.npmjs.org/json-schema-traverse cache-miss
633 http fetch GET 200 https://registry.npmjs.org/json-schema-traverse 27ms (cache miss)
634 silly packumentCache full:https://registry.npmjs.org/json-schema-traverse set size:undefined disposed:false
635 silly fetch manifest fast-json-stable-stringify@^2.0.0
636 silly packumentCache full:https://registry.npmjs.org/fast-json-stable-stringify cache-miss
637 http fetch GET 200 https://registry.npmjs.org/fast-json-stable-stringify 23ms (cache miss)
638 silly packumentCache full:https://registry.npmjs.org/fast-json-stable-stringify set size:undefined disposed:false
639 silly fetch manifest ansi-styles@^4.1.0
640 silly packumentCache full:https://registry.npmjs.org/ansi-styles cache-miss
641 http fetch GET 200 https://registry.npmjs.org/ansi-styles 45ms (cache miss)
642 silly packumentCache full:https://registry.npmjs.org/ansi-styles set size:undefined disposed:false
643 silly fetch manifest supports-color@^7.1.0
644 silly packumentCache full:https://registry.npmjs.org/supports-color cache-miss
645 http fetch GET 200 https://registry.npmjs.org/supports-color 35ms (cache miss)
646 silly packumentCache full:https://registry.npmjs.org/supports-color set size:undefined disposed:false
647 silly fetch manifest which@^2.0.1
648 silly packumentCache full:https://registry.npmjs.org/which cache-miss
649 http fetch GET 200 https://registry.npmjs.org/which 31ms (cache miss)
650 silly packumentCache full:https://registry.npmjs.org/which set size:undefined disposed:false
651 silly fetch manifest path-key@^3.1.0
652 silly packumentCache full:https://registry.npmjs.org/path-key cache-miss
653 http fetch GET 200 https://registry.npmjs.org/path-key 28ms (cache miss)
654 silly packumentCache full:https://registry.npmjs.org/path-key set size:undefined disposed:false
655 silly fetch manifest shebang-command@^2.0.0
656 silly packumentCache full:https://registry.npmjs.org/shebang-command cache-miss
657 http fetch GET 200 https://registry.npmjs.org/@eslint%2fobject-schema 264ms (cache miss)
658 silly packumentCache full:https://registry.npmjs.org/@eslint%2fobject-schema set size:undefined disposed:false
659 silly fetch manifest ms@^2.1.3
660 silly packumentCache full:https://registry.npmjs.org/ms cache-miss
661 http fetch GET 200 https://registry.npmjs.org/shebang-command 32ms (cache miss)
662 silly packumentCache full:https://registry.npmjs.org/shebang-command set size:undefined disposed:false
663 silly fetch manifest esrecurse@^4.3.0
664 silly packumentCache full:https://registry.npmjs.org/esrecurse cache-miss
665 http fetch GET 200 https://registry.npmjs.org/esrecurse 26ms (cache miss)
666 silly packumentCache full:https://registry.npmjs.org/esrecurse set size:undefined disposed:false
667 silly fetch manifest estraverse@^5.2.0
668 silly packumentCache full:https://registry.npmjs.org/estraverse cache-miss
669 http fetch GET 200 https://registry.npmjs.org/levn 319ms (cache miss)
670 silly packumentCache full:https://registry.npmjs.org/levn set size:undefined disposed:false
671 silly fetch manifest acorn@^8.15.0
672 silly packumentCache full:https://registry.npmjs.org/acorn cache-miss
673 http fetch GET 200 https://registry.npmjs.org/strip-json-comments 336ms (cache miss)
674 silly packumentCache full:https://registry.npmjs.org/strip-json-comments set size:undefined disposed:false
675 silly fetch manifest acorn-jsx@^5.3.2
676 silly packumentCache full:https://registry.npmjs.org/acorn-jsx cache-miss
677 http fetch GET 200 https://registry.npmjs.org/uri-js 330ms (cache miss)
678 silly packumentCache full:https://registry.npmjs.org/uri-js set size:undefined disposed:false
679 silly fetch manifest estraverse@^5.1.0
680 silly packumentCache full:https://registry.npmjs.org/estraverse cache-miss
681 http fetch GET 200 https://registry.npmjs.org/acorn 138ms (cache miss)
682 silly packumentCache full:https://registry.npmjs.org/acorn set size:undefined disposed:false
683 silly fetch manifest flat-cache@^4.0.0
684 silly packumentCache full:https://registry.npmjs.org/flat-cache cache-miss
685 http fetch GET 200 https://registry.npmjs.org/flat-cache 46ms (cache miss)
686 silly packumentCache full:https://registry.npmjs.org/flat-cache set size:undefined disposed:false
687 silly fetch manifest locate-path@^6.0.0
688 silly packumentCache full:https://registry.npmjs.org/locate-path cache-miss
689 http fetch GET 200 https://registry.npmjs.org/locate-path 32ms (cache miss)
690 silly packumentCache full:https://registry.npmjs.org/locate-path set size:undefined disposed:false
691 silly fetch manifest path-exists@^4.0.0
692 silly packumentCache full:https://registry.npmjs.org/path-exists cache-miss
693 http fetch GET 200 https://registry.npmjs.org/@humanfs%2fcore 539ms (cache miss)
694 silly packumentCache full:https://registry.npmjs.org/@humanfs%2fcore set size:undefined disposed:false
695 silly fetch manifest is-glob@^4.0.3
696 silly packumentCache full:https://registry.npmjs.org/is-glob cache-miss
697 http cache https://registry.npmjs.org/is-glob 1ms (cache hit)
698 silly packumentCache full:https://registry.npmjs.org/is-glob set size:40530 disposed:false
699 silly fetch manifest is-extglob@^2.1.1
700 silly packumentCache full:https://registry.npmjs.org/is-extglob cache-miss
701 http fetch GET 200 https://registry.npmjs.org/@humanfs%2ftypes 534ms (cache miss)
702 silly packumentCache full:https://registry.npmjs.org/@humanfs%2ftypes set size:undefined disposed:false
703 silly fetch manifest brace-expansion@^1.1.7
704 silly packumentCache full:https://registry.npmjs.org/brace-expansion cache-miss
705 http fetch GET 200 https://registry.npmjs.org/is-extglob 23ms (cache miss)
706 silly packumentCache full:https://registry.npmjs.org/is-extglob set size:undefined disposed:false
707 silly fetch manifest prelude-ls@^1.2.1
708 silly packumentCache full:https://registry.npmjs.org/prelude-ls cache-miss
709 http fetch GET 200 https://registry.npmjs.org/ms 338ms (cache miss)
710 silly packumentCache full:https://registry.npmjs.org/ms set size:undefined disposed:false
711 silly fetch manifest deep-is@^0.1.3
712 silly packumentCache full:https://registry.npmjs.org/deep-is cache-miss
713 http fetch GET 200 https://registry.npmjs.org/brace-expansion 28ms (cache miss)
714 silly packumentCache full:https://registry.npmjs.org/brace-expansion set size:undefined disposed:false
715 silly fetch manifest word-wrap@^1.2.5
716 silly packumentCache full:https://registry.npmjs.org/word-wrap cache-miss
717 http fetch GET 200 https://registry.npmjs.org/deep-is 22ms (cache miss)
718 silly packumentCache full:https://registry.npmjs.org/deep-is set size:undefined disposed:false
719 silly fetch manifest type-check@^0.4.0
720 silly packumentCache full:https://registry.npmjs.org/type-check cache-miss
721 http fetch GET 200 https://registry.npmjs.org/word-wrap 23ms (cache miss)
722 silly packumentCache full:https://registry.npmjs.org/word-wrap set size:undefined disposed:false
723 silly fetch manifest fast-levenshtein@^2.0.6
724 silly packumentCache full:https://registry.npmjs.org/fast-levenshtein cache-miss
725 http fetch GET 200 https://registry.npmjs.org/type-check 63ms (cache miss)
726 silly packumentCache full:https://registry.npmjs.org/type-check set size:undefined disposed:false
727 http fetch GET 200 https://registry.npmjs.org/estraverse 315ms (cache miss)
728 silly packumentCache full:https://registry.npmjs.org/estraverse set size:undefined disposed:false
729 http fetch GET 200 https://registry.npmjs.org/estraverse 387ms (cache miss)
730 silly packumentCache full:https://registry.npmjs.org/estraverse set size:undefined disposed:false
731 http fetch GET 200 https://registry.npmjs.org/acorn-jsx 348ms (cache miss)
732 silly packumentCache full:https://registry.npmjs.org/acorn-jsx set size:undefined disposed:false
733 http fetch GET 200 https://registry.npmjs.org/fast-levenshtein 76ms (cache miss)
734 silly packumentCache full:https://registry.npmjs.org/fast-levenshtein set size:undefined disposed:false
735 http fetch GET 200 https://registry.npmjs.org/path-exists 307ms (cache miss)
736 silly packumentCache full:https://registry.npmjs.org/path-exists set size:undefined disposed:false
737 http fetch GET 200 https://registry.npmjs.org/prelude-ls 331ms (cache miss)
738 silly packumentCache full:https://registry.npmjs.org/prelude-ls set size:undefined disposed:false
739 silly placeDep node_modules/@eslint-community/eslint-utils eslint-visitor-keys@3.4.3 OK for: @eslint-community/eslint-utils@4.10.1 want: ^3.4.3
740 silly placeDep ROOT @eslint/object-schema@2.1.7 OK for: @eslint/config-array@0.21.2 want: ^2.1.7
741 silly placeDep ROOT @types/json-schema@7.0.15 OK for: @eslint/core@0.17.0 want: ^7.0.15
742 silly placeDep ROOT globals@14.0.0 OK for: @eslint/eslintrc@3.3.6 want: ^14.0.0
743 silly placeDep ROOT import-fresh@3.3.1 OK for: @eslint/eslintrc@3.3.6 want: ^3.2.1
744 silly placeDep ROOT js-yaml@4.3.1 OK for: @eslint/eslintrc@3.3.6 want: ^4.3.0
745 silly placeDep ROOT strip-json-comments@3.1.1 OK for: @eslint/eslintrc@3.3.6 want: ^3.1.1
746 silly fetch manifest resolve-from@^4.0.0
747 silly packumentCache full:https://registry.npmjs.org/resolve-from cache-miss
748 silly fetch manifest parent-module@^1.0.0
749 silly packumentCache full:https://registry.npmjs.org/parent-module cache-miss
750 silly fetch manifest argparse@^2.0.1
751 silly packumentCache full:https://registry.npmjs.org/argparse cache-miss
752 http fetch GET 200 https://registry.npmjs.org/resolve-from 25ms (cache miss)
753 silly packumentCache full:https://registry.npmjs.org/resolve-from set size:undefined disposed:false
754 http fetch GET 200 https://registry.npmjs.org/argparse 28ms (cache miss)
755 silly packumentCache full:https://registry.npmjs.org/argparse set size:undefined disposed:false
756 http fetch GET 200 https://registry.npmjs.org/parent-module 313ms (cache miss)
757 silly packumentCache full:https://registry.npmjs.org/parent-module set size:undefined disposed:false
758 silly placeDep ROOT levn@0.4.1 OK for: @eslint/plugin-kit@0.4.1 want: ^0.4.1
759 silly fetch manifest type-check@~0.4.0
760 silly packumentCache full:https://registry.npmjs.org/type-check cache-miss
761 http cache https://registry.npmjs.org/type-check 2ms (cache hit)
762 silly packumentCache full:https://registry.npmjs.org/type-check set size:21221 disposed:false
763 silly placeDep ROOT @humanfs/core@0.19.2 OK for: @humanfs/node@0.16.8 want: ^0.19.2
764 silly placeDep ROOT @humanfs/types@0.15.0 OK for: @humanfs/node@0.16.8 want: ^0.15.0
765 silly placeDep ROOT fast-json-stable-stringify@2.1.0 OK for: ajv@6.15.0 want: ^2.0.0
766 silly placeDep ROOT json-schema-traverse@0.4.1 OK for: ajv@6.15.0 want: ^0.4.1
767 silly placeDep ROOT uri-js@4.4.1 OK for: ajv@6.15.0 want: ^4.2.2
768 silly fetch manifest punycode@^2.1.0
769 silly packumentCache full:https://registry.npmjs.org/punycode cache-miss
770 http fetch GET 200 https://registry.npmjs.org/punycode 55ms (cache miss)
771 silly packumentCache full:https://registry.npmjs.org/punycode set size:undefined disposed:false
772 silly placeDep ROOT ansi-styles@4.3.0 OK for: chalk@4.1.2 want: ^4.1.0
773 silly placeDep ROOT supports-color@7.2.0 OK for: chalk@4.1.2 want: ^7.1.0
774 silly fetch manifest color-convert@^2.0.1
775 silly packumentCache full:https://registry.npmjs.org/color-convert cache-miss
776 silly fetch manifest has-flag@^4.0.0
777 silly packumentCache full:https://registry.npmjs.org/has-flag cache-miss
778 http fetch GET 200 https://registry.npmjs.org/color-convert 43ms (cache miss)
779 silly packumentCache full:https://registry.npmjs.org/color-convert set size:undefined disposed:false
780 http fetch GET 200 https://registry.npmjs.org/has-flag 93ms (cache miss)
781 silly packumentCache full:https://registry.npmjs.org/has-flag set size:undefined disposed:false
782 silly placeDep ROOT color-convert@2.0.1 OK for: ansi-styles@4.3.0 want: ^2.0.1
783 silly fetch manifest color-name@~1.1.4
784 silly packumentCache full:https://registry.npmjs.org/color-name cache-miss
785 http fetch GET 200 https://registry.npmjs.org/color-name 398ms (cache miss)
786 silly packumentCache full:https://registry.npmjs.org/color-name set size:undefined disposed:false
787 silly placeDep ROOT color-name@1.1.4 OK for: color-convert@2.0.1 want: ~1.1.4
788 silly placeDep ROOT path-key@3.1.1 OK for: cross-spawn@7.0.6 want: ^3.1.0
789 silly placeDep ROOT shebang-command@2.0.0 OK for: cross-spawn@7.0.6 want: ^2.0.0
790 silly placeDep ROOT which@2.0.2 OK for: cross-spawn@7.0.6 want: ^2.0.1
791 silly fetch manifest shebang-regex@^3.0.0
792 silly packumentCache full:https://registry.npmjs.org/shebang-regex cache-miss
793 silly fetch manifest isexe@^2.0.0
794 silly packumentCache full:https://registry.npmjs.org/isexe cache-miss
795 http fetch GET 200 https://registry.npmjs.org/shebang-regex 49ms (cache miss)
796 silly packumentCache full:https://registry.npmjs.org/shebang-regex set size:undefined disposed:false
797 http fetch GET 200 https://registry.npmjs.org/isexe 48ms (cache miss)
798 silly packumentCache full:https://registry.npmjs.org/isexe set size:undefined disposed:false
799 silly placeDep ROOT ms@2.1.3 OK for: debug@4.4.3 want: ^2.1.3
800 silly fetch manifest eslint@>=9.0.0
801 silly packumentCache full:https://registry.npmjs.org/eslint cache-miss
802 http cache https://registry.npmjs.org/eslint 5ms (cache hit)
803 silly packumentCache full:https://registry.npmjs.org/eslint set size:2040662 disposed:false
804 silly fetch manifest typescript@>=3.3.1
805 silly packumentCache full:https://registry.npmjs.org/typescript cache-miss
806 http cache https://registry.npmjs.org/typescript 23ms (cache hit)
807 silly packumentCache full:https://registry.npmjs.org/typescript set size:15497205 disposed:false
808 silly fetch manifest typescript@>=4.8.4 <6.1.0
809 silly packumentCache full:https://registry.npmjs.org/typescript cache-miss
810 http cache https://registry.npmjs.org/typescript 18ms (cache hit)
811 silly packumentCache full:https://registry.npmjs.org/typescript set size:15497205 disposed:false
812 silly fetch manifest eslint@^3 || ^4 || ^5 || ^6 || ^7 || ^8 || ^9.7
813 silly packumentCache full:https://registry.npmjs.org/eslint cache-miss
814 http cache https://registry.npmjs.org/eslint 8ms (cache hit)
815 silly packumentCache full:https://registry.npmjs.org/eslint set size:2040662 disposed:false
816 silly fetch manifest eslint@^2 || ^3 || ^4 || ^5 || ^6 || ^7.2.0 || ^8 || ^9
817 silly packumentCache full:https://registry.npmjs.org/eslint cache-miss
818 http cache https://registry.npmjs.org/eslint 3ms (cache hit)
819 silly packumentCache full:https://registry.npmjs.org/eslint set size:2040662 disposed:false
820 silly fetch manifest eslint@^3 || ^4 || ^5 || ^6 || ^7 || ^8 || ^9
821 silly packumentCache full:https://registry.npmjs.org/eslint cache-miss
822 http cache https://registry.npmjs.org/eslint 4ms (cache hit)
823 silly packumentCache full:https://registry.npmjs.org/eslint set size:2040662 disposed:false
824 silly fetch manifest eslint-plugin-import-x@*
825 silly packumentCache full:https://registry.npmjs.org/eslint-plugin-import-x cache-miss
826 http fetch GET 200 https://registry.npmjs.org/eslint-plugin-import-x 318ms (cache miss)
827 silly packumentCache full:https://registry.npmjs.org/eslint-plugin-import-x set size:undefined disposed:false
828 silly fetch manifest @typescript-eslint/utils@^8.56.0
829 silly packumentCache full:https://registry.npmjs.org/@typescript-eslint%2futils cache-miss
830 http fetch GET 200 https://registry.npmjs.org/@typescript-eslint%2futils 3022ms (cache miss)
831 silly packumentCache full:https://registry.npmjs.org/@typescript-eslint%2futils set size:undefined disposed:false
832 silly placeDep ROOT @next/eslint-plugin-next@16.2.12 OK for: eslint-config-next@16.2.12 want: 16.2.12
833 silly placeDep ROOT eslint-import-resolver-node@0.3.10 OK for: eslint-config-next@16.2.12 want: ^0.3.6
834 silly placeDep ROOT eslint-import-resolver-typescript@3.10.1 OK for: eslint-config-next@16.2.12 want: ^3.5.2
835 silly placeDep ROOT eslint-plugin-import@2.32.0 OK for: eslint-config-next@16.2.12 want: ^2.32.0
836 silly placeDep ROOT eslint-plugin-jsx-a11y@6.10.2 OK for: eslint-config-next@16.2.12 want: ^6.10.0
837 silly placeDep ROOT eslint-plugin-react@7.37.5 OK for: eslint-config-next@16.2.12 want: ^7.37.0
838 silly placeDep ROOT eslint-plugin-react-hooks@7.1.1 OK for: eslint-config-next@16.2.12 want: ^7.0.0
839 silly placeDep node_modules/eslint-config-next globals@16.4.0 OK for: eslint-config-next@16.2.12 want: 16.4.0
840 silly placeDep ROOT typescript-eslint@8.65.0 OK for: eslint-config-next@16.2.12 want: ^8.46.0
841 silly fetch manifest fast-glob@3.3.1
842 silly packumentCache full:https://registry.npmjs.org/fast-glob cache-miss
843 silly fetch manifest debug@^3.2.7
844 silly packumentCache full:https://registry.npmjs.org/debug cache-hit
845 silly fetch manifest resolve@^2.0.0-next.6
846 silly packumentCache full:https://registry.npmjs.org/resolve cache-miss
847 silly fetch manifest is-core-module@^2.16.1
848 silly packumentCache full:https://registry.npmjs.org/is-core-module cache-miss
849 silly fetch manifest tinyglobby@^0.2.13
850 silly packumentCache full:https://registry.npmjs.org/tinyglobby cache-miss
851 silly fetch manifest stable-hash@^0.0.5
852 silly packumentCache full:https://registry.npmjs.org/stable-hash cache-miss
853 silly fetch manifest get-tsconfig@^4.10.0
854 silly packumentCache full:https://registry.npmjs.org/get-tsconfig cache-miss
855 silly fetch manifest is-bun-module@^2.0.0
856 silly packumentCache full:https://registry.npmjs.org/is-bun-module cache-miss
857 http fetch GET 200 https://registry.npmjs.org/tinyglobby 50ms (cache miss)
858 silly packumentCache full:https://registry.npmjs.org/tinyglobby set size:undefined disposed:false
859 silly fetch manifest unrs-resolver@^1.6.2
860 silly packumentCache full:https://registry.npmjs.org/unrs-resolver cache-miss
861 http fetch GET 200 https://registry.npmjs.org/stable-hash 323ms (cache miss)
862 silly packumentCache full:https://registry.npmjs.org/stable-hash set size:undefined disposed:false
863 silly fetch manifest @nolyfill/is-core-module@1.0.39
864 silly packumentCache full:https://registry.npmjs.org/@nolyfill%2fis-core-module cache-miss
865 http fetch GET 200 https://registry.npmjs.org/is-core-module 327ms (cache miss)
866 silly packumentCache full:https://registry.npmjs.org/is-core-module set size:undefined disposed:false
867 silly fetch manifest @rtsao/scc@^1.1.0
868 silly packumentCache full:https://registry.npmjs.org/@rtsao%2fscc cache-miss
869 http fetch GET 200 https://registry.npmjs.org/get-tsconfig 365ms (cache miss)
870 silly packumentCache full:https://registry.npmjs.org/get-tsconfig set size:undefined disposed:false
871 silly fetch manifest array-includes@^3.1.9
872 silly packumentCache full:https://registry.npmjs.org/array-includes cache-miss
873 http fetch GET 200 https://registry.npmjs.org/fast-glob 367ms (cache miss)
874 silly packumentCache full:https://registry.npmjs.org/fast-glob set size:undefined disposed:false
875 silly fetch manifest array.prototype.findlastindex@^1.2.6
876 silly packumentCache full:https://registry.npmjs.org/array.prototype.findlastindex cache-miss
877 http fetch GET 200 https://registry.npmjs.org/is-bun-module 369ms (cache miss)
878 silly packumentCache full:https://registry.npmjs.org/is-bun-module set size:undefined disposed:false
879 silly fetch manifest array.prototype.flat@^1.3.3
880 silly packumentCache full:https://registry.npmjs.org/array.prototype.flat cache-miss
881 http fetch GET 200 https://registry.npmjs.org/resolve 422ms (cache miss)
882 silly packumentCache full:https://registry.npmjs.org/resolve set size:undefined disposed:false
883 silly fetch manifest array.prototype.flatmap@^1.3.3
884 silly packumentCache full:https://registry.npmjs.org/array.prototype.flatmap cache-miss
885 http fetch GET 200 https://registry.npmjs.org/unrs-resolver 376ms (cache miss)
886 silly packumentCache full:https://registry.npmjs.org/unrs-resolver set size:undefined disposed:false
887 silly fetch manifest doctrine@^2.1.0
888 silly packumentCache full:https://registry.npmjs.org/doctrine cache-miss
889 http fetch GET 200 https://registry.npmjs.org/array.prototype.findlastindex 486ms (cache miss)
890 silly packumentCache full:https://registry.npmjs.org/array.prototype.findlastindex set size:undefined disposed:false
891 silly fetch manifest eslint-module-utils@^2.12.1
892 silly packumentCache full:https://registry.npmjs.org/eslint-module-utils cache-miss
893 http fetch GET 200 https://registry.npmjs.org/array-includes 489ms (cache miss)
894 silly packumentCache full:https://registry.npmjs.org/array-includes set size:undefined disposed:false
895 silly fetch manifest hasown@^2.0.2
896 silly packumentCache full:https://registry.npmjs.org/hasown cache-miss
897 http fetch GET 200 https://registry.npmjs.org/array.prototype.flatmap 434ms (cache miss)
898 silly packumentCache full:https://registry.npmjs.org/array.prototype.flatmap set size:undefined disposed:false
899 silly fetch manifest object.fromentries@^2.0.8
900 silly packumentCache full:https://registry.npmjs.org/object.fromentries cache-miss
901 http fetch GET 200 https://registry.npmjs.org/hasown 320ms (cache miss)
902 silly packumentCache full:https://registry.npmjs.org/hasown set size:undefined disposed:false
903 silly fetch manifest object.groupby@^1.0.3
904 silly packumentCache full:https://registry.npmjs.org/object.groupby cache-miss
905 http fetch GET 200 https://registry.npmjs.org/eslint-module-utils 323ms (cache miss)
906 silly packumentCache full:https://registry.npmjs.org/eslint-module-utils set size:undefined disposed:false
907 silly fetch manifest object.values@^1.2.1
908 silly packumentCache full:https://registry.npmjs.org/object.values cache-miss
909 http fetch GET 200 https://registry.npmjs.org/object.fromentries 322ms (cache miss)
910 silly packumentCache full:https://registry.npmjs.org/object.fromentries set size:undefined disposed:false
911 silly fetch manifest semver@^6.3.1
912 silly packumentCache full:https://registry.npmjs.org/semver cache-miss
913 http fetch GET 200 https://registry.npmjs.org/@rtsao%2fscc 901ms (cache miss)
914 silly packumentCache full:https://registry.npmjs.org/@rtsao%2fscc set size:undefined disposed:false
915 silly fetch manifest string.prototype.trimend@^1.0.9
916 silly packumentCache full:https://registry.npmjs.org/string.prototype.trimend cache-miss
917 http fetch GET 200 https://registry.npmjs.org/semver 88ms (cache miss)
918 silly packumentCache full:https://registry.npmjs.org/semver set size:undefined disposed:false
919 silly fetch manifest tsconfig-paths@^3.15.0
920 silly packumentCache full:https://registry.npmjs.org/tsconfig-paths cache-miss
921 http fetch GET 200 https://registry.npmjs.org/@nolyfill%2fis-core-module 988ms (cache miss)
922 silly packumentCache full:https://registry.npmjs.org/@nolyfill%2fis-core-module set size:undefined disposed:false
923 silly fetch manifest aria-query@^5.3.2
924 silly packumentCache full:https://registry.npmjs.org/aria-query cache-miss
925 http fetch GET 200 https://registry.npmjs.org/object.groupby 362ms (cache miss)
926 silly packumentCache full:https://registry.npmjs.org/object.groupby set size:undefined disposed:false
927 silly fetch manifest array-includes@^3.1.8
928 silly packumentCache full:https://registry.npmjs.org/array-includes cache-miss
929 http cache https://registry.npmjs.org/array-includes 3ms (cache hit)
930 silly packumentCache full:https://registry.npmjs.org/array-includes set size:77143 disposed:false
931 silly fetch manifest array.prototype.flatmap@^1.3.2
932 silly packumentCache full:https://registry.npmjs.org/array.prototype.flatmap cache-miss
933 http cache https://registry.npmjs.org/array.prototype.flatmap 2ms (cache hit)
934 silly packumentCache full:https://registry.npmjs.org/array.prototype.flatmap set size:51458 disposed:false
935 silly fetch manifest ast-types-flow@^0.0.8
936 silly packumentCache full:https://registry.npmjs.org/ast-types-flow cache-miss
937 http fetch GET 200 https://registry.npmjs.org/string.prototype.trimend 339ms (cache miss)
938 silly packumentCache full:https://registry.npmjs.org/string.prototype.trimend set size:undefined disposed:false
939 silly fetch manifest axe-core@^4.10.0
940 silly packumentCache full:https://registry.npmjs.org/axe-core cache-miss
941 http fetch GET 200 https://registry.npmjs.org/object.values 423ms (cache miss)
942 silly packumentCache full:https://registry.npmjs.org/object.values set size:undefined disposed:false
943 silly fetch manifest axobject-query@^4.1.0
944 silly packumentCache full:https://registry.npmjs.org/axobject-query cache-miss
945 http fetch GET 200 https://registry.npmjs.org/array.prototype.flat 1267ms (cache miss)
946 silly packumentCache full:https://registry.npmjs.org/array.prototype.flat set size:undefined disposed:false
947 silly fetch manifest damerau-levenshtein@^1.0.8
948 silly packumentCache full:https://registry.npmjs.org/damerau-levenshtein cache-miss
949 http fetch GET 200 https://registry.npmjs.org/tsconfig-paths 390ms (cache miss)
950 silly packumentCache full:https://registry.npmjs.org/tsconfig-paths set size:undefined disposed:false
951 silly fetch manifest emoji-regex@^9.2.2
952 silly packumentCache full:https://registry.npmjs.org/emoji-regex cache-miss
953 http fetch GET 200 https://registry.npmjs.org/aria-query 355ms (cache miss)
954 silly packumentCache full:https://registry.npmjs.org/aria-query set size:undefined disposed:false
955 silly fetch manifest jsx-ast-utils@^3.3.5
956 silly packumentCache full:https://registry.npmjs.org/jsx-ast-utils cache-miss
957 http fetch GET 200 https://registry.npmjs.org/ast-types-flow 330ms (cache miss)
958 silly packumentCache full:https://registry.npmjs.org/ast-types-flow set size:undefined disposed:false
959 silly fetch manifest language-tags@^1.0.9
960 silly packumentCache full:https://registry.npmjs.org/language-tags cache-miss
961 http fetch GET 200 https://registry.npmjs.org/doctrine 1454ms (cache miss)
962 silly packumentCache full:https://registry.npmjs.org/doctrine set size:undefined disposed:false
963 silly fetch manifest safe-regex-test@^1.0.3
964 silly packumentCache full:https://registry.npmjs.org/safe-regex-test cache-miss
965 http fetch GET 200 https://registry.npmjs.org/axobject-query 324ms (cache miss)
966 silly packumentCache full:https://registry.npmjs.org/axobject-query set size:undefined disposed:false
967 silly fetch manifest string.prototype.includes@^2.0.1
968 silly packumentCache full:https://registry.npmjs.org/string.prototype.includes cache-miss
969 http fetch GET 200 https://registry.npmjs.org/jsx-ast-utils 393ms (cache miss)
970 silly packumentCache full:https://registry.npmjs.org/jsx-ast-utils set size:undefined disposed:false
971 silly fetch manifest array.prototype.findlast@^1.2.5
972 silly packumentCache full:https://registry.npmjs.org/array.prototype.findlast cache-miss
973 http fetch GET 200 https://registry.npmjs.org/emoji-regex 400ms (cache miss)
974 silly packumentCache full:https://registry.npmjs.org/emoji-regex set size:undefined disposed:false
975 silly fetch manifest array.prototype.tosorted@^1.1.4
976 silly packumentCache full:https://registry.npmjs.org/array.prototype.tosorted cache-miss
977 http fetch GET 200 https://registry.npmjs.org/damerau-levenshtein 461ms (cache miss)
978 silly packumentCache full:https://registry.npmjs.org/damerau-levenshtein set size:undefined disposed:false
979 silly fetch manifest es-iterator-helpers@^1.2.1
980 silly packumentCache full:https://registry.npmjs.org/es-iterator-helpers cache-miss
981 http fetch GET 200 https://registry.npmjs.org/language-tags 308ms (cache miss)
982 silly packumentCache full:https://registry.npmjs.org/language-tags set size:undefined disposed:false
983 silly fetch manifest estraverse@^5.3.0
984 silly packumentCache full:https://registry.npmjs.org/estraverse cache-miss
985 http cache https://registry.npmjs.org/estraverse 2ms (cache hit)
986 silly packumentCache full:https://registry.npmjs.org/estraverse set size:62412 disposed:false
987 silly fetch manifest jsx-ast-utils@^2.4.1 || ^3.0.0
988 silly packumentCache full:https://registry.npmjs.org/jsx-ast-utils cache-miss
989 http cache https://registry.npmjs.org/jsx-ast-utils 2ms (cache hit)
990 silly packumentCache full:https://registry.npmjs.org/jsx-ast-utils set size:115998 disposed:false
991 silly fetch manifest object.entries@^1.1.9
992 silly packumentCache full:https://registry.npmjs.org/object.entries cache-miss
993 http fetch GET 200 https://registry.npmjs.org/string.prototype.includes 351ms (cache miss)
994 silly packumentCache full:https://registry.npmjs.org/string.prototype.includes set size:undefined disposed:false
995 silly fetch manifest prop-types@^15.8.1
996 silly packumentCache full:https://registry.npmjs.org/prop-types cache-miss
997 http fetch GET 200 https://registry.npmjs.org/safe-regex-test 477ms (cache miss)
998 silly packumentCache full:https://registry.npmjs.org/safe-regex-test set size:undefined disposed:false
999 silly fetch manifest resolve@^2.0.0-next.5
1000 silly packumentCache full:https://registry.npmjs.org/resolve cache-miss
1001 http cache https://registry.npmjs.org/resolve 2ms (cache hit)
1002 silly packumentCache full:https://registry.npmjs.org/resolve set size:244568 disposed:false
1003 silly fetch manifest string.prototype.matchall@^4.0.12
1004 silly packumentCache full:https://registry.npmjs.org/string.prototype.matchall cache-miss
1005 http fetch GET 200 https://registry.npmjs.org/array.prototype.findlast 313ms (cache miss)
1006 silly packumentCache full:https://registry.npmjs.org/array.prototype.findlast set size:undefined disposed:false
1007 silly fetch manifest string.prototype.repeat@^1.0.0
1008 silly packumentCache full:https://registry.npmjs.org/string.prototype.repeat cache-miss
1009 http fetch GET 200 https://registry.npmjs.org/array.prototype.tosorted 321ms (cache miss)
1010 silly packumentCache full:https://registry.npmjs.org/array.prototype.tosorted set size:undefined disposed:false
1011 silly fetch manifest zod@^3.25.0 || ^4.0.0
1012 silly packumentCache full:https://registry.npmjs.org/zod cache-miss
1013 http fetch GET 200 https://registry.npmjs.org/axe-core 939ms (cache miss)
1014 silly packumentCache full:https://registry.npmjs.org/axe-core set size:undefined disposed:false
1015 silly fetch manifest @babel/core@^7.24.4
1016 silly packumentCache full:https://registry.npmjs.org/@babel%2fcore cache-miss
1017 http fetch GET 200 https://registry.npmjs.org/object.entries 352ms (cache miss)
1018 silly packumentCache full:https://registry.npmjs.org/object.entries set size:undefined disposed:false
1019 silly fetch manifest @babel/parser@^7.24.4
1020 silly packumentCache full:https://registry.npmjs.org/@babel%2fparser cache-miss
1021 http fetch GET 200 https://registry.npmjs.org/es-iterator-helpers 450ms (cache miss)
1022 silly packumentCache full:https://registry.npmjs.org/es-iterator-helpers set size:undefined disposed:false
1023 silly fetch manifest hermes-parser@^0.25.1
1024 silly packumentCache full:https://registry.npmjs.org/hermes-parser cache-miss
1025 http fetch GET 200 https://registry.npmjs.org/prop-types 327ms (cache miss)
1026 silly packumentCache full:https://registry.npmjs.org/prop-types set size:undefined disposed:false
1027 silly fetch manifest zod-validation-error@^3.5.0 || ^4.0.0
1028 silly packumentCache full:https://registry.npmjs.org/zod-validation-error cache-miss
1029 http fetch GET 200 https://registry.npmjs.org/string.prototype.repeat 335ms (cache miss)
1030 silly packumentCache full:https://registry.npmjs.org/string.prototype.repeat set size:undefined disposed:false
1031 silly fetch manifest @typescript-eslint/utils@8.65.0
1032 silly packumentCache full:https://registry.npmjs.org/@typescript-eslint%2futils cache-miss
1033 http cache https://registry.npmjs.org/@typescript-eslint%2futils 14ms (cache hit)
1034 silly packumentCache full:https://registry.npmjs.org/@typescript-eslint%2futils set size:10602878 disposed:false
1035 silly fetch manifest @typescript-eslint/parser@8.65.0
1036 silly packumentCache full:https://registry.npmjs.org/@typescript-eslint%2fparser cache-miss
1037 http fetch GET 200 https://registry.npmjs.org/zod 380ms (cache miss)
1038 silly packumentCache full:https://registry.npmjs.org/zod set size:undefined disposed:false
1039 silly fetch manifest @typescript-eslint/eslint-plugin@8.65.0
1040 silly packumentCache full:https://registry.npmjs.org/@typescript-eslint%2feslint-plugin cache-miss
1041 http fetch GET 200 https://registry.npmjs.org/hermes-parser 311ms (cache miss)
1042 silly packumentCache full:https://registry.npmjs.org/hermes-parser set size:undefined disposed:false
1043 silly fetch manifest @typescript-eslint/typescript-estree@8.65.0
1044 silly packumentCache full:https://registry.npmjs.org/@typescript-eslint%2ftypescript-estree cache-miss
1045 http fetch GET 200 https://registry.npmjs.org/zod-validation-error 320ms (cache miss)
1046 silly packumentCache full:https://registry.npmjs.org/zod-validation-error set size:undefined disposed:false
1047 http fetch GET 200 https://registry.npmjs.org/string.prototype.matchall 610ms (cache miss)
1048 silly packumentCache full:https://registry.npmjs.org/string.prototype.matchall set size:undefined disposed:false
1049 http fetch GET 200 https://registry.npmjs.org/@babel%2fcore 699ms (cache miss)
1050 silly packumentCache full:https://registry.npmjs.org/@babel%2fcore set size:undefined disposed:false
1051 http fetch GET 200 https://registry.npmjs.org/@babel%2fparser 1892ms (cache miss)
1052 silly packumentCache full:https://registry.npmjs.org/@babel%2fparser set size:undefined disposed:false
1053 http fetch GET 200 https://registry.npmjs.org/@typescript-eslint%2feslint-plugin 2546ms (cache miss)
1054 silly packumentCache full:https://registry.npmjs.org/@typescript-eslint%2feslint-plugin set size:undefined disposed:false
1055 http fetch GET 200 https://registry.npmjs.org/@typescript-eslint%2fparser 3009ms (cache miss)
1056 silly packumentCache full:https://registry.npmjs.org/@typescript-eslint%2fparser set size:undefined disposed:false
1057 http fetch GET 200 https://registry.npmjs.org/@typescript-eslint%2ftypescript-estree 3471ms (cache miss)
1058 silly packumentCache full:https://registry.npmjs.org/@typescript-eslint%2ftypescript-estree set size:undefined disposed:false
1059 silly placeDep ROOT fast-glob@3.3.1 OK for: @next/eslint-plugin-next@16.2.12 want: 3.3.1
1060 silly fetch manifest merge2@^1.3.0
1061 silly packumentCache full:https://registry.npmjs.org/merge2 cache-miss
1062 silly fetch manifest micromatch@^4.0.4
1063 silly packumentCache full:https://registry.npmjs.org/micromatch cache-miss
1064 silly fetch manifest glob-parent@^5.1.2
1065 silly packumentCache full:https://registry.npmjs.org/glob-parent cache-miss
1066 silly fetch manifest @nodelib/fs.stat@^2.0.2
1067 silly packumentCache full:https://registry.npmjs.org/@nodelib%2ffs.stat cache-miss
1068 silly fetch manifest @nodelib/fs.walk@^1.2.3
1069 silly packumentCache full:https://registry.npmjs.org/@nodelib%2ffs.walk cache-miss
1070 http cache https://registry.npmjs.org/glob-parent 9ms (cache hit)
1071 silly packumentCache full:https://registry.npmjs.org/glob-parent set size:42445 disposed:false
1072 http fetch GET 200 https://registry.npmjs.org/merge2 404ms (cache miss)
1073 silly packumentCache full:https://registry.npmjs.org/merge2 set size:undefined disposed:false
1074 http fetch GET 200 https://registry.npmjs.org/@nodelib%2ffs.stat 884ms (cache miss)
1075 silly packumentCache full:https://registry.npmjs.org/@nodelib%2ffs.stat set size:undefined disposed:false
1076 http fetch GET 200 https://registry.npmjs.org/micromatch 934ms (cache miss)
1077 silly packumentCache full:https://registry.npmjs.org/micromatch set size:undefined disposed:false
1078 http fetch GET 200 https://registry.npmjs.org/@nodelib%2ffs.walk 951ms (cache miss)
1079 silly packumentCache full:https://registry.npmjs.org/@nodelib%2ffs.walk set size:undefined disposed:false
1080 silly placeDep node_modules/eslint-import-resolver-node debug@3.2.7 OK for: eslint-import-resolver-node@0.3.10 want: ^3.2.7
1081 silly placeDep ROOT is-core-module@2.16.2 OK for: eslint-import-resolver-node@0.3.10 want: ^2.16.1
1082 silly placeDep ROOT resolve@2.0.0-next.7 OK for: eslint-import-resolver-node@0.3.10 want: ^2.0.0-next.6
1083 silly fetch manifest hasown@^2.0.3
1084 silly packumentCache full:https://registry.npmjs.org/hasown cache-miss
1085 silly fetch manifest es-errors@^1.3.0
1086 silly packumentCache full:https://registry.npmjs.org/es-errors cache-miss
1087 silly fetch manifest node-exports-info@^1.6.0
1088 silly packumentCache full:https://registry.npmjs.org/node-exports-info cache-miss
1089 silly fetch manifest object-keys@^1.1.1
1090 silly packumentCache full:https://registry.npmjs.org/object-keys cache-miss
1091 silly fetch manifest path-parse@^1.0.7
1092 silly packumentCache full:https://registry.npmjs.org/path-parse cache-miss
1093 silly fetch manifest supports-preserve-symlinks-flag@^1.0.0
1094 silly packumentCache full:https://registry.npmjs.org/supports-preserve-symlinks-flag cache-miss
1095 http cache https://registry.npmjs.org/hasown 9ms (cache hit)
1096 silly packumentCache full:https://registry.npmjs.org/hasown set size:18361 disposed:false
1097 http fetch GET 200 https://registry.npmjs.org/path-parse 401ms (cache miss)
1098 silly packumentCache full:https://registry.npmjs.org/path-parse set size:undefined disposed:false
1099 http fetch GET 200 https://registry.npmjs.org/node-exports-info 405ms (cache miss)
1100 silly packumentCache full:https://registry.npmjs.org/node-exports-info set size:undefined disposed:false
1101 http fetch GET 200 https://registry.npmjs.org/es-errors 407ms (cache miss)
1102 silly packumentCache full:https://registry.npmjs.org/es-errors set size:undefined disposed:false
1103 http fetch GET 200 https://registry.npmjs.org/supports-preserve-symlinks-flag 404ms (cache miss)
1104 silly packumentCache full:https://registry.npmjs.org/supports-preserve-symlinks-flag set size:undefined disposed:false
1105 http fetch GET 200 https://registry.npmjs.org/object-keys 416ms (cache miss)
1106 silly packumentCache full:https://registry.npmjs.org/object-keys set size:undefined disposed:false
1107 silly placeDep ROOT @nolyfill/is-core-module@1.0.39 OK for: eslint-import-resolver-typescript@3.10.1 want: 1.0.39
1108 silly placeDep ROOT get-tsconfig@4.14.0 OK for: eslint-import-resolver-typescript@3.10.1 want: ^4.10.0
1109 silly placeDep ROOT is-bun-module@2.0.0 OK for: eslint-import-resolver-typescript@3.10.1 want: ^2.0.0
1110 silly placeDep ROOT stable-hash@0.0.5 OK for: eslint-import-resolver-typescript@3.10.1 want: ^0.0.5
1111 silly placeDep ROOT tinyglobby@0.2.17 OK for: eslint-import-resolver-typescript@3.10.1 want: ^0.2.13
1112 silly placeDep ROOT unrs-resolver@1.12.2 OK for: eslint-import-resolver-typescript@3.10.1 want: ^1.6.2
1113 silly fetch manifest resolve-pkg-maps@^1.0.0
1114 silly packumentCache full:https://registry.npmjs.org/resolve-pkg-maps cache-miss
1115 silly fetch manifest semver@^7.7.1
1116 silly packumentCache full:https://registry.npmjs.org/semver cache-miss
1117 silly fetch manifest fdir@^6.5.0
1118 silly packumentCache full:https://registry.npmjs.org/fdir cache-miss
1119 silly fetch manifest picomatch@^4.0.4
1120 silly packumentCache full:https://registry.npmjs.org/picomatch cache-miss
1121 silly fetch manifest napi-postinstall@^0.3.4
1122 silly packumentCache full:https://registry.npmjs.org/napi-postinstall cache-miss
1123 silly fetch manifest @unrs/resolver-binding-darwin-arm64@1.12.2
1124 silly packumentCache full:https://registry.npmjs.org/@unrs%2fresolver-binding-darwin-arm64 cache-miss
1125 silly fetch manifest @unrs/resolver-binding-android-arm64@1.12.2
1126 silly packumentCache full:https://registry.npmjs.org/@unrs%2fresolver-binding-android-arm64 cache-miss
1127 http cache https://registry.npmjs.org/semver 6ms (cache hit)
1128 silly packumentCache full:https://registry.npmjs.org/semver set size:246069 disposed:false
1129 silly fetch manifest @unrs/resolver-binding-win32-arm64-msvc@1.12.2
1130 silly packumentCache full:https://registry.npmjs.org/@unrs%2fresolver-binding-win32-arm64-msvc cache-miss
1131 http fetch GET 200 https://registry.npmjs.org/picomatch 63ms (cache miss)
1132 silly packumentCache full:https://registry.npmjs.org/picomatch set size:undefined disposed:false
1133 silly fetch manifest @unrs/resolver-binding-linux-arm64-gnu@1.12.2
1134 silly packumentCache full:https://registry.npmjs.org/@unrs%2fresolver-binding-linux-arm64-gnu cache-miss
1135 http fetch GET 200 https://registry.npmjs.org/resolve-pkg-maps 328ms (cache miss)
1136 silly packumentCache full:https://registry.npmjs.org/resolve-pkg-maps set size:undefined disposed:false
1137 silly fetch manifest @unrs/resolver-binding-linux-arm64-musl@1.12.2
1138 silly packumentCache full:https://registry.npmjs.org/@unrs%2fresolver-binding-linux-arm64-musl cache-miss
1139 http fetch GET 200 https://registry.npmjs.org/napi-postinstall 328ms (cache miss)
1140 silly packumentCache full:https://registry.npmjs.org/napi-postinstall set size:undefined disposed:false
1141 silly fetch manifest @unrs/resolver-binding-openharmony-arm64@1.12.2
1142 silly packumentCache full:https://registry.npmjs.org/@unrs%2fresolver-binding-openharmony-arm64 cache-miss
1143 http fetch GET 200 https://registry.npmjs.org/fdir 488ms (cache miss)
1144 silly packumentCache full:https://registry.npmjs.org/fdir set size:undefined disposed:false
1145 silly fetch manifest @unrs/resolver-binding-android-arm-eabi@1.12.2
1146 silly packumentCache full:https://registry.npmjs.org/@unrs%2fresolver-binding-android-arm-eabi cache-miss
1147 http fetch GET 200 https://registry.npmjs.org/@unrs%2fresolver-binding-win32-arm64-msvc 1043ms (cache miss)
1148 silly packumentCache full:https://registry.npmjs.org/@unrs%2fresolver-binding-win32-arm64-msvc set size:undefined disposed:false
1149 silly fetch manifest @unrs/resolver-binding-linux-arm-gnueabihf@1.12.2
1150 silly packumentCache full:https://registry.npmjs.org/@unrs%2fresolver-binding-linux-arm-gnueabihf cache-miss
1151 http fetch GET 200 https://registry.npmjs.org/@unrs%2fresolver-binding-android-arm64 1062ms (cache miss)
1152 silly packumentCache full:https://registry.npmjs.org/@unrs%2fresolver-binding-android-arm64 set size:undefined disposed:false
1153 silly fetch manifest @unrs/resolver-binding-linux-arm-musleabihf@1.12.2
1154 silly packumentCache full:https://registry.npmjs.org/@unrs%2fresolver-binding-linux-arm-musleabihf cache-miss
1155 http fetch GET 200 https://registry.npmjs.org/@unrs%2fresolver-binding-darwin-arm64 1110ms (cache miss)
1156 silly packumentCache full:https://registry.npmjs.org/@unrs%2fresolver-binding-darwin-arm64 set size:undefined disposed:false
1157 silly fetch manifest @unrs/resolver-binding-win32-ia32-msvc@1.12.2
1158 silly packumentCache full:https://registry.npmjs.org/@unrs%2fresolver-binding-win32-ia32-msvc cache-miss
1159 http fetch GET 200 https://registry.npmjs.org/@unrs%2fresolver-binding-linux-arm64-musl 816ms (cache miss)
1160 silly packumentCache full:https://registry.npmjs.org/@unrs%2fresolver-binding-linux-arm64-musl set size:undefined disposed:false
1161 silly fetch manifest @unrs/resolver-binding-linux-loong64-gnu@1.12.2
1162 silly packumentCache full:https://registry.npmjs.org/@unrs%2fresolver-binding-linux-loong64-gnu cache-miss
1163 http fetch GET 200 https://registry.npmjs.org/@unrs%2fresolver-binding-openharmony-arm64 857ms (cache miss)
1164 silly packumentCache full:https://registry.npmjs.org/@unrs%2fresolver-binding-openharmony-arm64 set size:undefined disposed:false
1165 silly fetch manifest @unrs/resolver-binding-linux-loong64-musl@1.12.2
1166 silly packumentCache full:https://registry.npmjs.org/@unrs%2fresolver-binding-linux-loong64-musl cache-miss
1167 http fetch GET 200 https://registry.npmjs.org/@unrs%2fresolver-binding-linux-arm64-gnu 1239ms (cache miss)
1168 silly packumentCache full:https://registry.npmjs.org/@unrs%2fresolver-binding-linux-arm64-gnu set size:undefined disposed:false
1169 silly fetch manifest @unrs/resolver-binding-linux-ppc64-gnu@1.12.2
1170 silly packumentCache full:https://registry.npmjs.org/@unrs%2fresolver-binding-linux-ppc64-gnu cache-miss
1171 http fetch GET 200 https://registry.npmjs.org/@unrs%2fresolver-binding-android-arm-eabi 936ms (cache miss)
1172 silly packumentCache full:https://registry.npmjs.org/@unrs%2fresolver-binding-android-arm-eabi set size:undefined disposed:false
1173 silly fetch manifest @unrs/resolver-binding-linux-riscv64-gnu@1.12.2
1174 silly packumentCache full:https://registry.npmjs.org/@unrs%2fresolver-binding-linux-riscv64-gnu cache-miss
1175 http fetch GET 200 https://registry.npmjs.org/@unrs%2fresolver-binding-linux-loong64-musl 873ms (cache miss)
1176 silly packumentCache full:https://registry.npmjs.org/@unrs%2fresolver-binding-linux-loong64-musl set size:undefined disposed:false
1177 silly fetch manifest @unrs/resolver-binding-linux-riscv64-musl@1.12.2
1178 silly packumentCache full:https://registry.npmjs.org/@unrs%2fresolver-binding-linux-riscv64-musl cache-miss
1179 http fetch GET 200 https://registry.npmjs.org/@unrs%2fresolver-binding-linux-loong64-gnu 940ms (cache miss)
1180 silly packumentCache full:https://registry.npmjs.org/@unrs%2fresolver-binding-linux-loong64-gnu set size:undefined disposed:false
1181 silly fetch manifest @unrs/resolver-binding-linux-s390x-gnu@1.12.2
1182 silly packumentCache full:https://registry.npmjs.org/@unrs%2fresolver-binding-linux-s390x-gnu cache-miss
1183 http fetch GET 200 https://registry.npmjs.org/@unrs%2fresolver-binding-linux-arm-musleabihf 1054ms (cache miss)
1184 silly packumentCache full:https://registry.npmjs.org/@unrs%2fresolver-binding-linux-arm-musleabihf set size:undefined disposed:false
1185 silly fetch manifest @unrs/resolver-binding-wasm32-wasi@1.12.2
1186 silly packumentCache full:https://registry.npmjs.org/@unrs%2fresolver-binding-wasm32-wasi cache-miss
1187 http fetch GET 200 https://registry.npmjs.org/@unrs%2fresolver-binding-linux-ppc64-gnu 851ms (cache miss)
1188 silly packumentCache full:https://registry.npmjs.org/@unrs%2fresolver-binding-linux-ppc64-gnu set size:undefined disposed:false
1189 silly fetch manifest @unrs/resolver-binding-darwin-x64@1.12.2
1190 silly packumentCache full:https://registry.npmjs.org/@unrs%2fresolver-binding-darwin-x64 cache-miss
1191 http fetch GET 200 https://registry.npmjs.org/@unrs%2fresolver-binding-linux-arm-gnueabihf 1116ms (cache miss)
1192 silly packumentCache full:https://registry.npmjs.org/@unrs%2fresolver-binding-linux-arm-gnueabihf set size:undefined disposed:false
1193 silly fetch manifest @unrs/resolver-binding-win32-x64-msvc@1.12.2
1194 silly packumentCache full:https://registry.npmjs.org/@unrs%2fresolver-binding-win32-x64-msvc cache-miss
1195 http fetch GET 200 https://registry.npmjs.org/@unrs%2fresolver-binding-win32-ia32-msvc 1078ms (cache miss)
1196 silly packumentCache full:https://registry.npmjs.org/@unrs%2fresolver-binding-win32-ia32-msvc set size:undefined disposed:false
1197 silly fetch manifest @unrs/resolver-binding-freebsd-x64@1.12.2
1198 silly packumentCache full:https://registry.npmjs.org/@unrs%2fresolver-binding-freebsd-x64 cache-miss
1199 http fetch GET 200 https://registry.npmjs.org/@unrs%2fresolver-binding-linux-riscv64-gnu 1026ms (cache miss)
1200 silly packumentCache full:https://registry.npmjs.org/@unrs%2fresolver-binding-linux-riscv64-gnu set size:undefined disposed:false
1201 silly fetch manifest @unrs/resolver-binding-linux-x64-gnu@1.12.2
1202 silly packumentCache full:https://registry.npmjs.org/@unrs%2fresolver-binding-linux-x64-gnu cache-miss
1203 http fetch GET 200 https://registry.npmjs.org/@unrs%2fresolver-binding-darwin-x64 969ms (cache miss)
1204 silly packumentCache full:https://registry.npmjs.org/@unrs%2fresolver-binding-darwin-x64 set size:undefined disposed:false
1205 silly fetch manifest @unrs/resolver-binding-linux-x64-musl@1.12.2
1206 silly packumentCache full:https://registry.npmjs.org/@unrs%2fresolver-binding-linux-x64-musl cache-miss
1207 http fetch GET 200 https://registry.npmjs.org/@unrs%2fresolver-binding-win32-x64-msvc 961ms (cache miss)
1208 silly packumentCache full:https://registry.npmjs.org/@unrs%2fresolver-binding-win32-x64-msvc set size:undefined disposed:false
1209 http fetch GET 200 https://registry.npmjs.org/@unrs%2fresolver-binding-wasm32-wasi 1012ms (cache miss)
1210 silly packumentCache full:https://registry.npmjs.org/@unrs%2fresolver-binding-wasm32-wasi set size:undefined disposed:false
1211 http fetch GET 200 https://registry.npmjs.org/@unrs%2fresolver-binding-linux-x64-gnu 929ms (cache miss)
1212 silly packumentCache full:https://registry.npmjs.org/@unrs%2fresolver-binding-linux-x64-gnu set size:undefined disposed:false
1213 http fetch GET 200 https://registry.npmjs.org/@unrs%2fresolver-binding-freebsd-x64 1233ms (cache miss)
1214 silly packumentCache full:https://registry.npmjs.org/@unrs%2fresolver-binding-freebsd-x64 set size:undefined disposed:false
1215 http fetch GET 200 https://registry.npmjs.org/@unrs%2fresolver-binding-linux-riscv64-musl 1392ms (cache miss)
1216 silly packumentCache full:https://registry.npmjs.org/@unrs%2fresolver-binding-linux-riscv64-musl set size:undefined disposed:false
1217 http fetch GET 200 https://registry.npmjs.org/@unrs%2fresolver-binding-linux-s390x-gnu 1377ms (cache miss)
1218 silly packumentCache full:https://registry.npmjs.org/@unrs%2fresolver-binding-linux-s390x-gnu set size:undefined disposed:false
1219 http fetch GET 200 https://registry.npmjs.org/@unrs%2fresolver-binding-linux-x64-musl 863ms (cache miss)
1220 silly packumentCache full:https://registry.npmjs.org/@unrs%2fresolver-binding-linux-x64-musl set size:undefined disposed:false
1221 silly placeDep ROOT @rtsao/scc@1.1.0 OK for: eslint-plugin-import@2.32.0 want: ^1.1.0
1222 silly placeDep ROOT array-includes@3.1.9 OK for: eslint-plugin-import@2.32.0 want: ^3.1.9
1223 silly placeDep ROOT array.prototype.findlastindex@1.2.6 OK for: eslint-plugin-import@2.32.0 want: ^1.2.6
1224 silly placeDep ROOT array.prototype.flat@1.3.3 OK for: eslint-plugin-import@2.32.0 want: ^1.3.3
1225 silly placeDep ROOT array.prototype.flatmap@1.3.3 OK for: eslint-plugin-import@2.32.0 want: ^1.3.3
1226 silly placeDep node_modules/eslint-plugin-import debug@3.2.7 OK for: eslint-plugin-import@2.32.0 want: ^3.2.7
1227 silly placeDep ROOT doctrine@2.1.0 OK for: eslint-plugin-import@2.32.0 want: ^2.1.0
1228 silly placeDep ROOT eslint-module-utils@2.14.0 OK for: eslint-plugin-import@2.32.0 want: ^2.12.1
1229 silly placeDep ROOT hasown@2.0.4 OK for: eslint-plugin-import@2.32.0 want: ^2.0.2
1230 silly placeDep ROOT object.fromentries@2.0.8 OK for: eslint-plugin-import@2.32.0 want: ^2.0.8
1231 silly placeDep ROOT object.groupby@1.0.3 OK for: eslint-plugin-import@2.32.0 want: ^1.0.3
1232 silly placeDep ROOT object.values@1.2.1 OK for: eslint-plugin-import@2.32.0 want: ^1.2.1
1233 silly placeDep ROOT semver@6.3.1 OK for: eslint-plugin-import@2.32.0 want: ^6.3.1
1234 silly placeDep ROOT string.prototype.trimend@1.0.10 OK for: eslint-plugin-import@2.32.0 want: ^1.0.9
1235 silly placeDep ROOT tsconfig-paths@3.15.0 OK for: eslint-plugin-import@2.32.0 want: ^3.15.0
1236 silly fetch manifest call-bind@^1.0.8
1237 silly packumentCache full:https://registry.npmjs.org/call-bind cache-miss
1238 silly fetch manifest call-bound@^1.0.4
1239 silly packumentCache full:https://registry.npmjs.org/call-bound cache-miss
1240 silly fetch manifest define-properties@^1.2.1
1241 silly packumentCache full:https://registry.npmjs.org/define-properties cache-miss
1242 silly fetch manifest es-abstract@^1.24.0
1243 silly packumentCache full:https://registry.npmjs.org/es-abstract cache-miss
1244 silly fetch manifest es-object-atoms@^1.1.1
1245 silly packumentCache full:https://registry.npmjs.org/es-object-atoms cache-miss
1246 silly fetch manifest get-intrinsic@^1.3.0
1247 silly packumentCache full:https://registry.npmjs.org/get-intrinsic cache-miss
1248 silly fetch manifest is-string@^1.1.1
1249 silly packumentCache full:https://registry.npmjs.org/is-string cache-miss
1250 http fetch GET 200 https://registry.npmjs.org/call-bound 36ms (cache miss)
1251 silly packumentCache full:https://registry.npmjs.org/call-bound set size:undefined disposed:false
1252 silly fetch manifest math-intrinsics@^1.1.0
1253 silly packumentCache full:https://registry.npmjs.org/math-intrinsics cache-miss
1254 http fetch GET 200 https://registry.npmjs.org/es-object-atoms 58ms (cache miss)
1255 silly packumentCache full:https://registry.npmjs.org/es-object-atoms set size:undefined disposed:false
1256 silly fetch manifest call-bind@^1.0.8
1257 silly packumentCache full:https://registry.npmjs.org/call-bind cache-miss
1258 http fetch GET 200 https://registry.npmjs.org/math-intrinsics 35ms (cache miss)
1259 silly packumentCache full:https://registry.npmjs.org/math-intrinsics set size:undefined disposed:false
1260 silly fetch manifest define-properties@^1.2.1
1261 silly packumentCache full:https://registry.npmjs.org/define-properties cache-miss
1262 http fetch GET 200 https://registry.npmjs.org/call-bind 337ms (cache miss)
1263 silly packumentCache full:https://registry.npmjs.org/call-bind set size:undefined disposed:false
1264 silly fetch manifest es-abstract@^1.23.9
1265 silly packumentCache full:https://registry.npmjs.org/es-abstract cache-miss
1266 http fetch GET 200 https://registry.npmjs.org/is-string 341ms (cache miss)
1267 silly packumentCache full:https://registry.npmjs.org/is-string set size:undefined disposed:false
1268 silly fetch manifest es-shim-unscopables@^1.1.0
1269 silly packumentCache full:https://registry.npmjs.org/es-shim-unscopables cache-miss
1270 http fetch GET 200 https://registry.npmjs.org/define-properties 270ms (cache miss)
1271 silly packumentCache full:https://registry.npmjs.org/define-properties set size:undefined disposed:false
1272 silly fetch manifest es-abstract@^1.23.5
1273 silly packumentCache full:https://registry.npmjs.org/es-abstract cache-miss
1274 http fetch GET 200 https://registry.npmjs.org/get-intrinsic 343ms (cache miss)
1275 silly packumentCache full:https://registry.npmjs.org/get-intrinsic set size:undefined disposed:false
1276 silly fetch manifest es-shim-unscopables@^1.0.2
1277 silly packumentCache full:https://registry.npmjs.org/es-shim-unscopables cache-miss
1278 http fetch GET 200 https://registry.npmjs.org/call-bind 289ms (cache miss)
1279 silly packumentCache full:https://registry.npmjs.org/call-bind set size:undefined disposed:false
1280 silly fetch manifest es-abstract@^1.23.5
1281 silly packumentCache full:https://registry.npmjs.org/es-abstract cache-miss
1282 http fetch GET 200 https://registry.npmjs.org/define-properties 352ms (cache miss)
1283 silly packumentCache full:https://registry.npmjs.org/define-properties set size:undefined disposed:false
1284 silly fetch manifest es-shim-unscopables@^1.0.2
1285 silly packumentCache full:https://registry.npmjs.org/es-shim-unscopables cache-miss
1286 http fetch GET 200 https://registry.npmjs.org/es-abstract 370ms (cache miss)
1287 silly packumentCache full:https://registry.npmjs.org/es-abstract set size:undefined disposed:false
1288 silly fetch manifest function-bind@^1.1.2
1289 silly packumentCache full:https://registry.npmjs.org/function-bind cache-miss
1290 http fetch GET 200 https://registry.npmjs.org/es-abstract 124ms (cache miss)
1291 silly packumentCache full:https://registry.npmjs.org/es-abstract set size:undefined disposed:false
1292 silly fetch manifest call-bind@^1.0.7
1293 silly packumentCache full:https://registry.npmjs.org/call-bind cache-miss
1294 http cache https://registry.npmjs.org/call-bind 2ms (cache hit)
1295 silly packumentCache full:https://registry.npmjs.org/call-bind set size:32985 disposed:false
1296 silly fetch manifest es-abstract@^1.23.2
1297 silly packumentCache full:https://registry.npmjs.org/es-abstract cache-miss
1298 http cache https://registry.npmjs.org/es-abstract 1ms (cache hit)
1299 silly packumentCache full:https://registry.npmjs.org/es-abstract set size:384124 disposed:false
1300 silly fetch manifest es-object-atoms@^1.0.0
1301 silly packumentCache full:https://registry.npmjs.org/es-object-atoms cache-miss
1302 http cache https://registry.npmjs.org/es-object-atoms 1ms (cache hit)
1303 silly packumentCache full:https://registry.npmjs.org/es-object-atoms set size:18278 disposed:false
1304 silly fetch manifest call-bound@^1.0.3
1305 silly packumentCache full:https://registry.npmjs.org/call-bound cache-miss
1306 http cache https://registry.npmjs.org/call-bound 2ms (cache hit)
1307 silly packumentCache full:https://registry.npmjs.org/call-bound set size:15317 disposed:false
1308 silly fetch manifest call-bind@^1.0.9
1309 silly packumentCache full:https://registry.npmjs.org/call-bind cache-hit
1310 silly fetch manifest es-object-atoms@^1.1.2
1311 silly packumentCache full:https://registry.npmjs.org/es-object-atoms cache-hit
1312 silly fetch manifest json5@^1.0.2
1313 silly packumentCache full:https://registry.npmjs.org/json5 cache-miss
1314 http fetch GET 200 https://registry.npmjs.org/es-abstract 152ms (cache miss)
1315 silly packumentCache full:https://registry.npmjs.org/es-abstract set size:undefined disposed:false
1316 silly packumentCache full:https://registry.npmjs.org/es-abstract dispose
1317 silly fetch manifest minimist@^1.2.6
1318 silly packumentCache full:https://registry.npmjs.org/minimist cache-miss
1319 http fetch GET 200 https://registry.npmjs.org/minimist 41ms (cache miss)
1320 silly packumentCache full:https://registry.npmjs.org/minimist set size:undefined disposed:false
1321 silly fetch manifest strip-bom@^3.0.0
1322 silly packumentCache full:https://registry.npmjs.org/strip-bom cache-miss
1323 http fetch GET 200 https://registry.npmjs.org/es-abstract 239ms (cache miss)
1324 silly packumentCache full:https://registry.npmjs.org/es-abstract set size:undefined disposed:true
1325 silly fetch manifest @types/json5@^0.0.29
1326 silly packumentCache full:https://registry.npmjs.org/@types%2fjson5 cache-miss
1327 http fetch GET 200 https://registry.npmjs.org/function-bind 330ms (cache miss)
1328 silly packumentCache full:https://registry.npmjs.org/function-bind set size:undefined disposed:false
1329 http fetch GET 200 https://registry.npmjs.org/es-shim-unscopables 411ms (cache miss)
1330 silly packumentCache full:https://registry.npmjs.org/es-shim-unscopables set size:undefined disposed:false
1331 http fetch GET 200 https://registry.npmjs.org/es-shim-unscopables 409ms (cache miss)
1332 silly packumentCache full:https://registry.npmjs.org/es-shim-unscopables set size:undefined disposed:false
1333 http fetch GET 200 https://registry.npmjs.org/es-shim-unscopables 401ms (cache miss)
1334 silly packumentCache full:https://registry.npmjs.org/es-shim-unscopables set size:undefined disposed:false
1335 http fetch GET 200 https://registry.npmjs.org/json5 312ms (cache miss)
1336 silly packumentCache full:https://registry.npmjs.org/json5 set size:undefined disposed:false
1337 http fetch GET 200 https://registry.npmjs.org/strip-bom 316ms (cache miss)
1338 silly packumentCache full:https://registry.npmjs.org/strip-bom set size:undefined disposed:false
1339 http fetch GET 200 https://registry.npmjs.org/@types%2fjson5 596ms (cache miss)
1340 silly packumentCache full:https://registry.npmjs.org/@types%2fjson5 set size:undefined disposed:false
1341 silly placeDep ROOT call-bind@1.0.9 OK for: array-includes@3.1.9 want: ^1.0.8
1342 silly placeDep ROOT call-bound@1.0.4 OK for: array-includes@3.1.9 want: ^1.0.4
1343 silly placeDep ROOT define-properties@1.2.1 OK for: array-includes@3.1.9 want: ^1.2.1
1344 silly placeDep ROOT es-abstract@1.24.2 OK for: array-includes@3.1.9 want: ^1.24.0
1345 silly placeDep ROOT es-object-atoms@1.1.2 OK for: array-includes@3.1.9 want: ^1.1.1
1346 silly placeDep ROOT get-intrinsic@1.3.0 OK for: array-includes@3.1.9 want: ^1.3.0
1347 silly placeDep ROOT is-string@1.1.1 OK for: array-includes@3.1.9 want: ^1.1.1
1348 silly placeDep ROOT math-intrinsics@1.1.0 OK for: array-includes@3.1.9 want: ^1.1.0
1349 silly fetch manifest call-bind-apply-helpers@^1.0.2
1350 silly packumentCache full:https://registry.npmjs.org/call-bind-apply-helpers cache-miss
1351 silly fetch manifest es-define-property@^1.0.1
1352 silly packumentCache full:https://registry.npmjs.org/es-define-property cache-miss
1353 silly fetch manifest set-function-length@^1.2.2
1354 silly packumentCache full:https://registry.npmjs.org/set-function-length cache-miss
1355 silly fetch manifest call-bind-apply-helpers@^1.0.2
1356 silly packumentCache full:https://registry.npmjs.org/call-bind-apply-helpers cache-miss
1357 silly fetch manifest define-data-property@^1.0.1
1358 silly packumentCache full:https://registry.npmjs.org/define-data-property cache-miss
1359 silly fetch manifest has-property-descriptors@^1.0.0
1360 silly packumentCache full:https://registry.npmjs.org/has-property-descriptors cache-miss
1361 silly fetch manifest array-buffer-byte-length@^1.0.2
1362 silly packumentCache full:https://registry.npmjs.org/array-buffer-byte-length cache-miss
1363 http fetch GET 200 https://registry.npmjs.org/has-property-descriptors 384ms (cache miss)
1364 silly packumentCache full:https://registry.npmjs.org/has-property-descriptors set size:undefined disposed:false
1365 silly fetch manifest arraybuffer.prototype.slice@^1.0.4
1366 silly packumentCache full:https://registry.npmjs.org/arraybuffer.prototype.slice cache-miss
1367 http fetch GET 200 https://registry.npmjs.org/es-define-property 386ms (cache miss)
1368 silly packumentCache full:https://registry.npmjs.org/es-define-property set size:undefined disposed:false
1369 silly fetch manifest available-typed-arrays@^1.0.7
1370 silly packumentCache full:https://registry.npmjs.org/available-typed-arrays cache-miss
1371 http fetch GET 200 https://registry.npmjs.org/set-function-length 387ms (cache miss)
1372 silly packumentCache full:https://registry.npmjs.org/set-function-length set size:undefined disposed:false
1373 silly fetch manifest data-view-buffer@^1.0.2
1374 silly packumentCache full:https://registry.npmjs.org/data-view-buffer cache-miss
1375 http fetch GET 200 https://registry.npmjs.org/call-bind-apply-helpers 389ms (cache miss)
1376 silly packumentCache full:https://registry.npmjs.org/call-bind-apply-helpers set size:undefined disposed:false
1377 silly fetch manifest data-view-byte-length@^1.0.2
1378 silly packumentCache full:https://registry.npmjs.org/data-view-byte-length cache-miss
1379 http fetch GET 200 https://registry.npmjs.org/call-bind-apply-helpers 388ms (cache miss)
1380 silly packumentCache full:https://registry.npmjs.org/call-bind-apply-helpers set size:undefined disposed:false
1381 silly fetch manifest data-view-byte-offset@^1.0.1
1382 silly packumentCache full:https://registry.npmjs.org/data-view-byte-offset cache-miss
1383 http fetch GET 200 https://registry.npmjs.org/array-buffer-byte-length 388ms (cache miss)
1384 silly packumentCache full:https://registry.npmjs.org/array-buffer-byte-length set size:undefined disposed:false
1385 silly fetch manifest es-set-tostringtag@^2.1.0
1386 silly packumentCache full:https://registry.npmjs.org/es-set-tostringtag cache-miss
1387 http fetch GET 200 https://registry.npmjs.org/es-set-tostringtag 28ms (cache miss)
1388 silly packumentCache full:https://registry.npmjs.org/es-set-tostringtag set size:undefined disposed:false
1389 silly fetch manifest es-to-primitive@^1.3.0
1390 silly packumentCache full:https://registry.npmjs.org/es-to-primitive cache-miss
1391 http fetch GET 200 https://registry.npmjs.org/define-data-property 489ms (cache miss)
1392 silly packumentCache full:https://registry.npmjs.org/define-data-property set size:undefined disposed:false
1393 silly fetch manifest function.prototype.name@^1.1.8
1394 silly packumentCache full:https://registry.npmjs.org/function.prototype.name cache-miss
1395 http fetch GET 200 https://registry.npmjs.org/arraybuffer.prototype.slice 310ms (cache miss)
1396 silly packumentCache full:https://registry.npmjs.org/arraybuffer.prototype.slice set size:undefined disposed:false
1397 silly fetch manifest get-proto@^1.0.1
1398 silly packumentCache full:https://registry.npmjs.org/get-proto cache-miss
1399 http fetch GET 200 https://registry.npmjs.org/available-typed-arrays 309ms (cache miss)
1400 silly packumentCache full:https://registry.npmjs.org/available-typed-arrays set size:undefined disposed:false
1401 silly fetch manifest get-symbol-description@^1.1.0
1402 silly packumentCache full:https://registry.npmjs.org/get-symbol-description cache-miss
1403 http fetch GET 200 https://registry.npmjs.org/data-view-buffer 313ms (cache miss)
1404 silly packumentCache full:https://registry.npmjs.org/data-view-buffer set size:undefined disposed:false
1405 silly fetch manifest globalthis@^1.0.4
1406 silly packumentCache full:https://registry.npmjs.org/globalthis cache-miss
1407 http fetch GET 200 https://registry.npmjs.org/data-view-byte-length 323ms (cache miss)
1408 silly packumentCache full:https://registry.npmjs.org/data-view-byte-length set size:undefined disposed:false
1409 silly fetch manifest gopd@^1.2.0
1410 silly packumentCache full:https://registry.npmjs.org/gopd cache-miss
1411 http fetch GET 200 https://registry.npmjs.org/data-view-byte-offset 323ms (cache miss)
1412 silly packumentCache full:https://registry.npmjs.org/data-view-byte-offset set size:undefined disposed:false
1413 silly fetch manifest has-property-descriptors@^1.0.2
1414 silly packumentCache full:https://registry.npmjs.org/has-property-descriptors cache-miss
1415 http cache https://registry.npmjs.org/has-property-descriptors 1ms (cache hit)
1416 silly packumentCache full:https://registry.npmjs.org/has-property-descriptors set size:12452 disposed:false
1417 silly fetch manifest has-proto@^1.2.0
1418 silly packumentCache full:https://registry.npmjs.org/has-proto cache-miss
1419 http fetch GET 200 https://registry.npmjs.org/es-to-primitive 302ms (cache miss)
1420 silly packumentCache full:https://registry.npmjs.org/es-to-primitive set size:undefined disposed:false
1421 silly fetch manifest has-symbols@^1.1.0
1422 silly packumentCache full:https://registry.npmjs.org/has-symbols cache-miss
1423 http fetch GET 200 https://registry.npmjs.org/get-proto 50ms (cache miss)
1424 silly packumentCache full:https://registry.npmjs.org/get-proto set size:undefined disposed:false
1425 silly fetch manifest internal-slot@^1.1.0
1426 silly packumentCache full:https://registry.npmjs.org/internal-slot cache-miss
1427 http fetch GET 200 https://registry.npmjs.org/has-symbols 43ms (cache miss)
1428 silly packumentCache full:https://registry.npmjs.org/has-symbols set size:undefined disposed:false
1429 silly fetch manifest is-array-buffer@^3.0.5
1430 silly packumentCache full:https://registry.npmjs.org/is-array-buffer cache-miss
1431 http fetch GET 200 https://registry.npmjs.org/gopd 53ms (cache miss)
1432 silly packumentCache full:https://registry.npmjs.org/gopd set size:undefined disposed:false
1433 silly fetch manifest is-callable@^1.2.7
1434 silly packumentCache full:https://registry.npmjs.org/is-callable cache-miss
1435 http fetch GET 200 https://registry.npmjs.org/function.prototype.name 325ms (cache miss)
1436 silly packumentCache full:https://registry.npmjs.org/function.prototype.name set size:undefined disposed:false
1437 silly fetch manifest is-data-view@^1.0.2
1438 silly packumentCache full:https://registry.npmjs.org/is-data-view cache-miss
1439 http fetch GET 200 https://registry.npmjs.org/globalthis 336ms (cache miss)
1440 silly packumentCache full:https://registry.npmjs.org/globalthis set size:undefined disposed:false
1441 silly fetch manifest is-negative-zero@^2.0.3
1442 silly packumentCache full:https://registry.npmjs.org/is-negative-zero cache-miss
1443 http fetch GET 200 https://registry.npmjs.org/get-symbol-description 342ms (cache miss)
1444 silly packumentCache full:https://registry.npmjs.org/get-symbol-description set size:undefined disposed:false
1445 silly fetch manifest is-regex@^1.2.1
1446 silly packumentCache full:https://registry.npmjs.org/is-regex cache-miss
1447 http fetch GET 200 https://registry.npmjs.org/has-proto 326ms (cache miss)
1448 silly packumentCache full:https://registry.npmjs.org/has-proto set size:undefined disposed:false
1449 silly fetch manifest is-set@^2.0.3
1450 silly packumentCache full:https://registry.npmjs.org/is-set cache-miss
1451 http fetch GET 200 https://registry.npmjs.org/internal-slot 310ms (cache miss)
1452 silly packumentCache full:https://registry.npmjs.org/internal-slot set size:undefined disposed:false
1453 silly fetch manifest is-shared-array-buffer@^1.0.4
1454 silly packumentCache full:https://registry.npmjs.org/is-shared-array-buffer cache-miss
1455 http fetch GET 200 https://registry.npmjs.org/is-array-buffer 296ms (cache miss)
1456 silly packumentCache full:https://registry.npmjs.org/is-array-buffer set size:undefined disposed:false
1457 silly fetch manifest is-typed-array@^1.1.15
1458 silly packumentCache full:https://registry.npmjs.org/is-typed-array cache-miss
1459 http fetch GET 200 https://registry.npmjs.org/is-data-view 298ms (cache miss)
1460 silly packumentCache full:https://registry.npmjs.org/is-data-view set size:undefined disposed:false
1461 silly fetch manifest is-weakref@^1.1.1
1462 silly packumentCache full:https://registry.npmjs.org/is-weakref cache-miss
1463 http fetch GET 200 https://registry.npmjs.org/is-callable 367ms (cache miss)
1464 silly packumentCache full:https://registry.npmjs.org/is-callable set size:undefined disposed:false
1465 silly fetch manifest object-inspect@^1.13.4
1466 silly packumentCache full:https://registry.npmjs.org/object-inspect cache-miss
1467 http fetch GET 200 https://registry.npmjs.org/object-inspect 89ms (cache miss)
1468 silly packumentCache full:https://registry.npmjs.org/object-inspect set size:undefined disposed:false
1469 silly fetch manifest object.assign@^4.1.7
1470 silly packumentCache full:https://registry.npmjs.org/object.assign cache-miss
1471 http fetch GET 200 https://registry.npmjs.org/is-regex 313ms (cache miss)
1472 silly packumentCache full:https://registry.npmjs.org/is-regex set size:undefined disposed:false
1473 silly fetch manifest own-keys@^1.0.1
1474 silly packumentCache full:https://registry.npmjs.org/own-keys cache-miss
1475 http fetch GET 200 https://registry.npmjs.org/is-set 312ms (cache miss)
1476 silly packumentCache full:https://registry.npmjs.org/is-set set size:undefined disposed:false
1477 silly fetch manifest regexp.prototype.flags@^1.5.4
1478 silly packumentCache full:https://registry.npmjs.org/regexp.prototype.flags cache-miss
1479 http fetch GET 200 https://registry.npmjs.org/is-shared-array-buffer 298ms (cache miss)
1480 silly packumentCache full:https://registry.npmjs.org/is-shared-array-buffer set size:undefined disposed:false
1481 silly fetch manifest safe-array-concat@^1.1.3
1482 silly packumentCache full:https://registry.npmjs.org/safe-array-concat cache-miss
1483 http fetch GET 200 https://registry.npmjs.org/is-negative-zero 321ms (cache miss)
1484 silly packumentCache full:https://registry.npmjs.org/is-negative-zero set size:undefined disposed:false
1485 silly fetch manifest safe-push-apply@^1.0.0
1486 silly packumentCache full:https://registry.npmjs.org/safe-push-apply cache-miss
1487 http fetch GET 200 https://registry.npmjs.org/is-typed-array 324ms (cache miss)
1488 silly packumentCache full:https://registry.npmjs.org/is-typed-array set size:undefined disposed:false
1489 silly fetch manifest safe-regex-test@^1.1.0
1490 silly packumentCache full:https://registry.npmjs.org/safe-regex-test cache-miss
1491 http cache https://registry.npmjs.org/safe-regex-test 1ms (cache hit)
1492 silly packumentCache full:https://registry.npmjs.org/safe-regex-test set size:17412 disposed:false
1493 silly fetch manifest set-proto@^1.0.0
1494 silly packumentCache full:https://registry.npmjs.org/set-proto cache-miss
1495 http fetch GET 200 https://registry.npmjs.org/is-weakref 311ms (cache miss)
1496 silly packumentCache full:https://registry.npmjs.org/is-weakref set size:undefined disposed:false
1497 silly fetch manifest stop-iteration-iterator@^1.1.0
1498 silly packumentCache full:https://registry.npmjs.org/stop-iteration-iterator cache-miss
1499 http fetch GET 200 https://registry.npmjs.org/object.assign 324ms (cache miss)
1500 silly packumentCache full:https://registry.npmjs.org/object.assign set size:undefined disposed:false
1501 silly fetch manifest string.prototype.trim@^1.2.10
1502 silly packumentCache full:https://registry.npmjs.org/string.prototype.trim cache-miss
1503 http fetch GET 200 https://registry.npmjs.org/own-keys 308ms (cache miss)
1504 silly packumentCache full:https://registry.npmjs.org/own-keys set size:undefined disposed:false
1505 silly fetch manifest string.prototype.trimstart@^1.0.8
1506 silly packumentCache full:https://registry.npmjs.org/string.prototype.trimstart cache-miss
1507 http fetch GET 200 https://registry.npmjs.org/regexp.prototype.flags 309ms (cache miss)
1508 silly packumentCache full:https://registry.npmjs.org/regexp.prototype.flags set size:undefined disposed:false
1509 silly fetch manifest typed-array-buffer@^1.0.3
1510 silly packumentCache full:https://registry.npmjs.org/typed-array-buffer cache-miss
1511 http fetch GET 200 https://registry.npmjs.org/safe-push-apply 306ms (cache miss)
1512 silly packumentCache full:https://registry.npmjs.org/safe-push-apply set size:undefined disposed:false
1513 silly fetch manifest typed-array-byte-length@^1.0.3
1514 silly packumentCache full:https://registry.npmjs.org/typed-array-byte-length cache-miss
1515 http fetch GET 200 https://registry.npmjs.org/safe-array-concat 315ms (cache miss)
1516 silly packumentCache full:https://registry.npmjs.org/safe-array-concat set size:undefined disposed:false
1517 silly fetch manifest typed-array-byte-offset@^1.0.4
1518 silly packumentCache full:https://registry.npmjs.org/typed-array-byte-offset cache-miss
1519 http fetch GET 200 https://registry.npmjs.org/set-proto 319ms (cache miss)
1520 silly packumentCache full:https://registry.npmjs.org/set-proto set size:undefined disposed:false
1521 silly fetch manifest typed-array-length@^1.0.7
1522 silly packumentCache full:https://registry.npmjs.org/typed-array-length cache-miss
1523 http fetch GET 200 https://registry.npmjs.org/stop-iteration-iterator 349ms (cache miss)
1524 silly packumentCache full:https://registry.npmjs.org/stop-iteration-iterator set size:undefined disposed:false
1525 silly fetch manifest unbox-primitive@^1.1.0
1526 silly packumentCache full:https://registry.npmjs.org/unbox-primitive cache-miss
1527 http fetch GET 200 https://registry.npmjs.org/string.prototype.trim 347ms (cache miss)
1528 silly packumentCache full:https://registry.npmjs.org/string.prototype.trim set size:undefined disposed:false
1529 silly fetch manifest which-typed-array@^1.1.19
1530 silly packumentCache full:https://registry.npmjs.org/which-typed-array cache-miss
1531 http fetch GET 200 https://registry.npmjs.org/string.prototype.trimstart 293ms (cache miss)
1532 silly packumentCache full:https://registry.npmjs.org/string.prototype.trimstart set size:undefined disposed:false
1533 silly fetch manifest has-tostringtag@^1.0.2
1534 silly packumentCache full:https://registry.npmjs.org/has-tostringtag cache-miss
1535 http fetch GET 200 https://registry.npmjs.org/typed-array-byte-length 318ms (cache miss)
1536 silly packumentCache full:https://registry.npmjs.org/typed-array-byte-length set size:undefined disposed:false
1537 http fetch GET 200 https://registry.npmjs.org/has-tostringtag 31ms (cache miss)
1538 silly packumentCache full:https://registry.npmjs.org/has-tostringtag set size:undefined disposed:false
1539 http fetch GET 200 https://registry.npmjs.org/typed-array-byte-offset 316ms (cache miss)
1540 silly packumentCache full:https://registry.npmjs.org/typed-array-byte-offset set size:undefined disposed:false
1541 http fetch GET 200 https://registry.npmjs.org/typed-array-buffer 354ms (cache miss)
1542 silly packumentCache full:https://registry.npmjs.org/typed-array-buffer set size:undefined disposed:false
1543 http fetch GET 200 https://registry.npmjs.org/typed-array-length 326ms (cache miss)
1544 silly packumentCache full:https://registry.npmjs.org/typed-array-length set size:undefined disposed:false
1545 http fetch GET 200 https://registry.npmjs.org/unbox-primitive 313ms (cache miss)
1546 silly packumentCache full:https://registry.npmjs.org/unbox-primitive set size:undefined disposed:false
1547 http fetch GET 200 https://registry.npmjs.org/which-typed-array 354ms (cache miss)
1548 silly packumentCache full:https://registry.npmjs.org/which-typed-array set size:undefined disposed:false
1549 silly placeDep ROOT es-errors@1.3.0 OK for: array.prototype.findlastindex@1.2.6 want: ^1.3.0
1550 silly placeDep ROOT es-shim-unscopables@1.1.0 OK for: array.prototype.findlastindex@1.2.6 want: ^1.1.0
1551 silly placeDep ROOT call-bind-apply-helpers@1.0.2 OK for: call-bind@1.0.9 want: ^1.0.2
1552 silly placeDep ROOT es-define-property@1.0.1 OK for: call-bind@1.0.9 want: ^1.0.1
1553 silly placeDep ROOT set-function-length@1.2.2 OK for: call-bind@1.0.9 want: ^1.2.2
1554 silly fetch manifest define-data-property@^1.1.4
1555 silly packumentCache full:https://registry.npmjs.org/define-data-property cache-miss
1556 silly fetch manifest gopd@^1.0.1
1557 silly packumentCache full:https://registry.npmjs.org/gopd cache-miss
1558 http cache https://registry.npmjs.org/define-data-property 5ms (cache hit)
1559 silly packumentCache full:https://registry.npmjs.org/define-data-property set size:28048 disposed:false
1560 http cache https://registry.npmjs.org/gopd 6ms (cache hit)
1561 silly packumentCache full:https://registry.npmjs.org/gopd set size:11483 disposed:false
1562 silly placeDep ROOT function-bind@1.1.2 OK for: call-bind-apply-helpers@1.0.2 want: ^1.1.2
1563 silly placeDep ROOT define-data-property@1.1.4 OK for: define-properties@1.2.1 want: ^1.0.1
1564 silly placeDep ROOT has-property-descriptors@1.0.2 OK for: define-properties@1.2.1 want: ^1.0.0
1565 silly placeDep ROOT object-keys@1.1.1 OK for: define-properties@1.2.1 want: ^1.1.1
1566 silly placeDep ROOT gopd@1.2.0 OK for: define-data-property@1.1.4 want: ^1.0.1
1567 silly placeDep ROOT array-buffer-byte-length@1.0.2 OK for: es-abstract@1.24.2 want: ^1.0.2
1568 silly placeDep ROOT arraybuffer.prototype.slice@1.0.4 OK for: es-abstract@1.24.2 want: ^1.0.4
1569 silly placeDep ROOT available-typed-arrays@1.0.7 OK for: es-abstract@1.24.2 want: ^1.0.7
1570 silly placeDep ROOT data-view-buffer@1.0.2 OK for: es-abstract@1.24.2 want: ^1.0.2
1571 silly placeDep ROOT data-view-byte-length@1.0.2 OK for: es-abstract@1.24.2 want: ^1.0.2
1572 silly placeDep ROOT data-view-byte-offset@1.0.1 OK for: es-abstract@1.24.2 want: ^1.0.1
1573 silly placeDep ROOT es-set-tostringtag@2.1.0 OK for: es-abstract@1.24.2 want: ^2.1.0
1574 silly placeDep ROOT es-to-primitive@1.3.4 OK for: es-abstract@1.24.2 want: ^1.3.0
1575 silly placeDep ROOT function.prototype.name@1.2.0 OK for: es-abstract@1.24.2 want: ^1.1.8
1576 silly placeDep ROOT get-proto@1.0.1 OK for: es-abstract@1.24.2 want: ^1.0.1
1577 silly placeDep ROOT get-symbol-description@1.1.0 OK for: es-abstract@1.24.2 want: ^1.1.0
1578 silly placeDep ROOT globalthis@1.0.4 OK for: es-abstract@1.24.2 want: ^1.0.4
1579 silly placeDep ROOT has-proto@1.2.0 OK for: es-abstract@1.24.2 want: ^1.2.0
1580 silly placeDep ROOT has-symbols@1.1.0 OK for: es-abstract@1.24.2 want: ^1.1.0
1581 silly placeDep ROOT internal-slot@1.1.0 OK for: es-abstract@1.24.2 want: ^1.1.0
1582 silly placeDep ROOT is-array-buffer@3.0.5 OK for: es-abstract@1.24.2 want: ^3.0.5
1583 silly placeDep ROOT is-callable@1.2.7 OK for: es-abstract@1.24.2 want: ^1.2.7
1584 silly placeDep ROOT is-data-view@1.0.2 OK for: es-abstract@1.24.2 want: ^1.0.2
1585 silly placeDep ROOT is-negative-zero@2.0.3 OK for: es-abstract@1.24.2 want: ^2.0.3
1586 silly placeDep ROOT is-regex@1.2.1 OK for: es-abstract@1.24.2 want: ^1.2.1
1587 silly placeDep ROOT is-set@2.0.3 OK for: es-abstract@1.24.2 want: ^2.0.3
1588 silly placeDep ROOT is-shared-array-buffer@1.0.4 OK for: es-abstract@1.24.2 want: ^1.0.4
1589 silly placeDep ROOT is-typed-array@1.1.15 OK for: es-abstract@1.24.2 want: ^1.1.15
1590 silly placeDep ROOT is-weakref@1.1.1 OK for: es-abstract@1.24.2 want: ^1.1.1
1591 silly placeDep ROOT object-inspect@1.13.4 OK for: es-abstract@1.24.2 want: ^1.13.4
1592 silly placeDep ROOT object.assign@4.1.7 OK for: es-abstract@1.24.2 want: ^4.1.7
1593 silly placeDep ROOT own-keys@1.0.2 OK for: es-abstract@1.24.2 want: ^1.0.1
1594 silly placeDep ROOT regexp.prototype.flags@1.5.4 OK for: es-abstract@1.24.2 want: ^1.5.4
1595 silly placeDep ROOT safe-array-concat@1.1.4 OK for: es-abstract@1.24.2 want: ^1.1.3
1596 silly placeDep ROOT safe-push-apply@1.0.0 OK for: es-abstract@1.24.2 want: ^1.0.0
1597 silly placeDep ROOT safe-regex-test@1.1.0 OK for: es-abstract@1.24.2 want: ^1.1.0
1598 silly placeDep ROOT set-proto@1.0.0 OK for: es-abstract@1.24.2 want: ^1.0.0
1599 silly placeDep ROOT stop-iteration-iterator@1.1.0 OK for: es-abstract@1.24.2 want: ^1.1.0
1600 silly placeDep ROOT string.prototype.trim@1.2.11 OK for: es-abstract@1.24.2 want: ^1.2.10
1601 silly placeDep ROOT string.prototype.trimstart@1.0.8 OK for: es-abstract@1.24.2 want: ^1.0.8
1602 silly placeDep ROOT typed-array-buffer@1.0.3 OK for: es-abstract@1.24.2 want: ^1.0.3
1603 silly placeDep ROOT typed-array-byte-length@1.0.3 OK for: es-abstract@1.24.2 want: ^1.0.3
1604 silly placeDep ROOT typed-array-byte-offset@1.0.4 OK for: es-abstract@1.24.2 want: ^1.0.4
1605 silly placeDep ROOT typed-array-length@1.0.8 OK for: es-abstract@1.24.2 want: ^1.0.7
1606 silly placeDep ROOT unbox-primitive@1.1.0 OK for: es-abstract@1.24.2 want: ^1.1.0
1607 silly placeDep ROOT which-typed-array@1.1.22 OK for: es-abstract@1.24.2 want: ^1.1.19
1608 silly fetch manifest is-array-buffer@^3.0.4
1609 silly packumentCache full:https://registry.npmjs.org/is-array-buffer cache-miss
1610 silly fetch manifest possible-typed-array-names@^1.0.0
1611 silly packumentCache full:https://registry.npmjs.org/possible-typed-array-names cache-miss
1612 silly fetch manifest is-data-view@^1.0.1
1613 silly packumentCache full:https://registry.npmjs.org/is-data-view cache-miss
1614 silly fetch manifest is-symbol@^1.1.1
1615 silly packumentCache full:https://registry.npmjs.org/is-symbol cache-miss
1616 silly fetch manifest is-date-object@^1.1.0
1617 silly packumentCache full:https://registry.npmjs.org/is-date-object cache-miss
1618 silly fetch manifest es-abstract-get@^1.0.0
1619 silly packumentCache full:https://registry.npmjs.org/es-abstract-get cache-miss
1620 silly fetch manifest is-document.all@^1.0.0
1621 silly packumentCache full:https://registry.npmjs.org/is-document.all cache-miss
1622 http cache https://registry.npmjs.org/is-array-buffer 9ms (cache hit)
1623 silly packumentCache full:https://registry.npmjs.org/is-array-buffer set size:33562 disposed:false
1624 silly fetch manifest functions-have-names@^1.2.3
1625 silly packumentCache full:https://registry.npmjs.org/functions-have-names cache-miss
1626 http cache https://registry.npmjs.org/is-data-view 10ms (cache hit)
1627 silly packumentCache full:https://registry.npmjs.org/is-data-view set size:13756 disposed:false
1628 silly fetch manifest dunder-proto@^1.0.1
1629 silly packumentCache full:https://registry.npmjs.org/dunder-proto cache-miss
1630 http fetch GET 200 https://registry.npmjs.org/dunder-proto 44ms (cache miss)
1631 silly packumentCache full:https://registry.npmjs.org/dunder-proto set size:undefined disposed:false
1632 silly fetch manifest dunder-proto@^1.0.0
1633 silly packumentCache full:https://registry.npmjs.org/dunder-proto cache-miss
1634 http cache https://registry.npmjs.org/dunder-proto 1ms (cache hit)
1635 silly packumentCache full:https://registry.npmjs.org/dunder-proto set size:8256 disposed:false
1636 silly fetch manifest side-channel@^1.1.0
1637 silly packumentCache full:https://registry.npmjs.org/side-channel cache-miss
1638 http fetch GET 200 https://registry.npmjs.org/possible-typed-array-names 324ms (cache miss)
1639 silly packumentCache full:https://registry.npmjs.org/possible-typed-array-names set size:undefined disposed:false
1640 silly fetch manifest is-typed-array@^1.1.13
1641 silly packumentCache full:https://registry.npmjs.org/is-typed-array cache-miss
1642 http fetch GET 200 https://registry.npmjs.org/is-document.all 323ms (cache miss)
1643 silly packumentCache full:https://registry.npmjs.org/is-document.all set size:undefined disposed:false
1644 silly fetch manifest which-typed-array@^1.1.16
1645 silly packumentCache full:https://registry.npmjs.org/which-typed-array cache-miss
1646 http cache https://registry.npmjs.org/is-typed-array 2ms (cache hit)
1647 silly packumentCache full:https://registry.npmjs.org/is-typed-array set size:79965 disposed:false
1648 silly fetch manifest set-function-name@^2.0.2
1649 silly packumentCache full:https://registry.npmjs.org/set-function-name cache-miss
1650 http cache https://registry.npmjs.org/which-typed-array 2ms (cache hit)
1651 silly packumentCache full:https://registry.npmjs.org/which-typed-array set size:101551 disposed:false
1652 silly fetch manifest isarray@^2.0.5
1653 silly packumentCache full:https://registry.npmjs.org/isarray cache-miss
1654 http fetch GET 200 https://registry.npmjs.org/is-date-object 329ms (cache miss)
1655 silly packumentCache full:https://registry.npmjs.org/is-date-object set size:undefined disposed:false
1656 silly fetch manifest isarray@^2.0.5
1657 silly packumentCache full:https://registry.npmjs.org/isarray cache-miss
1658 http fetch GET 200 https://registry.npmjs.org/functions-have-names 324ms (cache miss)
1659 silly packumentCache full:https://registry.npmjs.org/functions-have-names set size:undefined disposed:false
1660 silly fetch manifest for-each@^0.3.3
1661 silly packumentCache full:https://registry.npmjs.org/for-each cache-miss
1662 http fetch GET 200 https://registry.npmjs.org/is-symbol 334ms (cache miss)
1663 silly packumentCache full:https://registry.npmjs.org/is-symbol set size:undefined disposed:false
1664 silly fetch manifest for-each@^0.3.3
1665 silly packumentCache full:https://registry.npmjs.org/for-each cache-miss
1666 http fetch GET 200 https://registry.npmjs.org/es-abstract-get 338ms (cache miss)
1667 silly packumentCache full:https://registry.npmjs.org/es-abstract-get set size:undefined disposed:false
1668 silly fetch manifest reflect.getprototypeof@^1.0.9
1669 silly packumentCache full:https://registry.npmjs.org/reflect.getprototypeof cache-miss
1670 http fetch GET 200 https://registry.npmjs.org/side-channel 328ms (cache miss)
1671 silly packumentCache full:https://registry.npmjs.org/side-channel set size:undefined disposed:false
1672 silly fetch manifest for-each@^0.3.5
1673 silly packumentCache full:https://registry.npmjs.org/for-each cache-miss
1674 http fetch GET 200 https://registry.npmjs.org/for-each 409ms (cache miss)
1675 silly packumentCache full:https://registry.npmjs.org/for-each set size:undefined disposed:false
1676 silly fetch manifest possible-typed-array-names@^1.1.0
1677 silly packumentCache full:https://registry.npmjs.org/possible-typed-array-names cache-miss
1678 http fetch GET 200 https://registry.npmjs.org/isarray 418ms (cache miss)
1679 silly packumentCache full:https://registry.npmjs.org/isarray set size:undefined disposed:false
1680 silly fetch manifest reflect.getprototypeof@^1.0.10
1681 silly packumentCache full:https://registry.npmjs.org/reflect.getprototypeof cache-miss
1682 http fetch GET 200 https://registry.npmjs.org/set-function-name 420ms (cache miss)
1683 silly packumentCache full:https://registry.npmjs.org/set-function-name set size:undefined disposed:false
1684 silly fetch manifest has-bigints@^1.0.2
1685 silly packumentCache full:https://registry.npmjs.org/has-bigints cache-miss
1686 http fetch GET 200 https://registry.npmjs.org/isarray 417ms (cache miss)
1687 silly packumentCache full:https://registry.npmjs.org/isarray set size:undefined disposed:false
1688 silly fetch manifest which-boxed-primitive@^1.1.1
1689 silly packumentCache full:https://registry.npmjs.org/which-boxed-primitive cache-miss
1690 http fetch GET 200 https://registry.npmjs.org/for-each 414ms (cache miss)
1691 silly packumentCache full:https://registry.npmjs.org/for-each set size:undefined disposed:false
1692 silly fetch manifest for-each@^0.3.5
1693 silly packumentCache full:https://registry.npmjs.org/for-each cache-miss
1694 http fetch GET 200 https://registry.npmjs.org/for-each 365ms (cache miss)
1695 silly packumentCache full:https://registry.npmjs.org/for-each set size:undefined disposed:false
1696 http cache https://registry.npmjs.org/possible-typed-array-names 5ms (cache hit)
1697 silly packumentCache full:https://registry.npmjs.org/possible-typed-array-names set size:9167 disposed:false
1698 http cache https://registry.npmjs.org/for-each 2ms (cache hit)
1699 silly packumentCache full:https://registry.npmjs.org/for-each set size:14327 disposed:false
1700 http fetch GET 200 https://registry.npmjs.org/reflect.getprototypeof 29ms (cache miss)
1701 silly packumentCache full:https://registry.npmjs.org/reflect.getprototypeof set size:undefined disposed:false
1702 http fetch GET 200 https://registry.npmjs.org/which-boxed-primitive 301ms (cache miss)
1703 silly packumentCache full:https://registry.npmjs.org/which-boxed-primitive set size:undefined disposed:false
1704 http fetch GET 200 https://registry.npmjs.org/has-bigints 323ms (cache miss)
1705 silly packumentCache full:https://registry.npmjs.org/has-bigints set size:undefined disposed:false
1706 http fetch GET 200 https://registry.npmjs.org/reflect.getprototypeof 1333ms (cache miss)
1707 silly packumentCache full:https://registry.npmjs.org/reflect.getprototypeof set size:undefined disposed:false
1708 silly placeDep ROOT possible-typed-array-names@1.1.0 OK for: available-typed-arrays@1.0.7 want: ^1.0.0
1709 silly placeDep ROOT has-tostringtag@1.0.2 OK for: es-set-tostringtag@2.1.0 want: ^1.0.2
1710 silly placeDep ROOT es-abstract-get@1.0.0 OK for: es-to-primitive@1.3.4 want: ^1.0.0
1711 silly placeDep ROOT is-date-object@1.1.0 OK for: es-to-primitive@1.3.4 want: ^1.1.0
1712 silly placeDep ROOT is-symbol@1.1.1 OK for: es-to-primitive@1.3.4 want: ^1.1.1
1713 silly placeDep node_modules/eslint-module-utils debug@3.2.7 OK for: eslint-module-utils@2.14.0 want: ^3.2.7
1714 silly placeDep ROOT aria-query@5.3.2 OK for: eslint-plugin-jsx-a11y@6.10.2 want: ^5.3.2
1715 silly placeDep ROOT ast-types-flow@0.0.8 OK for: eslint-plugin-jsx-a11y@6.10.2 want: ^0.0.8
1716 silly placeDep ROOT axe-core@4.12.1 OK for: eslint-plugin-jsx-a11y@6.10.2 want: ^4.10.0
1717 silly placeDep ROOT axobject-query@4.1.0 OK for: eslint-plugin-jsx-a11y@6.10.2 want: ^4.1.0
1718 silly placeDep ROOT damerau-levenshtein@1.0.8 OK for: eslint-plugin-jsx-a11y@6.10.2 want: ^1.0.8
1719 silly placeDep ROOT emoji-regex@9.2.2 OK for: eslint-plugin-jsx-a11y@6.10.2 want: ^9.2.2
1720 silly placeDep ROOT jsx-ast-utils@3.3.5 OK for: eslint-plugin-jsx-a11y@6.10.2 want: ^3.3.5
1721 silly placeDep ROOT language-tags@1.0.9 OK for: eslint-plugin-jsx-a11y@6.10.2 want: ^1.0.9
1722 silly placeDep ROOT string.prototype.includes@2.0.1 OK for: eslint-plugin-jsx-a11y@6.10.2 want: ^2.0.1
1723 silly fetch manifest language-subtag-registry@^0.3.20
1724 silly packumentCache full:https://registry.npmjs.org/language-subtag-registry cache-miss
1725 http fetch GET 200 https://registry.npmjs.org/language-subtag-registry 312ms (cache miss)
1726 silly packumentCache full:https://registry.npmjs.org/language-subtag-registry set size:undefined disposed:false
1727 silly placeDep ROOT array.prototype.findlast@1.2.5 OK for: eslint-plugin-react@7.37.5 want: ^1.2.5
1728 silly placeDep ROOT array.prototype.tosorted@1.1.4 OK for: eslint-plugin-react@7.37.5 want: ^1.1.4
1729 silly placeDep ROOT es-iterator-helpers@1.4.0 OK for: eslint-plugin-react@7.37.5 want: ^1.2.1
1730 silly placeDep ROOT estraverse@5.3.0 OK for: eslint-plugin-react@7.37.5 want: ^5.3.0
1731 silly placeDep ROOT object.entries@1.1.9 OK for: eslint-plugin-react@7.37.5 want: ^1.1.9
1732 silly placeDep ROOT prop-types@15.8.1 OK for: eslint-plugin-react@7.37.5 want: ^15.8.1
1733 silly placeDep ROOT string.prototype.matchall@4.0.12 OK for: eslint-plugin-react@7.37.5 want: ^4.0.12
1734 silly placeDep ROOT string.prototype.repeat@1.0.0 OK for: eslint-plugin-react@7.37.5 want: ^1.0.0
1735 silly fetch manifest iterator.prototype@^1.1.5
1736 silly packumentCache full:https://registry.npmjs.org/iterator.prototype cache-miss
1737 silly fetch manifest loose-envify@^1.4.0
1738 silly packumentCache full:https://registry.npmjs.org/loose-envify cache-miss
1739 silly fetch manifest object-assign@^4.1.1
1740 silly packumentCache full:https://registry.npmjs.org/object-assign cache-miss
1741 silly fetch manifest react-is@^16.13.1
1742 silly packumentCache full:https://registry.npmjs.org/react-is cache-miss
1743 http fetch GET 200 https://registry.npmjs.org/loose-envify 318ms (cache miss)
1744 silly packumentCache full:https://registry.npmjs.org/loose-envify set size:undefined disposed:false
1745 http fetch GET 200 https://registry.npmjs.org/object-assign 330ms (cache miss)
1746 silly packumentCache full:https://registry.npmjs.org/object-assign set size:undefined disposed:false
1747 http fetch GET 200 https://registry.npmjs.org/iterator.prototype 346ms (cache miss)
1748 silly packumentCache full:https://registry.npmjs.org/iterator.prototype set size:undefined disposed:false
1749 http fetch GET 200 https://registry.npmjs.org/react-is 924ms (cache miss)
1750 silly packumentCache full:https://registry.npmjs.org/react-is set size:undefined disposed:false
1751 silly placeDep ROOT iterator.prototype@1.1.5 OK for: es-iterator-helpers@1.4.0 want: ^1.1.5
1752 silly placeDep ROOT @babel/core@7.29.7 OK for: eslint-plugin-react-hooks@7.1.1 want: ^7.24.4
1753 silly placeDep ROOT @babel/parser@7.29.8 OK for: eslint-plugin-react-hooks@7.1.1 want: ^7.24.4
1754 silly placeDep ROOT hermes-parser@0.25.1 OK for: eslint-plugin-react-hooks@7.1.1 want: ^0.25.1
1755 silly placeDep ROOT zod@4.4.3 OK for: eslint-plugin-react-hooks@7.1.1 want: ^3.25.0 || ^4.0.0
1756 silly placeDep ROOT zod-validation-error@4.0.2 OK for: eslint-plugin-react-hooks@7.1.1 want: ^3.5.0 || ^4.0.0
1757 silly fetch manifest json5@^2.2.3
1758 silly packumentCache full:https://registry.npmjs.org/json5 cache-miss
1759 silly fetch manifest gensync@^1.0.0-beta.2
1760 silly packumentCache full:https://registry.npmjs.org/gensync cache-miss
1761 silly fetch manifest @babel/types@^7.29.7
1762 silly packumentCache full:https://registry.npmjs.org/@babel%2ftypes cache-miss
1763 silly fetch manifest @babel/parser@^7.29.7
1764 silly packumentCache full:https://registry.npmjs.org/@babel%2fparser cache-miss
1765 silly fetch manifest @babel/helpers@^7.29.7
1766 silly packumentCache full:https://registry.npmjs.org/@babel%2fhelpers cache-miss
1767 silly fetch manifest @babel/template@^7.29.7
1768 silly packumentCache full:https://registry.npmjs.org/@babel%2ftemplate cache-miss
1769 silly fetch manifest @babel/traverse@^7.29.7
1770 silly packumentCache full:https://registry.npmjs.org/@babel%2ftraverse cache-miss
1771 http cache https://registry.npmjs.org/json5 10ms (cache hit)
1772 silly packumentCache full:https://registry.npmjs.org/json5 set size:86136 disposed:false
1773 silly fetch manifest @babel/generator@^7.29.7
1774 silly packumentCache full:https://registry.npmjs.org/@babel%2fgenerator cache-miss
1775 http cache https://registry.npmjs.org/@babel%2fparser 12ms (cache hit)
1776 silly packumentCache full:https://registry.npmjs.org/@babel%2fparser set size:737962 disposed:false
1777 silly fetch manifest @babel/code-frame@^7.29.7
1778 silly packumentCache full:https://registry.npmjs.org/@babel%2fcode-frame cache-miss
1779 http fetch GET 200 https://registry.npmjs.org/gensync 320ms (cache miss)
1780 silly packumentCache full:https://registry.npmjs.org/gensync set size:undefined disposed:false
1781 silly fetch manifest convert-source-map@^2.0.0
1782 silly packumentCache full:https://registry.npmjs.org/convert-source-map cache-miss
1783 http fetch GET 200 https://registry.npmjs.org/@babel%2fcode-frame 605ms (cache miss)
1784 silly packumentCache full:https://registry.npmjs.org/@babel%2fcode-frame set size:undefined disposed:false
1785 silly fetch manifest @babel/helper-module-transforms@^7.29.7
1786 silly packumentCache full:https://registry.npmjs.org/@babel%2fhelper-module-transforms cache-miss
1787 http fetch GET 200 https://registry.npmjs.org/convert-source-map 345ms (cache miss)
1788 silly packumentCache full:https://registry.npmjs.org/convert-source-map set size:undefined disposed:false
1789 silly fetch manifest @babel/helper-compilation-targets@^7.29.7
1790 silly packumentCache full:https://registry.npmjs.org/@babel%2fhelper-compilation-targets cache-miss
1791 http fetch GET 200 https://registry.npmjs.org/@babel%2ftemplate 723ms (cache miss)
1792 silly packumentCache full:https://registry.npmjs.org/@babel%2ftemplate set size:undefined disposed:false
1793 silly fetch manifest @babel/types@^7.29.8
1794 silly packumentCache full:https://registry.npmjs.org/@babel%2ftypes cache-miss
1795 http fetch GET 200 https://registry.npmjs.org/@babel%2fhelpers 736ms (cache miss)
1796 silly packumentCache full:https://registry.npmjs.org/@babel%2fhelpers set size:undefined disposed:false
1797 silly fetch manifest hermes-estree@0.25.1
1798 silly packumentCache full:https://registry.npmjs.org/hermes-estree cache-miss
1799 http fetch GET 200 https://registry.npmjs.org/@babel%2ftraverse 738ms (cache miss)
1800 silly packumentCache full:https://registry.npmjs.org/@babel%2ftraverse set size:undefined disposed:false
1801 http fetch GET 200 https://registry.npmjs.org/@babel%2fgenerator 930ms (cache miss)
1802 silly packumentCache full:https://registry.npmjs.org/@babel%2fgenerator set size:undefined disposed:false
1803 http fetch GET 200 https://registry.npmjs.org/@babel%2ftypes 249ms (cache miss)
1804 silly packumentCache full:https://registry.npmjs.org/@babel%2ftypes set size:undefined disposed:false
1805 http fetch GET 200 https://registry.npmjs.org/hermes-estree 329ms (cache miss)
1806 silly packumentCache full:https://registry.npmjs.org/hermes-estree set size:undefined disposed:false
1807 http fetch GET 200 https://registry.npmjs.org/@babel%2fhelper-module-transforms 620ms (cache miss)
1808 silly packumentCache full:https://registry.npmjs.org/@babel%2fhelper-module-transforms set size:undefined disposed:false
1809 http fetch GET 200 https://registry.npmjs.org/@babel%2fhelper-compilation-targets 597ms (cache miss)
1810 silly packumentCache full:https://registry.npmjs.org/@babel%2fhelper-compilation-targets set size:undefined disposed:false
1811 http fetch GET 200 https://registry.npmjs.org/@babel%2ftypes 2298ms (cache miss)
1812 silly packumentCache full:https://registry.npmjs.org/@babel%2ftypes set size:undefined disposed:false
1813 silly fetch manifest @babel/core@^7.0.0
1814 silly packumentCache full:https://registry.npmjs.org/@babel%2fcore cache-miss
1815 http cache https://registry.npmjs.org/@babel%2fcore 3ms (cache hit)
1816 silly packumentCache full:https://registry.npmjs.org/@babel%2fcore set size:788273 disposed:false
1817 silly placeDep ROOT @babel/code-frame@7.29.7 OK for: @babel/core@7.29.7 want: ^7.29.7
1818 silly placeDep ROOT @babel/generator@7.29.8 OK for: @babel/core@7.29.7 want: ^7.29.7
1819 silly placeDep ROOT @babel/helper-compilation-targets@7.29.7 OK for: @babel/core@7.29.7 want: ^7.29.7
1820 silly placeDep ROOT @babel/helper-module-transforms@7.29.7 OK for: @babel/core@7.29.7 want: ^7.29.7
1821 silly placeDep ROOT @babel/helpers@7.29.7 OK for: @babel/core@7.29.7 want: ^7.29.7
1822 silly placeDep ROOT @babel/template@7.29.7 OK for: @babel/core@7.29.7 want: ^7.29.7
1823 silly placeDep ROOT @babel/traverse@7.29.8 OK for: @babel/core@7.29.7 want: ^7.29.7
1824 silly placeDep ROOT @babel/types@7.29.8 OK for: @babel/core@7.29.7 want: ^7.29.7
1825 silly placeDep ROOT convert-source-map@2.0.0 OK for: @babel/core@7.29.7 want: ^2.0.0
1826 silly placeDep ROOT gensync@1.0.0-beta.2 OK for: @babel/core@7.29.7 want: ^1.0.0-beta.2
1827 silly placeDep ROOT json5@2.2.3 OK for: @babel/core@7.29.7 want: ^2.2.3
1828 silly fetch manifest js-tokens@^4.0.0
1829 silly packumentCache full:https://registry.npmjs.org/js-tokens cache-miss
1830 silly fetch manifest @babel/helper-validator-identifier@^7.29.7
1831 silly packumentCache full:https://registry.npmjs.org/@babel%2fhelper-validator-identifier cache-miss
1832 silly fetch manifest jsesc@^3.0.2
1833 silly packumentCache full:https://registry.npmjs.org/jsesc cache-miss
1834 silly fetch manifest lru-cache@^5.1.1
1835 silly packumentCache full:https://registry.npmjs.org/lru-cache cache-miss
1836 silly fetch manifest browserslist@^4.24.0
1837 silly packumentCache full:https://registry.npmjs.org/browserslist cache-miss
1838 silly fetch manifest @babel/compat-data@^7.29.7
1839 silly packumentCache full:https://registry.npmjs.org/@babel%2fcompat-data cache-miss
1840 silly fetch manifest @babel/helper-validator-option@^7.29.7
1841 silly packumentCache full:https://registry.npmjs.org/@babel%2fhelper-validator-option cache-miss
1842 http fetch GET 200 https://registry.npmjs.org/lru-cache 92ms (cache miss)
1843 silly packumentCache full:https://registry.npmjs.org/lru-cache set size:undefined disposed:false
1844 silly fetch manifest @babel/helper-module-imports@^7.29.7
1845 silly packumentCache full:https://registry.npmjs.org/@babel%2fhelper-module-imports cache-miss
1846 http fetch GET 200 https://registry.npmjs.org/js-tokens 485ms (cache miss)
1847 silly packumentCache full:https://registry.npmjs.org/js-tokens set size:undefined disposed:false
1848 silly fetch manifest @babel/helper-validator-identifier@^7.29.7
1849 silly packumentCache full:https://registry.npmjs.org/@babel%2fhelper-validator-identifier cache-miss
1850 http fetch GET 200 https://registry.npmjs.org/jsesc 503ms (cache miss)
1851 silly packumentCache full:https://registry.npmjs.org/jsesc set size:undefined disposed:false
1852 silly fetch manifest @babel/helper-globals@^7.29.7
1853 silly packumentCache full:https://registry.npmjs.org/@babel%2fhelper-globals cache-miss
1854 http fetch GET 200 https://registry.npmjs.org/browserslist 528ms (cache miss)
1855 silly packumentCache full:https://registry.npmjs.org/browserslist set size:undefined disposed:false
1856 silly fetch manifest @babel/helper-string-parser@^7.29.7
1857 silly packumentCache full:https://registry.npmjs.org/@babel%2fhelper-string-parser cache-miss
1858 http fetch GET 200 https://registry.npmjs.org/@babel%2fcompat-data 724ms (cache miss)
1859 silly packumentCache full:https://registry.npmjs.org/@babel%2fcompat-data set size:undefined disposed:false
1860 silly fetch manifest @babel/helper-validator-identifier@^7.29.7
1861 silly packumentCache full:https://registry.npmjs.org/@babel%2fhelper-validator-identifier cache-miss
1862 http fetch GET 200 https://registry.npmjs.org/@babel%2fhelper-validator-identifier 727ms (cache miss)
1863 silly packumentCache full:https://registry.npmjs.org/@babel%2fhelper-validator-identifier set size:undefined disposed:false
1864 http cache https://registry.npmjs.org/@babel%2fhelper-validator-identifier 4ms (cache hit)
1865 silly packumentCache full:https://registry.npmjs.org/@babel%2fhelper-validator-identifier set size:130133 disposed:false
1866 http fetch GET 200 https://registry.npmjs.org/@babel%2fhelper-validator-identifier 254ms (cache miss)
1867 silly packumentCache full:https://registry.npmjs.org/@babel%2fhelper-validator-identifier set size:undefined disposed:false
1868 silly packumentCache full:https://registry.npmjs.org/@babel%2fhelper-validator-identifier dispose
1869 http fetch GET 200 https://registry.npmjs.org/@babel%2fhelper-module-imports 671ms (cache miss)
1870 silly packumentCache full:https://registry.npmjs.org/@babel%2fhelper-module-imports set size:undefined disposed:false
1871 http fetch GET 200 https://registry.npmjs.org/@babel%2fhelper-validator-option 770ms (cache miss)
1872 silly packumentCache full:https://registry.npmjs.org/@babel%2fhelper-validator-option set size:undefined disposed:false
1873 http fetch GET 200 https://registry.npmjs.org/@babel%2fhelper-globals 700ms (cache miss)
1874 silly packumentCache full:https://registry.npmjs.org/@babel%2fhelper-globals set size:undefined disposed:false
1875 http fetch GET 200 https://registry.npmjs.org/@babel%2fhelper-string-parser 673ms (cache miss)
1876 silly packumentCache full:https://registry.npmjs.org/@babel%2fhelper-string-parser set size:undefined disposed:false
1877 silly placeDep ROOT @babel/helper-validator-identifier@7.29.7 OK for: @babel/code-frame@7.29.7 want: ^7.29.7
1878 silly placeDep ROOT js-tokens@4.0.0 OK for: @babel/code-frame@7.29.7 want: ^4.0.0
1879 silly placeDep ROOT picocolors@1.1.1 OK for: @babel/code-frame@7.29.7 want: ^1.1.1
1880 silly placeDep ROOT jsesc@3.1.0 OK for: @babel/generator@7.29.8 want: ^3.0.2
1881 silly placeDep ROOT @babel/compat-data@7.29.7 OK for: @babel/helper-compilation-targets@7.29.7 want: ^7.29.7
1882 silly placeDep ROOT @babel/helper-validator-option@7.29.7 OK for: @babel/helper-compilation-targets@7.29.7 want: ^7.29.7
1883 silly placeDep ROOT browserslist@4.28.7 OK for: @babel/helper-compilation-targets@7.29.7 want: ^4.24.0
1884 silly placeDep ROOT lru-cache@5.1.1 OK for: @babel/helper-compilation-targets@7.29.7 want: ^5.1.1
1885 silly fetch manifest caniuse-lite@^1.0.30001806
1886 silly packumentCache full:https://registry.npmjs.org/caniuse-lite cache-miss
1887 silly fetch manifest node-releases@^2.0.51
1888 silly packumentCache full:https://registry.npmjs.org/node-releases cache-miss
1889 silly fetch manifest electron-to-chromium@^1.5.393
1890 silly packumentCache full:https://registry.npmjs.org/electron-to-chromium cache-miss
1891 silly fetch manifest update-browserslist-db@^1.2.3
1892 silly packumentCache full:https://registry.npmjs.org/update-browserslist-db cache-miss
1893 silly fetch manifest baseline-browser-mapping@^2.10.44
1894 silly packumentCache full:https://registry.npmjs.org/baseline-browser-mapping cache-miss
1895 silly fetch manifest yallist@^3.0.2
1896 silly packumentCache full:https://registry.npmjs.org/yallist cache-miss
1897 http cache https://registry.npmjs.org/baseline-browser-mapping 4ms (cache hit)
1898 silly packumentCache full:https://registry.npmjs.org/baseline-browser-mapping set size:576835 disposed:false
1899 http cache https://registry.npmjs.org/caniuse-lite 9ms (cache hit)
1900 silly packumentCache full:https://registry.npmjs.org/caniuse-lite set size:2306880 disposed:false
1901 http fetch GET 200 https://registry.npmjs.org/yallist 430ms (cache miss)
1902 silly packumentCache full:https://registry.npmjs.org/yallist set size:undefined disposed:false
1903 http fetch GET 200 https://registry.npmjs.org/update-browserslist-db 855ms (cache miss)
1904 silly packumentCache full:https://registry.npmjs.org/update-browserslist-db set size:undefined disposed:false
1905 http fetch GET 200 https://registry.npmjs.org/electron-to-chromium 1225ms (cache miss)
1906 silly packumentCache full:https://registry.npmjs.org/electron-to-chromium set size:undefined disposed:false
1907 http fetch GET 200 https://registry.npmjs.org/node-releases 6809ms (cache miss)
1908 silly packumentCache full:https://registry.npmjs.org/node-releases set size:undefined disposed:false
1909 silly placeDep ROOT @babel/helper-module-imports@7.29.7 OK for: @babel/helper-module-transforms@7.29.7 want: ^7.29.7
1910 silly placeDep ROOT @babel/helper-globals@7.29.7 OK for: @babel/traverse@7.29.8 want: ^7.29.7
1911 silly placeDep ROOT @babel/helper-string-parser@7.29.7 OK for: @babel/types@7.29.8 want: ^7.29.7
1912 silly fetch manifest browserslist@>= 4.21.0
1913 silly packumentCache full:https://registry.npmjs.org/browserslist cache-miss
1914 http cache https://registry.npmjs.org/browserslist 3ms (cache hit)
1915 silly packumentCache full:https://registry.npmjs.org/browserslist set size:516369 disposed:false
1916 silly placeDep ROOT baseline-browser-mapping@2.11.9 OK for: browserslist@4.28.7 want: ^2.10.44
1917 silly placeDep ROOT caniuse-lite@1.0.30001806 OK for: browserslist@4.28.7 want: ^1.0.30001806
1918 silly placeDep ROOT electron-to-chromium@1.5.399 OK for: browserslist@4.28.7 want: ^1.5.393
1919 silly placeDep ROOT node-releases@2.0.51 OK for: browserslist@4.28.7 want: ^2.0.51
1920 silly placeDep ROOT update-browserslist-db@1.2.3 OK for: browserslist@4.28.7 want: ^1.2.3
1921 silly fetch manifest escalade@^3.2.0
1922 silly packumentCache full:https://registry.npmjs.org/escalade cache-miss
1923 http fetch GET 200 https://registry.npmjs.org/escalade 127ms (cache miss)
1924 silly packumentCache full:https://registry.npmjs.org/escalade set size:undefined disposed:false
1925 silly placeDep ROOT esrecurse@4.3.0 OK for: eslint-scope@8.4.0 want: ^4.3.0
1926 silly placeDep ROOT acorn@8.18.0 OK for: espree@10.4.0 want: ^8.15.0
1927 silly placeDep ROOT acorn-jsx@5.3.2 OK for: espree@10.4.0 want: ^5.3.2
1928 silly placeDep ROOT @nodelib/fs.stat@2.0.5 OK for: fast-glob@3.3.1 want: ^2.0.2
1929 silly placeDep ROOT @nodelib/fs.walk@1.2.8 OK for: fast-glob@3.3.1 want: ^1.2.3
1930 silly placeDep node_modules/fast-glob glob-parent@5.1.2 OK for: fast-glob@3.3.1 want: ^5.1.2
1931 silly placeDep ROOT merge2@1.4.1 OK for: fast-glob@3.3.1 want: ^1.3.0
1932 silly placeDep ROOT micromatch@4.0.8 OK for: fast-glob@3.3.1 want: ^4.0.4
1933 silly fetch manifest fastq@^1.6.0
1934 silly packumentCache full:https://registry.npmjs.org/fastq cache-miss
1935 silly fetch manifest @nodelib/fs.scandir@2.1.5
1936 silly packumentCache full:https://registry.npmjs.org/@nodelib%2ffs.scandir cache-miss
1937 silly fetch manifest braces@^3.0.3
1938 silly packumentCache full:https://registry.npmjs.org/braces cache-miss
1939 silly fetch manifest picomatch@^2.3.1
1940 silly packumentCache full:https://registry.npmjs.org/picomatch cache-miss
1941 http cache https://registry.npmjs.org/picomatch 3ms (cache hit)
1942 silly packumentCache full:https://registry.npmjs.org/picomatch set size:128942 disposed:false
1943 http fetch GET 200 https://registry.npmjs.org/fastq 356ms (cache miss)
1944 silly packumentCache full:https://registry.npmjs.org/fastq set size:undefined disposed:false
1945 http fetch GET 200 https://registry.npmjs.org/braces 358ms (cache miss)
1946 silly packumentCache full:https://registry.npmjs.org/braces set size:undefined disposed:false
1947 http fetch GET 200 https://registry.npmjs.org/@nodelib%2ffs.scandir 823ms (cache miss)
1948 silly packumentCache full:https://registry.npmjs.org/@nodelib%2ffs.scandir set size:undefined disposed:false
1949 silly placeDep ROOT @nodelib/fs.scandir@2.1.5 OK for: @nodelib/fs.walk@1.2.8 want: 2.1.5
1950 silly placeDep ROOT fastq@1.20.1 OK for: @nodelib/fs.walk@1.2.8 want: ^1.6.0
1951 silly fetch manifest run-parallel@^1.1.9
1952 silly packumentCache full:https://registry.npmjs.org/run-parallel cache-miss
1953 silly fetch manifest reusify@^1.0.4
1954 silly packumentCache full:https://registry.npmjs.org/reusify cache-miss
1955 http fetch GET 200 https://registry.npmjs.org/reusify 299ms (cache miss)
1956 silly packumentCache full:https://registry.npmjs.org/reusify set size:undefined disposed:false
1957 http fetch GET 200 https://registry.npmjs.org/run-parallel 345ms (cache miss)
1958 silly packumentCache full:https://registry.npmjs.org/run-parallel set size:undefined disposed:false
1959 silly placeDep ROOT run-parallel@1.2.0 OK for: @nodelib/fs.scandir@2.1.5 want: ^1.1.9
1960 silly fetch manifest queue-microtask@^1.2.2
1961 silly packumentCache full:https://registry.npmjs.org/queue-microtask cache-miss
1962 http fetch GET 200 https://registry.npmjs.org/queue-microtask 783ms (cache miss)
1963 silly packumentCache full:https://registry.npmjs.org/queue-microtask set size:undefined disposed:false
1964 silly placeDep ROOT reusify@1.1.0 OK for: fastq@1.20.1 want: ^1.0.4
1965 silly placeDep ROOT flat-cache@4.0.1 OK for: file-entry-cache@8.0.0 want: ^4.0.0
1966 silly fetch manifest keyv@^4.5.4
1967 silly packumentCache full:https://registry.npmjs.org/keyv cache-miss
1968 silly fetch manifest flatted@^3.2.9
1969 silly packumentCache full:https://registry.npmjs.org/flatted cache-miss
1970 http fetch GET 200 https://registry.npmjs.org/flatted 379ms (cache miss)
1971 silly packumentCache full:https://registry.npmjs.org/flatted set size:undefined disposed:false
1972 http fetch GET 200 https://registry.npmjs.org/keyv 584ms (cache miss)
1973 silly packumentCache full:https://registry.npmjs.org/keyv set size:undefined disposed:false
1974 silly placeDep ROOT locate-path@6.0.0 OK for: find-up@5.0.0 want: ^6.0.0
1975 silly placeDep ROOT path-exists@4.0.0 OK for: find-up@5.0.0 want: ^4.0.0
1976 silly fetch manifest p-locate@^5.0.0
1977 silly packumentCache full:https://registry.npmjs.org/p-locate cache-miss
1978 http fetch GET 200 https://registry.npmjs.org/p-locate 361ms (cache miss)
1979 silly packumentCache full:https://registry.npmjs.org/p-locate set size:undefined disposed:false
1980 silly placeDep ROOT flatted@3.4.4 OK for: flat-cache@4.0.1 want: ^3.2.9
1981 silly placeDep ROOT keyv@4.5.4 OK for: flat-cache@4.0.1 want: ^4.5.4
1982 silly fetch manifest json-buffer@3.0.1
1983 silly packumentCache full:https://registry.npmjs.org/json-buffer cache-miss
1984 http fetch GET 200 https://registry.npmjs.org/json-buffer 33ms (cache miss)
1985 silly packumentCache full:https://registry.npmjs.org/json-buffer set size:undefined disposed:false
1986 silly placeDep ROOT functions-have-names@1.2.3 OK for: function.prototype.name@1.2.0 want: ^1.2.3
1987 silly placeDep ROOT is-document.all@1.0.0 OK for: function.prototype.name@1.2.0 want: ^1.0.0
1988 silly placeDep ROOT dunder-proto@1.0.1 OK for: get-proto@1.0.1 want: ^1.0.1
1989 silly placeDep ROOT resolve-pkg-maps@1.0.0 OK for: get-tsconfig@4.14.0 want: ^1.0.0
1990 silly placeDep ROOT hermes-estree@0.25.1 OK for: hermes-parser@0.25.1 want: 0.25.1
1991 silly placeDep ROOT parent-module@1.0.1 OK for: import-fresh@3.3.1 want: ^1.0.0
1992 silly placeDep ROOT resolve-from@4.0.0 OK for: import-fresh@3.3.1 want: ^4.0.0
1993 silly fetch manifest callsites@^3.0.0
1994 silly packumentCache full:https://registry.npmjs.org/callsites cache-miss
1995 http fetch GET 200 https://registry.npmjs.org/callsites 35ms (cache miss)
1996 silly packumentCache full:https://registry.npmjs.org/callsites set size:undefined disposed:false
1997 silly placeDep ROOT side-channel@1.1.1 OK for: internal-slot@1.1.0 want: ^1.1.0
1998 silly fetch manifest side-channel-list@^1.0.1
1999 silly packumentCache full:https://registry.npmjs.org/side-channel-list cache-miss
2000 silly fetch manifest side-channel-map@^1.0.1
2001 silly packumentCache full:https://registry.npmjs.org/side-channel-map cache-miss
2002 silly fetch manifest side-channel-weakmap@^1.0.2
2003 silly packumentCache full:https://registry.npmjs.org/side-channel-weakmap cache-miss
2004 http fetch GET 200 https://registry.npmjs.org/side-channel-weakmap 36ms (cache miss)
2005 silly packumentCache full:https://registry.npmjs.org/side-channel-weakmap set size:undefined disposed:false
2006 http fetch GET 200 https://registry.npmjs.org/side-channel-list 43ms (cache miss)
2007 silly packumentCache full:https://registry.npmjs.org/side-channel-list set size:undefined disposed:false
2008 http fetch GET 200 https://registry.npmjs.org/side-channel-map 362ms (cache miss)
2009 silly packumentCache full:https://registry.npmjs.org/side-channel-map set size:undefined disposed:false
2010 silly placeDep node_modules/is-bun-module semver@7.8.5 OK for: is-bun-module@2.0.0 want: ^7.7.1
2011 silly placeDep ROOT is-extglob@2.1.1 OK for: is-glob@4.0.3 want: ^2.1.1
2012 silly placeDep ROOT set-function-name@2.0.2 OK for: iterator.prototype@1.1.5 want: ^2.0.2
2013 silly placeDep ROOT argparse@2.0.1 OK for: js-yaml@4.3.1 want: ^2.0.1
2014 silly placeDep ROOT json-buffer@3.0.1 OK for: keyv@4.5.4 want: 3.0.1
2015 silly placeDep ROOT language-subtag-registry@0.3.23 OK for: language-tags@1.0.9 want: ^0.3.20
2016 silly placeDep ROOT prelude-ls@1.2.1 OK for: levn@0.4.1 want: ^1.2.1
2017 silly placeDep ROOT type-check@0.4.0 OK for: levn@0.4.1 want: ~0.4.0
2018 silly placeDep ROOT detect-libc@2.1.2 OK for: lightningcss@1.32.0 want: ^2.0.3
2019 silly placeDep ROOT lightningcss-android-arm64@1.32.0 OK for: lightningcss@1.32.0 want: 1.32.0
2020 silly placeDep ROOT lightningcss-darwin-arm64@1.32.0 OK for: lightningcss@1.32.0 want: 1.32.0
2021 silly placeDep ROOT lightningcss-darwin-x64@1.32.0 OK for: lightningcss@1.32.0 want: 1.32.0
2022 silly placeDep ROOT lightningcss-freebsd-x64@1.32.0 OK for: lightningcss@1.32.0 want: 1.32.0
2023 silly placeDep ROOT lightningcss-linux-arm-gnueabihf@1.32.0 OK for: lightningcss@1.32.0 want: 1.32.0
2024 silly placeDep ROOT lightningcss-linux-arm64-gnu@1.32.0 OK for: lightningcss@1.32.0 want: 1.32.0
2025 silly placeDep ROOT lightningcss-linux-arm64-musl@1.32.0 OK for: lightningcss@1.32.0 want: 1.32.0
2026 silly placeDep ROOT lightningcss-linux-x64-gnu@1.32.0 OK for: lightningcss@1.32.0 want: 1.32.0
2027 silly placeDep ROOT lightningcss-linux-x64-musl@1.32.0 OK for: lightningcss@1.32.0 want: 1.32.0
2028 silly placeDep ROOT lightningcss-win32-arm64-msvc@1.32.0 OK for: lightningcss@1.32.0 want: 1.32.0
2029 silly placeDep ROOT lightningcss-win32-x64-msvc@1.32.0 OK for: lightningcss@1.32.0 want: 1.32.0
2030 silly placeDep ROOT p-locate@5.0.0 OK for: locate-path@6.0.0 want: ^5.0.0
2031 silly fetch manifest p-limit@^3.0.2
2032 silly packumentCache full:https://registry.npmjs.org/p-limit cache-miss
2033 http fetch GET 200 https://registry.npmjs.org/p-limit 428ms (cache miss)
2034 silly packumentCache full:https://registry.npmjs.org/p-limit set size:undefined disposed:false
2035 silly placeDep ROOT yallist@3.1.1 OK for: lru-cache@5.1.1 want: ^3.0.2
2036 silly placeDep ROOT braces@3.0.3 OK for: micromatch@4.0.8 want: ^3.0.3
2037 silly placeDep ROOT picomatch@2.3.2 OK for: micromatch@4.0.8 want: ^2.3.1
2038 silly fetch manifest fill-range@^7.1.1
2039 silly packumentCache full:https://registry.npmjs.org/fill-range cache-miss
2040 http fetch GET 200 https://registry.npmjs.org/fill-range 373ms (cache miss)
2041 silly packumentCache full:https://registry.npmjs.org/fill-range set size:undefined disposed:false
2042 silly placeDep ROOT fill-range@7.1.1 OK for: braces@3.0.3 want: ^7.1.1
2043 silly fetch manifest to-regex-range@^5.0.1
2044 silly packumentCache full:https://registry.npmjs.org/to-regex-range cache-miss
2045 http fetch GET 200 https://registry.npmjs.org/to-regex-range 326ms (cache miss)
2046 silly packumentCache full:https://registry.npmjs.org/to-regex-range set size:undefined disposed:false
2047 silly placeDep ROOT to-regex-range@5.0.1 OK for: fill-range@7.1.1 want: ^5.0.1
2048 silly fetch manifest is-number@^7.0.0
2049 silly packumentCache full:https://registry.npmjs.org/is-number cache-miss
2050 http fetch GET 200 https://registry.npmjs.org/is-number 366ms (cache miss)
2051 silly packumentCache full:https://registry.npmjs.org/is-number set size:undefined disposed:false
2052 silly placeDep ROOT brace-expansion@1.1.18 OK for: minimatch@3.1.5 want: ^1.1.7
2053 silly fetch manifest concat-map@0.0.1
2054 silly packumentCache full:https://registry.npmjs.org/concat-map cache-miss
2055 silly fetch manifest balanced-match@^1.0.0
2056 silly packumentCache full:https://registry.npmjs.org/balanced-match cache-miss
2057 http fetch GET 200 https://registry.npmjs.org/concat-map 48ms (cache miss)
2058 silly packumentCache full:https://registry.npmjs.org/concat-map set size:undefined disposed:false
2059 http fetch GET 200 https://registry.npmjs.org/balanced-match 55ms (cache miss)
2060 silly packumentCache full:https://registry.npmjs.org/balanced-match set size:undefined disposed:false
2061 silly placeDep ROOT balanced-match@1.0.2 OK for: brace-expansion@1.1.18 want: ^1.0.0
2062 silly placeDep ROOT concat-map@0.0.1 OK for: brace-expansion@1.1.18 want: 0.0.1
2063 silly fetch manifest react@^18.2.0 || 19.0.0-rc-de68d2f4-20241204 || ^19.0.0
2064 silly packumentCache full:https://registry.npmjs.org/react cache-miss
2065 http cache https://registry.npmjs.org/react 11ms (cache hit)
2066 silly packumentCache full:https://registry.npmjs.org/react set size:6859098 disposed:false
2067 silly placeDep ROOT @next/env@16.2.12 OK for: next@16.2.12 want: 16.2.12
2068 silly placeDep ROOT @next/swc-darwin-arm64@16.2.12 OK for: next@16.2.12 want: 16.2.12
2069 silly placeDep ROOT @next/swc-darwin-x64@16.2.12 OK for: next@16.2.12 want: 16.2.12
2070 silly placeDep ROOT @next/swc-linux-arm64-gnu@16.2.12 OK for: next@16.2.12 want: 16.2.12
2071 silly placeDep ROOT @next/swc-linux-arm64-musl@16.2.12 OK for: next@16.2.12 want: 16.2.12
2072 silly placeDep ROOT @next/swc-linux-x64-gnu@16.2.12 OK for: next@16.2.12 want: 16.2.12
2073 silly placeDep ROOT @next/swc-linux-x64-musl@16.2.12 OK for: next@16.2.12 want: 16.2.12
2074 silly placeDep ROOT @next/swc-win32-arm64-msvc@16.2.12 OK for: next@16.2.12 want: 16.2.12
2075 silly placeDep ROOT @next/swc-win32-x64-msvc@16.2.12 OK for: next@16.2.12 want: 16.2.12
2076 silly placeDep ROOT @swc/helpers@0.5.15 OK for: next@16.2.12 want: 0.5.15
2077 silly placeDep node_modules/next postcss@8.4.31 OK for: next@16.2.12 want: 8.4.31
2078 silly placeDep ROOT sharp@0.34.5 OK for: next@16.2.12 want: ^0.34.5
2079 silly placeDep ROOT styled-jsx@5.1.6 OK for: next@16.2.12 want: 5.1.6
2080 silly fetch manifest tslib@^2.8.0
2081 silly packumentCache full:https://registry.npmjs.org/tslib cache-miss
2082 silly fetch manifest nanoid@^3.3.6
2083 silly packumentCache full:https://registry.npmjs.org/nanoid cache-miss
2084 silly fetch manifest semver@^7.7.3
2085 silly packumentCache full:https://registry.npmjs.org/semver cache-hit
2086 silly fetch manifest @img/colour@^1.0.0
2087 silly packumentCache full:https://registry.npmjs.org/@img%2fcolour cache-miss
2088 silly fetch manifest @img/sharp-wasm32@0.34.5
2089 silly packumentCache full:https://registry.npmjs.org/@img%2fsharp-wasm32 cache-miss
2090 silly fetch manifest @img/sharp-linux-arm@0.34.5
2091 silly packumentCache full:https://registry.npmjs.org/@img%2fsharp-linux-arm cache-miss
2092 silly fetch manifest @img/sharp-linux-x64@0.34.5
2093 silly packumentCache full:https://registry.npmjs.org/@img%2fsharp-linux-x64 cache-miss
2094 silly fetch manifest @img/sharp-win32-x64@0.34.5
2095 silly packumentCache full:https://registry.npmjs.org/@img%2fsharp-win32-x64 cache-miss
2096 http cache https://registry.npmjs.org/nanoid 7ms (cache hit)
2097 silly packumentCache full:https://registry.npmjs.org/nanoid set size:335912 disposed:false
2098 silly fetch manifest @img/sharp-darwin-x64@0.34.5
2099 silly packumentCache full:https://registry.npmjs.org/@img%2fsharp-darwin-x64 cache-miss
2100 http fetch GET 200 https://registry.npmjs.org/tslib 276ms (cache miss)
2101 silly packumentCache full:https://registry.npmjs.org/tslib set size:undefined disposed:false
2102 silly fetch manifest @img/sharp-win32-ia32@0.34.5
2103 silly packumentCache full:https://registry.npmjs.org/@img%2fsharp-win32-ia32 cache-miss
2104 http fetch GET 200 https://registry.npmjs.org/@img%2fcolour 278ms (cache miss)
2105 silly packumentCache full:https://registry.npmjs.org/@img%2fcolour set size:undefined disposed:false
2106 silly fetch manifest @img/sharp-linux-arm64@0.34.5
2107 silly packumentCache full:https://registry.npmjs.org/@img%2fsharp-linux-arm64 cache-miss
2108 http fetch GET 200 https://registry.npmjs.org/@img%2fsharp-linux-x64 551ms (cache miss)
2109 silly packumentCache full:https://registry.npmjs.org/@img%2fsharp-linux-x64 set size:undefined disposed:false
2110 silly fetch manifest @img/sharp-linux-ppc64@0.34.5
2111 silly packumentCache full:https://registry.npmjs.org/@img%2fsharp-linux-ppc64 cache-miss
2112 http fetch GET 200 https://registry.npmjs.org/@img%2fsharp-win32-x64 552ms (cache miss)
2113 silly packumentCache full:https://registry.npmjs.org/@img%2fsharp-win32-x64 set size:undefined disposed:false
2114 silly fetch manifest @img/sharp-linux-s390x@0.34.5
2115 silly packumentCache full:https://registry.npmjs.org/@img%2fsharp-linux-s390x cache-miss
2116 http fetch GET 200 https://registry.npmjs.org/@img%2fsharp-wasm32 567ms (cache miss)
2117 silly packumentCache full:https://registry.npmjs.org/@img%2fsharp-wasm32 set size:undefined disposed:false
2118 silly fetch manifest @img/sharp-win32-arm64@0.34.5
2119 silly packumentCache full:https://registry.npmjs.org/@img%2fsharp-win32-arm64 cache-miss
2120 http fetch GET 200 https://registry.npmjs.org/@img%2fsharp-darwin-x64 572ms (cache miss)
2121 silly packumentCache full:https://registry.npmjs.org/@img%2fsharp-darwin-x64 set size:undefined disposed:false
2122 silly fetch manifest @img/sharp-darwin-arm64@0.34.5
2123 silly packumentCache full:https://registry.npmjs.org/@img%2fsharp-darwin-arm64 cache-miss
2124 http fetch GET 200 https://registry.npmjs.org/@img%2fsharp-linux-arm64 322ms (cache miss)
2125 silly packumentCache full:https://registry.npmjs.org/@img%2fsharp-linux-arm64 set size:undefined disposed:false
2126 silly fetch manifest @img/sharp-linux-riscv64@0.34.5
2127 silly packumentCache full:https://registry.npmjs.org/@img%2fsharp-linux-riscv64 cache-miss
2128 http fetch GET 200 https://registry.npmjs.org/@img%2fsharp-linux-arm 842ms (cache miss)
2129 silly packumentCache full:https://registry.npmjs.org/@img%2fsharp-linux-arm set size:undefined disposed:false
2130 silly fetch manifest @img/sharp-linuxmusl-x64@0.34.5
2131 silly packumentCache full:https://registry.npmjs.org/@img%2fsharp-linuxmusl-x64 cache-miss
2132 http fetch GET 200 https://registry.npmjs.org/@img%2fsharp-win32-ia32 606ms (cache miss)
2133 silly packumentCache full:https://registry.npmjs.org/@img%2fsharp-win32-ia32 set size:undefined disposed:false
2134 silly fetch manifest @img/sharp-linuxmusl-arm64@0.34.5
2135 silly packumentCache full:https://registry.npmjs.org/@img%2fsharp-linuxmusl-arm64 cache-miss
2136 http fetch GET 200 https://registry.npmjs.org/@img%2fsharp-linux-s390x 720ms (cache miss)
2137 silly packumentCache full:https://registry.npmjs.org/@img%2fsharp-linux-s390x set size:undefined disposed:false
2138 silly fetch manifest @img/sharp-libvips-linux-arm@1.2.4
2139 silly packumentCache full:https://registry.npmjs.org/@img%2fsharp-libvips-linux-arm cache-miss
2140 http fetch GET 200 https://registry.npmjs.org/@img%2fsharp-linux-ppc64 722ms (cache miss)
2141 silly packumentCache full:https://registry.npmjs.org/@img%2fsharp-linux-ppc64 set size:undefined disposed:false
2142 silly fetch manifest @img/sharp-libvips-linux-x64@1.2.4
2143 silly packumentCache full:https://registry.npmjs.org/@img%2fsharp-libvips-linux-x64 cache-miss
2144 http fetch GET 200 https://registry.npmjs.org/@img%2fsharp-darwin-arm64 843ms (cache miss)
2145 silly packumentCache full:https://registry.npmjs.org/@img%2fsharp-darwin-arm64 set size:undefined disposed:false
2146 silly fetch manifest @img/sharp-libvips-darwin-x64@1.2.4
2147 silly packumentCache full:https://registry.npmjs.org/@img%2fsharp-libvips-darwin-x64 cache-miss
2148 http fetch GET 200 https://registry.npmjs.org/@img%2fsharp-linux-riscv64 849ms (cache miss)
2149 silly packumentCache full:https://registry.npmjs.org/@img%2fsharp-linux-riscv64 set size:undefined disposed:false
2150 silly fetch manifest @img/sharp-libvips-linux-arm64@1.2.4
2151 silly packumentCache full:https://registry.npmjs.org/@img%2fsharp-libvips-linux-arm64 cache-miss
2152 http fetch GET 200 https://registry.npmjs.org/@img%2fsharp-linuxmusl-arm64 603ms (cache miss)
2153 silly packumentCache full:https://registry.npmjs.org/@img%2fsharp-linuxmusl-arm64 set size:undefined disposed:false
2154 silly fetch manifest @img/sharp-libvips-linux-ppc64@1.2.4
2155 silly packumentCache full:https://registry.npmjs.org/@img%2fsharp-libvips-linux-ppc64 cache-miss
2156 http fetch GET 200 https://registry.npmjs.org/@img%2fsharp-win32-arm64 928ms (cache miss)
2157 silly packumentCache full:https://registry.npmjs.org/@img%2fsharp-win32-arm64 set size:undefined disposed:false
2158 silly fetch manifest @img/sharp-libvips-linux-s390x@1.2.4
2159 silly packumentCache full:https://registry.npmjs.org/@img%2fsharp-libvips-linux-s390x cache-miss
2160 http fetch GET 200 https://registry.npmjs.org/@img%2fsharp-libvips-linux-x64 294ms (cache miss)
2161 silly packumentCache full:https://registry.npmjs.org/@img%2fsharp-libvips-linux-x64 set size:undefined disposed:false
2162 silly fetch manifest @img/sharp-libvips-darwin-arm64@1.2.4
2163 silly packumentCache full:https://registry.npmjs.org/@img%2fsharp-libvips-darwin-arm64 cache-miss
2164 http fetch GET 200 https://registry.npmjs.org/@img%2fsharp-linuxmusl-x64 843ms (cache miss)
2165 silly packumentCache full:https://registry.npmjs.org/@img%2fsharp-linuxmusl-x64 set size:undefined disposed:false
2166 silly fetch manifest @img/sharp-libvips-linux-riscv64@1.2.4
2167 silly packumentCache full:https://registry.npmjs.org/@img%2fsharp-libvips-linux-riscv64 cache-miss
2168 http fetch GET 200 https://registry.npmjs.org/@img%2fsharp-libvips-linux-arm64 306ms (cache miss)
2169 silly packumentCache full:https://registry.npmjs.org/@img%2fsharp-libvips-linux-arm64 set size:undefined disposed:false
2170 silly fetch manifest @img/sharp-libvips-linuxmusl-x64@1.2.4
2171 silly packumentCache full:https://registry.npmjs.org/@img%2fsharp-libvips-linuxmusl-x64 cache-miss
2172 http fetch GET 200 https://registry.npmjs.org/@img%2fsharp-libvips-darwin-arm64 298ms (cache miss)
2173 silly packumentCache full:https://registry.npmjs.org/@img%2fsharp-libvips-darwin-arm64 set size:undefined disposed:false
2174 silly fetch manifest @img/sharp-libvips-linuxmusl-arm64@1.2.4
2175 silly packumentCache full:https://registry.npmjs.org/@img%2fsharp-libvips-linuxmusl-arm64 cache-miss
2176 http fetch GET 200 https://registry.npmjs.org/@img%2fsharp-libvips-linux-s390x 540ms (cache miss)
2177 silly packumentCache full:https://registry.npmjs.org/@img%2fsharp-libvips-linux-s390x set size:undefined disposed:false
2178 silly fetch manifest client-only@0.0.1
2179 silly packumentCache full:https://registry.npmjs.org/client-only cache-miss
2180 http fetch GET 200 https://registry.npmjs.org/@img%2fsharp-libvips-linux-ppc64 593ms (cache miss)
2181 silly packumentCache full:https://registry.npmjs.org/@img%2fsharp-libvips-linux-ppc64 set size:undefined disposed:false
2182 http fetch GET 200 https://registry.npmjs.org/@img%2fsharp-libvips-linux-arm 856ms (cache miss)
2183 silly packumentCache full:https://registry.npmjs.org/@img%2fsharp-libvips-linux-arm set size:undefined disposed:false
2184 http fetch GET 200 https://registry.npmjs.org/@img%2fsharp-libvips-linuxmusl-arm64 291ms (cache miss)
2185 silly packumentCache full:https://registry.npmjs.org/@img%2fsharp-libvips-linuxmusl-arm64 set size:undefined disposed:false
2186 http fetch GET 200 https://registry.npmjs.org/@img%2fsharp-libvips-darwin-x64 843ms (cache miss)
2187 silly packumentCache full:https://registry.npmjs.org/@img%2fsharp-libvips-darwin-x64 set size:undefined disposed:false
2188 http fetch GET 200 https://registry.npmjs.org/client-only 309ms (cache miss)
2189 silly packumentCache full:https://registry.npmjs.org/client-only set size:undefined disposed:false
2190 http fetch GET 200 https://registry.npmjs.org/@img%2fsharp-libvips-linux-riscv64 819ms (cache miss)
2191 silly packumentCache full:https://registry.npmjs.org/@img%2fsharp-libvips-linux-riscv64 set size:undefined disposed:false
2192 http fetch GET 200 https://registry.npmjs.org/@img%2fsharp-libvips-linuxmusl-x64 869ms (cache miss)
2193 silly packumentCache full:https://registry.npmjs.org/@img%2fsharp-libvips-linuxmusl-x64 set size:undefined disposed:false
2194 silly placeDep ROOT tslib@2.8.1 OK for: @swc/helpers@0.5.15 want: ^2.8.0
2195 silly placeDep ROOT deep-is@0.1.4 OK for: optionator@0.9.4 want: ^0.1.3
2196 silly placeDep ROOT fast-levenshtein@2.0.6 OK for: optionator@0.9.4 want: ^2.0.6
2197 silly placeDep ROOT word-wrap@1.2.5 OK for: optionator@0.9.4 want: ^1.2.5
2198 silly placeDep ROOT p-limit@3.1.0 OK for: p-locate@5.0.0 want: ^3.0.2
2199 silly fetch manifest yocto-queue@^0.1.0
2200 silly packumentCache full:https://registry.npmjs.org/yocto-queue cache-miss
2201 http fetch GET 200 https://registry.npmjs.org/yocto-queue 45ms (cache miss)
2202 silly packumentCache full:https://registry.npmjs.org/yocto-queue set size:undefined disposed:false
2203 silly placeDep ROOT yocto-queue@0.1.0 OK for: p-limit@3.1.0 want: ^0.1.0
2204 silly placeDep ROOT callsites@3.1.0 OK for: parent-module@1.0.1 want: ^3.0.0
2205 silly placeDep ROOT nanoid@3.3.16 OK for: postcss@8.5.25 want: ^3.3.16
2206 silly placeDep ROOT loose-envify@1.4.0 OK for: prop-types@15.8.1 want: ^1.4.0
2207 silly placeDep ROOT object-assign@4.1.1 OK for: prop-types@15.8.1 want: ^4.1.1
2208 silly placeDep ROOT react-is@16.13.1 OK for: prop-types@15.8.1 want: ^16.13.1
2209 silly placeDep ROOT scheduler@0.27.0 OK for: react-dom@19.2.4 want: ^0.27.0
2210 silly placeDep ROOT node-exports-info@1.6.2 OK for: resolve@2.0.0-next.7 want: ^1.6.0
2211 silly placeDep ROOT path-parse@1.0.7 OK for: resolve@2.0.0-next.7 want: ^1.0.7
2212 silly placeDep ROOT supports-preserve-symlinks-flag@1.0.0 OK for: resolve@2.0.0-next.7 want: ^1.0.0
2213 silly placeDep ROOT queue-microtask@1.2.3 OK for: run-parallel@1.2.0 want: ^1.2.2
2214 silly placeDep ROOT isarray@2.0.5 OK for: safe-array-concat@1.1.4 want: ^2.0.5
2215 silly placeDep ROOT @img/colour@1.1.0 OK for: sharp@0.34.5 want: ^1.0.0
2216 silly placeDep ROOT @img/sharp-darwin-arm64@0.34.5 OK for: sharp@0.34.5 want: 0.34.5
2217 silly placeDep ROOT @img/sharp-darwin-x64@0.34.5 OK for: sharp@0.34.5 want: 0.34.5
2218 silly placeDep ROOT @img/sharp-libvips-darwin-arm64@1.2.4 OK for: sharp@0.34.5 want: 1.2.4
2219 silly placeDep ROOT @img/sharp-libvips-darwin-x64@1.2.4 OK for: sharp@0.34.5 want: 1.2.4
2220 silly placeDep ROOT @img/sharp-libvips-linux-arm@1.2.4 OK for: sharp@0.34.5 want: 1.2.4
2221 silly placeDep ROOT @img/sharp-libvips-linux-arm64@1.2.4 OK for: sharp@0.34.5 want: 1.2.4
2222 silly placeDep ROOT @img/sharp-libvips-linux-ppc64@1.2.4 OK for: sharp@0.34.5 want: 1.2.4
2223 silly placeDep ROOT @img/sharp-libvips-linux-riscv64@1.2.4 OK for: sharp@0.34.5 want: 1.2.4
2224 silly placeDep ROOT @img/sharp-libvips-linux-s390x@1.2.4 OK for: sharp@0.34.5 want: 1.2.4
2225 silly placeDep ROOT @img/sharp-libvips-linux-x64@1.2.4 OK for: sharp@0.34.5 want: 1.2.4
2226 silly placeDep ROOT @img/sharp-libvips-linuxmusl-arm64@1.2.4 OK for: sharp@0.34.5 want: 1.2.4
2227 silly placeDep ROOT @img/sharp-libvips-linuxmusl-x64@1.2.4 OK for: sharp@0.34.5 want: 1.2.4
2228 silly placeDep ROOT @img/sharp-linux-arm@0.34.5 OK for: sharp@0.34.5 want: 0.34.5
2229 silly placeDep ROOT @img/sharp-linux-arm64@0.34.5 OK for: sharp@0.34.5 want: 0.34.5
2230 silly placeDep ROOT @img/sharp-linux-ppc64@0.34.5 OK for: sharp@0.34.5 want: 0.34.5
2231 silly placeDep ROOT @img/sharp-linux-riscv64@0.34.5 OK for: sharp@0.34.5 want: 0.34.5
2232 silly placeDep ROOT @img/sharp-linux-s390x@0.34.5 OK for: sharp@0.34.5 want: 0.34.5
2233 silly placeDep ROOT @img/sharp-linux-x64@0.34.5 OK for: sharp@0.34.5 want: 0.34.5
2234 silly placeDep ROOT @img/sharp-linuxmusl-arm64@0.34.5 OK for: sharp@0.34.5 want: 0.34.5
2235 silly placeDep ROOT @img/sharp-linuxmusl-x64@0.34.5 OK for: sharp@0.34.5 want: 0.34.5
2236 silly placeDep ROOT @img/sharp-wasm32@0.34.5 OK for: sharp@0.34.5 want: 0.34.5
2237 silly placeDep ROOT @img/sharp-win32-arm64@0.34.5 OK for: sharp@0.34.5 want: 0.34.5
2238 silly placeDep ROOT @img/sharp-win32-ia32@0.34.5 OK for: sharp@0.34.5 want: 0.34.5
2239 silly placeDep ROOT @img/sharp-win32-x64@0.34.5 OK for: sharp@0.34.5 want: 0.34.5
2240 silly placeDep node_modules/sharp semver@7.8.5 OK for: sharp@0.34.5 want: ^7.7.3
2241 silly fetch manifest @emnapi/runtime@^1.7.0
2242 silly packumentCache full:https://registry.npmjs.org/@emnapi%2fruntime cache-miss
2243 http fetch GET 200 https://registry.npmjs.org/@emnapi%2fruntime 534ms (cache miss)
2244 silly packumentCache full:https://registry.npmjs.org/@emnapi%2fruntime set size:undefined disposed:false
2245 silly placeDep ROOT @emnapi/runtime@1.11.3 OK for: @img/sharp-wasm32@0.34.5 want: ^1.7.0
2246 silly placeDep ROOT shebang-regex@3.0.0 OK for: shebang-command@2.0.0 want: ^3.0.0
2247 silly placeDep ROOT side-channel-list@1.0.1 OK for: side-channel@1.1.1 want: ^1.0.1
2248 silly placeDep ROOT side-channel-map@1.0.1 OK for: side-channel@1.1.1 want: ^1.0.1
2249 silly placeDep ROOT side-channel-weakmap@1.0.2 OK for: side-channel@1.1.1 want: ^1.0.2
2250 silly placeDep ROOT client-only@0.0.1 OK for: styled-jsx@5.1.6 want: 0.0.1
2251 silly placeDep ROOT has-flag@4.0.0 OK for: supports-color@7.2.0 want: ^4.0.0
2252 silly placeDep node_modules/tinyglobby fdir@6.5.0 OK for: tinyglobby@0.2.17 want: ^6.5.0
2253 silly placeDep node_modules/tinyglobby picomatch@4.0.5 OK for: fdir@6.5.0 want: ^3 || ^4
2254 silly placeDep ROOT is-number@7.0.0 OK for: to-regex-range@5.0.1 want: ^7.0.0
2255 silly placeDep ROOT @types/json5@0.0.29 OK for: tsconfig-paths@3.15.0 want: ^0.0.29
2256 silly placeDep node_modules/tsconfig-paths json5@1.0.2 OK for: tsconfig-paths@3.15.0 want: ^1.0.2
2257 silly placeDep ROOT minimist@1.2.8 OK for: tsconfig-paths@3.15.0 want: ^1.2.6
2258 silly placeDep ROOT strip-bom@3.0.0 OK for: tsconfig-paths@3.15.0 want: ^3.0.0
2259 silly fetch manifest minimist@^1.2.0
2260 silly packumentCache full:https://registry.npmjs.org/minimist cache-miss
2261 http cache https://registry.npmjs.org/minimist 4ms (cache hit)
2262 silly packumentCache full:https://registry.npmjs.org/minimist set size:77063 disposed:false
2263 silly placeDep ROOT for-each@0.3.5 OK for: typed-array-byte-length@1.0.3 want: ^0.3.3
2264 silly placeDep ROOT reflect.getprototypeof@1.0.10 OK for: typed-array-byte-offset@1.0.4 want: ^1.0.9
2265 silly fetch manifest which-builtin-type@^1.2.1
2266 silly packumentCache full:https://registry.npmjs.org/which-builtin-type cache-miss
2267 http fetch GET 200 https://registry.npmjs.org/which-builtin-type 315ms (cache miss)
2268 silly packumentCache full:https://registry.npmjs.org/which-builtin-type set size:undefined disposed:false
2269 silly placeDep ROOT which-builtin-type@1.2.1 OK for: reflect.getprototypeof@1.0.10 want: ^1.2.1
2270 silly fetch manifest is-async-function@^2.0.0
2271 silly packumentCache full:https://registry.npmjs.org/is-async-function cache-miss
2272 silly fetch manifest is-finalizationregistry@^1.1.0
2273 silly packumentCache full:https://registry.npmjs.org/is-finalizationregistry cache-miss
2274 silly fetch manifest is-generator-function@^1.0.10
2275 silly packumentCache full:https://registry.npmjs.org/is-generator-function cache-miss
2276 silly fetch manifest which-boxed-primitive@^1.1.0
2277 silly packumentCache full:https://registry.npmjs.org/which-boxed-primitive cache-miss
2278 silly fetch manifest which-collection@^1.0.2
2279 silly packumentCache full:https://registry.npmjs.org/which-collection cache-miss
2280 http cache https://registry.npmjs.org/which-boxed-primitive 2ms (cache hit)
2281 silly packumentCache full:https://registry.npmjs.org/which-boxed-primitive set size:19407 disposed:false
2282 http fetch GET 200 https://registry.npmjs.org/is-finalizationregistry 309ms (cache miss)
2283 silly packumentCache full:https://registry.npmjs.org/is-finalizationregistry set size:undefined disposed:false
2284 http fetch GET 200 https://registry.npmjs.org/which-collection 314ms (cache miss)
2285 silly packumentCache full:https://registry.npmjs.org/which-collection set size:undefined disposed:false
2286 http fetch GET 200 https://registry.npmjs.org/is-generator-function 319ms (cache miss)
2287 silly packumentCache full:https://registry.npmjs.org/is-generator-function set size:undefined disposed:false
2288 http fetch GET 200 https://registry.npmjs.org/is-async-function 320ms (cache miss)
2289 silly packumentCache full:https://registry.npmjs.org/is-async-function set size:undefined disposed:false
2290 silly fetch manifest eslint@^8.57.0 || ^9.0.0 || ^10.0.0
2291 silly packumentCache full:https://registry.npmjs.org/eslint cache-miss
2292 http cache https://registry.npmjs.org/eslint 4ms (cache hit)
2293 silly packumentCache full:https://registry.npmjs.org/eslint set size:2040662 disposed:false
2294 silly placeDep ROOT @typescript-eslint/eslint-plugin@8.65.0 OK for: typescript-eslint@8.65.0 want: 8.65.0
2295 silly placeDep ROOT @typescript-eslint/parser@8.65.0 OK for: @typescript-eslint/eslint-plugin@8.65.0 want: ^8.65.0
2296 silly placeDep ROOT @typescript-eslint/typescript-estree@8.65.0 OK for: typescript-eslint@8.65.0 want: 8.65.0
2297 silly placeDep ROOT @typescript-eslint/utils@8.65.0 OK for: typescript-eslint@8.65.0 want: 8.65.0
2298 silly fetch manifest ignore@^7.0.5
2299 silly packumentCache full:https://registry.npmjs.org/ignore cache-miss
2300 silly fetch manifest ts-api-utils@^2.5.0
2301 silly packumentCache full:https://registry.npmjs.org/ts-api-utils cache-miss
2302 silly fetch manifest @typescript-eslint/type-utils@8.65.0
2303 silly packumentCache full:https://registry.npmjs.org/@typescript-eslint%2ftype-utils cache-miss
2304 silly fetch manifest @typescript-eslint/visitor-keys@8.65.0
2305 silly packumentCache full:https://registry.npmjs.org/@typescript-eslint%2fvisitor-keys cache-miss
2306 silly fetch manifest @typescript-eslint/scope-manager@8.65.0
2307 silly packumentCache full:https://registry.npmjs.org/@typescript-eslint%2fscope-manager cache-miss
2308 silly fetch manifest @typescript-eslint/types@8.65.0
2309 silly packumentCache full:https://registry.npmjs.org/@typescript-eslint%2ftypes cache-miss
2310 silly fetch manifest @typescript-eslint/visitor-keys@8.65.0
2311 silly packumentCache full:https://registry.npmjs.org/@typescript-eslint%2fvisitor-keys cache-miss
2312 http cache https://registry.npmjs.org/ignore 6ms (cache hit)
2313 silly packumentCache full:https://registry.npmjs.org/ignore set size:240910 disposed:false
2314 silly fetch manifest @typescript-eslint/scope-manager@8.65.0
2315 silly packumentCache full:https://registry.npmjs.org/@typescript-eslint%2fscope-manager cache-miss
2316 http fetch GET 200 https://registry.npmjs.org/ts-api-utils 389ms (cache miss)
2317 silly packumentCache full:https://registry.npmjs.org/ts-api-utils set size:undefined disposed:false
2318 silly fetch manifest minimatch@^10.2.2
2319 silly packumentCache full:https://registry.npmjs.org/minimatch cache-miss
2320 http cache https://registry.npmjs.org/minimatch 3ms (cache hit)
2321 silly packumentCache full:https://registry.npmjs.org/minimatch set size:377924 disposed:false
2322 silly fetch manifest @typescript-eslint/types@8.65.0
2323 silly packumentCache full:https://registry.npmjs.org/@typescript-eslint%2ftypes cache-miss
2324 http fetch GET 200 https://registry.npmjs.org/@typescript-eslint%2ftypes 3171ms (cache miss)
2325 silly packumentCache full:https://registry.npmjs.org/@typescript-eslint%2ftypes set size:undefined disposed:false
2326 silly fetch manifest @typescript-eslint/visitor-keys@8.65.0
2327 silly packumentCache full:https://registry.npmjs.org/@typescript-eslint%2fvisitor-keys cache-miss
2328 http fetch GET 200 https://registry.npmjs.org/@typescript-eslint%2fscope-manager 4007ms (cache miss)
2329 silly packumentCache full:https://registry.npmjs.org/@typescript-eslint%2fscope-manager set size:undefined disposed:false
2330 silly fetch manifest @typescript-eslint/tsconfig-utils@8.65.0
2331 silly packumentCache full:https://registry.npmjs.org/@typescript-eslint%2ftsconfig-utils cache-miss
2332 http fetch GET 200 https://registry.npmjs.org/@typescript-eslint%2ftype-utils 4144ms (cache miss)
2333 silly packumentCache full:https://registry.npmjs.org/@typescript-eslint%2ftype-utils set size:undefined disposed:false
2334 silly fetch manifest @typescript-eslint/project-service@8.65.0
2335 silly packumentCache full:https://registry.npmjs.org/@typescript-eslint%2fproject-service cache-miss
2336 http fetch GET 200 https://registry.npmjs.org/@typescript-eslint%2fscope-manager 4180ms (cache miss)
2337 silly packumentCache full:https://registry.npmjs.org/@typescript-eslint%2fscope-manager set size:undefined disposed:false
2338 http fetch GET 200 https://registry.npmjs.org/@typescript-eslint%2ftypes 4759ms (cache miss)
2339 silly packumentCache full:https://registry.npmjs.org/@typescript-eslint%2ftypes set size:undefined disposed:false
2340 http fetch GET 200 https://registry.npmjs.org/@typescript-eslint%2ftsconfig-utils 1010ms (cache miss)
2341 silly packumentCache full:https://registry.npmjs.org/@typescript-eslint%2ftsconfig-utils set size:undefined disposed:false
2342 http fetch GET 200 https://registry.npmjs.org/@typescript-eslint%2fvisitor-keys 1495ms (cache miss)
2343 silly packumentCache full:https://registry.npmjs.org/@typescript-eslint%2fvisitor-keys set size:undefined disposed:false
2344 http fetch GET 200 https://registry.npmjs.org/@typescript-eslint%2fproject-service 1095ms (cache miss)
2345 silly packumentCache full:https://registry.npmjs.org/@typescript-eslint%2fproject-service set size:undefined disposed:false
2346 http fetch GET 200 https://registry.npmjs.org/@typescript-eslint%2fvisitor-keys 6196ms (cache miss)
2347 silly packumentCache full:https://registry.npmjs.org/@typescript-eslint%2fvisitor-keys set size:undefined disposed:false
2348 http fetch GET 200 https://registry.npmjs.org/@typescript-eslint%2fvisitor-keys 6319ms (cache miss)
2349 silly packumentCache full:https://registry.npmjs.org/@typescript-eslint%2fvisitor-keys set size:undefined disposed:false
2350 silly placeDep ROOT @typescript-eslint/scope-manager@8.65.0 OK for: @typescript-eslint/eslint-plugin@8.65.0 want: 8.65.0
2351 silly placeDep ROOT @typescript-eslint/type-utils@8.65.0 OK for: @typescript-eslint/eslint-plugin@8.65.0 want: 8.65.0
2352 silly placeDep ROOT @typescript-eslint/visitor-keys@8.65.0 OK for: @typescript-eslint/eslint-plugin@8.65.0 want: 8.65.0
2353 silly placeDep node_modules/@typescript-eslint/eslint-plugin ignore@7.0.6 OK for: @typescript-eslint/eslint-plugin@8.65.0 want: ^7.0.5
2354 silly placeDep ROOT ts-api-utils@2.5.0 OK for: @typescript-eslint/eslint-plugin@8.65.0 want: ^2.5.0
2355 silly fetch manifest eslint-visitor-keys@^5.0.0
2356 silly packumentCache full:https://registry.npmjs.org/eslint-visitor-keys cache-hit
2357 silly placeDep ROOT @typescript-eslint/types@8.65.0 OK for: @typescript-eslint/parser@8.65.0 want: 8.65.0
2358 silly placeDep ROOT @typescript-eslint/project-service@8.65.0 OK for: @typescript-eslint/typescript-estree@8.65.0 want: 8.65.0
2359 silly placeDep ROOT @typescript-eslint/tsconfig-utils@8.65.0 OK for: @typescript-eslint/typescript-estree@8.65.0 want: 8.65.0
2360 silly placeDep node_modules/@typescript-eslint/typescript-estree minimatch@10.2.6 OK for: @typescript-eslint/typescript-estree@8.65.0 want: ^10.2.2
2361 silly placeDep node_modules/@typescript-eslint/typescript-estree semver@7.8.5 OK for: @typescript-eslint/typescript-estree@8.65.0 want: ^7.7.3
2362 silly fetch manifest @typescript-eslint/tsconfig-utils@^8.65.0
2363 silly packumentCache full:https://registry.npmjs.org/@typescript-eslint%2ftsconfig-utils cache-miss
2364 silly fetch manifest brace-expansion@^5.0.8
2365 silly packumentCache full:https://registry.npmjs.org/brace-expansion cache-miss
2366 http cache https://registry.npmjs.org/brace-expansion 2ms (cache hit)
2367 silly packumentCache full:https://registry.npmjs.org/brace-expansion set size:101024 disposed:false
2368 http cache https://registry.npmjs.org/@typescript-eslint%2ftsconfig-utils 4ms (cache hit)
2369 silly packumentCache full:https://registry.npmjs.org/@typescript-eslint%2ftsconfig-utils set size:1627246 disposed:false
2370 silly placeDep node_modules/@typescript-eslint/visitor-keys eslint-visitor-keys@5.0.1 OK for: @typescript-eslint/visitor-keys@8.65.0 want: ^5.0.0
2371 silly placeDep ROOT has-bigints@1.1.0 OK for: unbox-primitive@1.1.0 want: ^1.0.2
2372 silly placeDep ROOT which-boxed-primitive@1.1.1 OK for: unbox-primitive@1.1.0 want: ^1.1.1
2373 silly fetch manifest is-bigint@^1.1.0
2374 silly packumentCache full:https://registry.npmjs.org/is-bigint cache-miss
2375 silly fetch manifest is-boolean-object@^1.2.1
2376 silly packumentCache full:https://registry.npmjs.org/is-boolean-object cache-miss
2377 silly fetch manifest is-number-object@^1.1.1
2378 silly packumentCache full:https://registry.npmjs.org/is-number-object cache-miss
2379 http fetch GET 200 https://registry.npmjs.org/is-boolean-object 320ms (cache miss)
2380 silly packumentCache full:https://registry.npmjs.org/is-boolean-object set size:undefined disposed:false
2381 http fetch GET 200 https://registry.npmjs.org/is-number-object 322ms (cache miss)
2382 silly packumentCache full:https://registry.npmjs.org/is-number-object set size:undefined disposed:false
2383 http fetch GET 200 https://registry.npmjs.org/is-bigint 332ms (cache miss)
2384 silly packumentCache full:https://registry.npmjs.org/is-bigint set size:undefined disposed:false
2385 silly placeDep ROOT @unrs/resolver-binding-android-arm-eabi@1.12.2 OK for: unrs-resolver@1.12.2 want: 1.12.2
2386 silly placeDep ROOT @unrs/resolver-binding-android-arm64@1.12.2 OK for: unrs-resolver@1.12.2 want: 1.12.2
2387 silly placeDep ROOT @unrs/resolver-binding-darwin-arm64@1.12.2 OK for: unrs-resolver@1.12.2 want: 1.12.2
2388 silly placeDep ROOT @unrs/resolver-binding-darwin-x64@1.12.2 OK for: unrs-resolver@1.12.2 want: 1.12.2
2389 silly placeDep ROOT @unrs/resolver-binding-freebsd-x64@1.12.2 OK for: unrs-resolver@1.12.2 want: 1.12.2
2390 silly placeDep ROOT @unrs/resolver-binding-linux-arm-gnueabihf@1.12.2 OK for: unrs-resolver@1.12.2 want: 1.12.2
2391 silly placeDep ROOT @unrs/resolver-binding-linux-arm-musleabihf@1.12.2 OK for: unrs-resolver@1.12.2 want: 1.12.2
2392 silly placeDep ROOT @unrs/resolver-binding-linux-arm64-gnu@1.12.2 OK for: unrs-resolver@1.12.2 want: 1.12.2
2393 silly placeDep ROOT @unrs/resolver-binding-linux-arm64-musl@1.12.2 OK for: unrs-resolver@1.12.2 want: 1.12.2
2394 silly placeDep ROOT @unrs/resolver-binding-linux-loong64-gnu@1.12.2 OK for: unrs-resolver@1.12.2 want: 1.12.2
2395 silly placeDep ROOT @unrs/resolver-binding-linux-loong64-musl@1.12.2 OK for: unrs-resolver@1.12.2 want: 1.12.2
2396 silly placeDep ROOT @unrs/resolver-binding-linux-ppc64-gnu@1.12.2 OK for: unrs-resolver@1.12.2 want: 1.12.2
2397 silly placeDep ROOT @unrs/resolver-binding-linux-riscv64-gnu@1.12.2 OK for: unrs-resolver@1.12.2 want: 1.12.2
2398 silly placeDep ROOT @unrs/resolver-binding-linux-riscv64-musl@1.12.2 OK for: unrs-resolver@1.12.2 want: 1.12.2
2399 silly placeDep ROOT @unrs/resolver-binding-linux-s390x-gnu@1.12.2 OK for: unrs-resolver@1.12.2 want: 1.12.2
2400 silly placeDep ROOT @unrs/resolver-binding-linux-x64-gnu@1.12.2 OK for: unrs-resolver@1.12.2 want: 1.12.2
2401 silly placeDep ROOT @unrs/resolver-binding-linux-x64-musl@1.12.2 OK for: unrs-resolver@1.12.2 want: 1.12.2
2402 silly placeDep ROOT @unrs/resolver-binding-openharmony-arm64@1.12.2 OK for: unrs-resolver@1.12.2 want: 1.12.2
2403 silly placeDep ROOT @unrs/resolver-binding-wasm32-wasi@1.12.2 OK for: unrs-resolver@1.12.2 want: 1.12.2
2404 silly placeDep ROOT @unrs/resolver-binding-win32-arm64-msvc@1.12.2 OK for: unrs-resolver@1.12.2 want: 1.12.2
2405 silly placeDep ROOT @unrs/resolver-binding-win32-ia32-msvc@1.12.2 OK for: unrs-resolver@1.12.2 want: 1.12.2
2406 silly placeDep ROOT @unrs/resolver-binding-win32-x64-msvc@1.12.2 OK for: unrs-resolver@1.12.2 want: 1.12.2
2407 silly placeDep ROOT napi-postinstall@0.3.4 OK for: unrs-resolver@1.12.2 want: ^0.3.4
2408 silly fetch manifest @napi-rs/wasm-runtime@^1.1.4
2409 silly packumentCache full:https://registry.npmjs.org/@napi-rs%2fwasm-runtime cache-miss
2410 silly fetch manifest @emnapi/core@1.10.0
2411 silly packumentCache full:https://registry.npmjs.org/@emnapi%2fcore cache-miss
2412 silly fetch manifest @emnapi/runtime@1.10.0
2413 silly packumentCache full:https://registry.npmjs.org/@emnapi%2fruntime cache-miss
2414 http cache https://registry.npmjs.org/@emnapi%2fruntime 2ms (cache hit)
2415 silly packumentCache full:https://registry.npmjs.org/@emnapi%2fruntime set size:122916 disposed:false
2416 http fetch GET 200 https://registry.npmjs.org/@emnapi%2fcore 59ms (cache miss)
2417 silly packumentCache full:https://registry.npmjs.org/@emnapi%2fcore set size:undefined disposed:false
2418 http fetch GET 200 https://registry.npmjs.org/@napi-rs%2fwasm-runtime 899ms (cache miss)
2419 silly packumentCache full:https://registry.npmjs.org/@napi-rs%2fwasm-runtime set size:undefined disposed:false
2420 silly placeDep ROOT @emnapi/core@1.10.0 OK for: @unrs/resolver-binding-wasm32-wasi@1.12.2 want: 1.10.0
2421 silly placeDep node_modules/@unrs/resolver-binding-wasm32-wasi @emnapi/runtime@1.10.0 OK for: @unrs/resolver-binding-wasm32-wasi@1.12.2 want: 1.10.0
2422 silly placeDep ROOT @napi-rs/wasm-runtime@1.2.2 OK for: @unrs/resolver-binding-wasm32-wasi@1.12.2 want: ^1.1.4
2423 silly fetch manifest @emnapi/wasi-threads@1.2.1
2424 silly packumentCache full:https://registry.npmjs.org/@emnapi%2fwasi-threads cache-miss
2425 silly fetch manifest @tybys/wasm-util@^0.10.3
2426 silly packumentCache full:https://registry.npmjs.org/@tybys%2fwasm-util cache-miss
2427 http fetch GET 200 https://registry.npmjs.org/@emnapi%2fwasi-threads 877ms (cache miss)
2428 silly packumentCache full:https://registry.npmjs.org/@emnapi%2fwasi-threads set size:undefined disposed:false
2429 http fetch GET 200 https://registry.npmjs.org/@tybys%2fwasm-util 878ms (cache miss)
2430 silly packumentCache full:https://registry.npmjs.org/@tybys%2fwasm-util set size:undefined disposed:false
2431 silly placeDep ROOT @emnapi/wasi-threads@1.2.1 OK for: @emnapi/core@1.10.0 want: 1.2.1
2432 silly placeDep ROOT @tybys/wasm-util@0.10.3 OK for: @napi-rs/wasm-runtime@1.2.2 want: ^0.10.3
2433 silly placeDep ROOT escalade@3.2.0 OK for: update-browserslist-db@1.2.3 want: ^3.2.0
2434 silly placeDep ROOT punycode@2.3.1 OK for: uri-js@4.4.1 want: ^2.1.0
2435 silly placeDep ROOT isexe@2.0.0 OK for: which@2.0.2 want: ^2.0.0
2436 silly placeDep ROOT is-bigint@1.1.0 OK for: which-boxed-primitive@1.1.1 want: ^1.1.0
2437 silly placeDep ROOT is-boolean-object@1.2.2 OK for: which-boxed-primitive@1.1.1 want: ^1.2.1
2438 silly placeDep ROOT is-number-object@1.1.1 OK for: which-boxed-primitive@1.1.1 want: ^1.1.1
2439 silly placeDep ROOT is-async-function@2.1.1 OK for: which-builtin-type@1.2.1 want: ^2.0.0
2440 silly placeDep ROOT is-finalizationregistry@1.1.1 OK for: which-builtin-type@1.2.1 want: ^1.1.0
2441 silly placeDep ROOT is-generator-function@1.1.2 OK for: which-builtin-type@1.2.1 want: ^1.0.10
2442 silly placeDep ROOT which-collection@1.0.2 OK for: which-builtin-type@1.2.1 want: ^1.0.2
2443 silly fetch manifest async-function@^1.0.0
2444 silly packumentCache full:https://registry.npmjs.org/async-function cache-miss
2445 silly fetch manifest generator-function@^2.0.0
2446 silly packumentCache full:https://registry.npmjs.org/generator-function cache-miss
2447 silly fetch manifest is-map@^2.0.3
2448 silly packumentCache full:https://registry.npmjs.org/is-map cache-miss
2449 silly fetch manifest is-weakmap@^2.0.2
2450 silly packumentCache full:https://registry.npmjs.org/is-weakmap cache-miss
2451 silly fetch manifest is-weakset@^2.0.3
2452 silly packumentCache full:https://registry.npmjs.org/is-weakset cache-miss
2453 http fetch GET 200 https://registry.npmjs.org/async-function 316ms (cache miss)
2454 silly packumentCache full:https://registry.npmjs.org/async-function set size:undefined disposed:false
2455 http fetch GET 200 https://registry.npmjs.org/is-map 322ms (cache miss)
2456 silly packumentCache full:https://registry.npmjs.org/is-map set size:undefined disposed:false
2457 http fetch GET 200 https://registry.npmjs.org/generator-function 323ms (cache miss)
2458 silly packumentCache full:https://registry.npmjs.org/generator-function set size:undefined disposed:false
2459 http fetch GET 200 https://registry.npmjs.org/is-weakmap 323ms (cache miss)
2460 silly packumentCache full:https://registry.npmjs.org/is-weakmap set size:undefined disposed:false
2461 http fetch GET 200 https://registry.npmjs.org/is-weakset 327ms (cache miss)
2462 silly packumentCache full:https://registry.npmjs.org/is-weakset set size:undefined disposed:false
2463 silly placeDep ROOT async-function@1.0.0 OK for: is-async-function@2.1.1 want: ^1.0.0
2464 silly placeDep ROOT generator-function@2.0.1 OK for: is-generator-function@1.1.2 want: ^2.0.0
2465 silly placeDep ROOT is-map@2.0.3 OK for: which-collection@1.0.2 want: ^2.0.3
2466 silly placeDep ROOT is-weakmap@2.0.2 OK for: which-collection@1.0.2 want: ^2.0.2
2467 silly placeDep ROOT is-weakset@2.0.4 OK for: which-collection@1.0.2 want: ^2.0.3
2468 silly placeDep node_modules/@typescript-eslint/typescript-estree brace-expansion@5.0.9 OK for: minimatch@10.2.6 want: ^5.0.8
2469 silly fetch manifest balanced-match@^4.0.2
2470 silly packumentCache full:https://registry.npmjs.org/balanced-match cache-miss
2471 http cache https://registry.npmjs.org/balanced-match 2ms (cache hit)
2472 silly packumentCache full:https://registry.npmjs.org/balanced-match set size:39082 disposed:false
2473 silly placeDep node_modules/@typescript-eslint/typescript-estree balanced-match@4.0.4 OK for: brace-expansion@5.0.9 want: ^4.0.2
2474 silly reify moves {}
2475 silly audit bulk request {
2475 silly audit   '@tailwindcss/postcss': [ '4.3.3' ],
2475 silly audit   '@types/node': [ '20.19.43' ],
2475 silly audit   '@types/react': [ '19.2.18' ],
2475 silly audit   '@types/react-dom': [ '19.2.4' ],
2475 silly audit   eslint: [ '9.39.5' ],
2475 silly audit   'eslint-config-next': [ '16.2.12' ],
2475 silly audit   next: [ '16.2.12' ],
2475 silly audit   react: [ '19.2.4' ],
2475 silly audit   'react-dom': [ '19.2.4' ],
2475 silly audit   tailwindcss: [ '4.3.3' ],
2475 silly audit   typescript: [ '5.9.3' ],
2475 silly audit   '@alloc/quick-lru': [ '5.2.0' ],
2475 silly audit   '@tailwindcss/node': [ '4.3.3' ],
2475 silly audit   '@tailwindcss/oxide': [ '4.3.3' ],
2475 silly audit   postcss: [ '8.5.25', '8.4.31' ],
2475 silly audit   '@jridgewell/remapping': [ '2.3.5' ],
2475 silly audit   'enhanced-resolve': [ '5.24.5' ],
2475 silly audit   jiti: [ '2.7.0' ],
2475 silly audit   lightningcss: [ '1.32.0' ],
2475 silly audit   'magic-string': [ '0.30.21' ],
2475 silly audit   'source-map-js': [ '1.2.1' ],
2475 silly audit   '@jridgewell/gen-mapping': [ '0.3.13' ],
2475 silly audit   '@jridgewell/trace-mapping': [ '0.3.31' ],
2475 silly audit   '@jridgewell/sourcemap-codec': [ '1.5.5' ],
2475 silly audit   '@jridgewell/resolve-uri': [ '3.1.2' ],
2475 silly audit   '@tailwindcss/oxide-android-arm64': [ '4.3.3' ],
2475 silly audit   '@tailwindcss/oxide-darwin-arm64': [ '4.3.3' ],
2475 silly audit   '@tailwindcss/oxide-darwin-x64': [ '4.3.3' ],
2475 silly audit   '@tailwindcss/oxide-freebsd-x64': [ '4.3.3' ],
2475 silly audit   '@tailwindcss/oxide-linux-arm-gnueabihf': [ '4.3.3' ],
2475 silly audit   '@tailwindcss/oxide-linux-arm64-gnu': [ '4.3.3' ],
2475 silly audit   '@tailwindcss/oxide-linux-arm64-musl': [ '4.3.3' ],
2475 silly audit   '@tailwindcss/oxide-linux-x64-gnu': [ '4.3.3' ],
2475 silly audit   '@tailwindcss/oxide-linux-x64-musl': [ '4.3.3' ],
2475 silly audit   '@tailwindcss/oxide-wasm32-wasi': [ '4.3.3' ],
2475 silly audit   '@tailwindcss/oxide-win32-arm64-msvc': [ '4.3.3' ],
2475 silly audit   '@tailwindcss/oxide-win32-x64-msvc': [ '4.3.3' ],
2475 silly audit   'undici-types': [ '6.21.0' ],
2475 silly audit   csstype: [ '3.2.3' ],
2475 silly audit   'graceful-fs': [ '4.2.11' ],
2475 silly audit   tapable: [ '2.3.3' ],
2475 silly audit   '@eslint-community/eslint-utils': [ '4.10.1' ],
2475 silly audit   '@eslint-community/regexpp': [ '4.12.2' ],
2475 silly audit   '@eslint/config-array': [ '0.21.2' ],
2475 silly audit   '@eslint/config-helpers': [ '0.4.2' ],
2475 silly audit   '@eslint/core': [ '0.17.0' ],
2475 silly audit   '@eslint/eslintrc': [ '3.3.6' ],
2475 silly audit   '@eslint/js': [ '9.39.5' ],
2475 silly audit   '@eslint/plugin-kit': [ '0.4.1' ],
2475 silly audit   '@humanfs/node': [ '0.16.8' ],
2475 silly audit   '@humanwhocodes/module-importer': [ '1.0.1' ],
2475 silly audit   '@humanwhocodes/retry': [ '0.4.3' ],
2475 silly audit   '@types/estree': [ '1.0.9' ],
2475 silly audit   ajv: [ '6.15.0' ],
2475 silly audit   chalk: [ '4.1.2' ],
2475 silly audit   'cross-spawn': [ '7.0.6' ],
2475 silly audit   debug: [ '4.4.3', '3.2.7' ],
2475 silly audit   'escape-string-regexp': [ '4.0.0' ],
2475 silly audit   'eslint-scope': [ '8.4.0' ],
2475 silly audit   'eslint-visitor-keys': [ '4.2.1', '3.4.3', '5.0.1' ],
2475 silly audit   espree: [ '10.4.0' ],
2475 silly audit   esquery: [ '1.7.0' ],
2475 silly audit   esutils: [ '2.0.3' ],
2475 silly audit   'fast-deep-equal': [ '3.1.3' ],
2475 silly audit   'file-entry-cache': [ '8.0.0' ],
2475 silly audit   'find-up': [ '5.0.0' ],
2475 silly audit   'glob-parent': [ '6.0.2', '5.1.2' ],
2475 silly audit   ignore: [ '5.3.2', '7.0.6' ],
2475 silly audit   imurmurhash: [ '0.1.4' ],
2475 silly audit   'is-glob': [ '4.0.3' ],
2475 silly audit   'json-stable-stringify-without-jsonify': [ '1.0.1' ],
2475 silly audit   'lodash.merge': [ '4.6.2' ],
2475 silly audit   minimatch: [ '3.1.5', '10.2.6' ],
2475 silly audit   'natural-compare': [ '1.4.0' ],
2475 silly audit   optionator: [ '0.9.4' ],
2475 silly audit   '@eslint/object-schema': [ '2.1.7' ],
2475 silly audit   '@types/json-schema': [ '7.0.15' ],
2475 silly audit   globals: [ '14.0.0', '16.4.0' ],
2475 silly audit   'import-fresh': [ '3.3.1' ],
2475 silly audit   'js-yaml': [ '4.3.1' ],
2475 silly audit   'strip-json-comments': [ '3.1.1' ],
2475 silly audit   levn: [ '0.4.1' ],
2475 silly audit   '@humanfs/core': [ '0.19.2' ],
2475 silly audit   '@humanfs/types': [ '0.15.0' ],
2475 silly audit   'fast-json-stable-stringify': [ '2.1.0' ],
2475 silly audit   'json-schema-traverse': [ '0.4.1' ],
2475 silly audit   'uri-js': [ '4.4.1' ],
2475 silly audit   'ansi-styles': [ '4.3.0' ],
2475 silly audit   'supports-color': [ '7.2.0' ],
2475 silly audit   'color-convert': [ '2.0.1' ],
2475 silly audit   'color-name': [ '1.1.4' ],
2475 silly audit   'path-key': [ '3.1.1' ],
2475 silly audit   'shebang-command': [ '2.0.0' ],
2475 silly audit   which: [ '2.0.2' ],
2475 silly audit   ms: [ '2.1.3' ],
2475 silly audit   '@next/eslint-plugin-next': [ '16.2.12' ],
2475 silly audit   'eslint-import-resolver-node': [ '0.3.10' ],
2475 silly audit   'eslint-import-resolver-typescript': [ '3.10.1' ],
2475 silly audit   'eslint-plugin-import': [ '2.32.0' ],
2475 silly audit   'eslint-plugin-jsx-a11y': [ '6.10.2' ],
2475 silly audit   'eslint-plugin-react': [ '7.37.5' ],
2475 silly audit   'eslint-plugin-react-hooks': [ '7.1.1' ],
2475 silly audit   'typescript-eslint': [ '8.65.0' ],
2475 silly audit   'fast-glob': [ '3.3.1' ],
2475 silly audit   'is-core-module': [ '2.16.2' ],
2475 silly audit   resolve: [ '2.0.0-next.7' ],
2475 silly audit   '@nolyfill/is-core-module': [ '1.0.39' ],
2475 silly audit   'get-tsconfig': [ '4.14.0' ],
2475 silly audit   'is-bun-module': [ '2.0.0' ],
2475 silly audit   'stable-hash': [ '0.0.5' ],
2475 silly audit   tinyglobby: [ '0.2.17' ],
2475 silly audit   'unrs-resolver': [ '1.12.2' ],
2475 silly audit   '@rtsao/scc': [ '1.1.0' ],
2475 silly audit   'array-includes': [ '3.1.9' ],
2475 silly audit   'array.prototype.findlastindex': [ '1.2.6' ],
2475 silly audit   'array.prototype.flat': [ '1.3.3' ],
2475 silly audit   'array.prototype.flatmap': [ '1.3.3' ],
2475 silly audit   doctrine: [ '2.1.0' ],
2475 silly audit   'eslint-module-utils': [ '2.14.0' ],
2475 silly audit   hasown: [ '2.0.4' ],
2475 silly audit   'object.fromentries': [ '2.0.8' ],
2475 silly audit   'object.groupby': [ '1.0.3' ],
2475 silly audit   'object.values': [ '1.2.1' ],
2475 silly audit   semver: [ '6.3.1', '7.8.5' ],
2475 silly audit   'string.prototype.trimend': [ '1.0.10' ],
2475 silly audit   'tsconfig-paths': [ '3.15.0' ],
2475 silly audit   'call-bind': [ '1.0.9' ],
2475 silly audit   'call-bound': [ '1.0.4' ],
2475 silly audit   'define-properties': [ '1.2.1' ],
2475 silly audit   'es-abstract': [ '1.24.2' ],
2475 silly audit   'es-object-atoms': [ '1.1.2' ],
2475 silly audit   'get-intrinsic': [ '1.3.0' ],
2475 silly audit   'is-string': [ '1.1.1' ],
2475 silly audit   'math-intrinsics': [ '1.1.0' ],
2475 silly audit   'es-errors': [ '1.3.0' ],
2475 silly audit   'es-shim-unscopables': [ '1.1.0' ],
2475 silly audit   'call-bind-apply-helpers': [ '1.0.2' ],
2475 silly audit   'es-define-property': [ '1.0.1' ],
2475 silly audit   'set-function-length': [ '1.2.2' ],
2475 silly audit   'function-bind': [ '1.1.2' ],
2475 silly audit   'define-data-property': [ '1.1.4' ],
2475 silly audit   'has-property-descriptors': [ '1.0.2' ],
2475 silly audit   'object-keys': [ '1.1.1' ],
2475 silly audit   gopd: [ '1.2.0' ],
2475 silly audit   'array-buffer-byte-length': [ '1.0.2' ],
2475 silly audit   'arraybuffer.prototype.slice': [ '1.0.4' ],
2475 silly audit   'available-typed-arrays': [ '1.0.7' ],
2475 silly audit   'data-view-buffer': [ '1.0.2' ],
2475 silly audit   'data-view-byte-length': [ '1.0.2' ],
2475 silly audit   'data-view-byte-offset': [ '1.0.1' ],
2475 silly audit   'es-set-tostringtag': [ '2.1.0' ],
2475 silly audit   'es-to-primitive': [ '1.3.4' ],
2475 silly audit   'function.prototype.name': [ '1.2.0' ],
2475 silly audit   'get-proto': [ '1.0.1' ],
2475 silly audit   'get-symbol-description': [ '1.1.0' ],
2475 silly audit   globalthis: [ '1.0.4' ],
2475 silly audit   'has-proto': [ '1.2.0' ],
2475 silly audit   'has-symbols': [ '1.1.0' ],
2475 silly audit   'internal-slot': [ '1.1.0' ],
2475 silly audit   'is-array-buffer': [ '3.0.5' ],
2475 silly audit   'is-callable': [ '1.2.7' ],
2475 silly audit   'is-data-view': [ '1.0.2' ],
2475 silly audit   'is-negative-zero': [ '2.0.3' ],
2475 silly audit   'is-regex': [ '1.2.1' ],
2475 silly audit   'is-set': [ '2.0.3' ],
2475 silly audit   'is-shared-array-buffer': [ '1.0.4' ],
2475 silly audit   'is-typed-array': [ '1.1.15' ],
2475 silly audit   'is-weakref': [ '1.1.1' ],
2475 silly audit   'object-inspect': [ '1.13.4' ],
2475 silly audit   'object.assign': [ '4.1.7' ],
2475 silly audit   'own-keys': [ '1.0.2' ],
2475 silly audit   'regexp.prototype.flags': [ '1.5.4' ],
2475 silly audit   'safe-array-concat': [ '1.1.4' ],
2475 silly audit   'safe-push-apply': [ '1.0.0' ],
2475 silly audit   'safe-regex-test': [ '1.1.0' ],
2475 silly audit   'set-proto': [ '1.0.0' ],
2475 silly audit   'stop-iteration-iterator': [ '1.1.0' ],
2475 silly audit   'string.prototype.trim': [ '1.2.11' ],
2475 silly audit   'string.prototype.trimstart': [ '1.0.8' ],
2475 silly audit   'typed-array-buffer': [ '1.0.3' ],
2475 silly audit   'typed-array-byte-length': [ '1.0.3' ],
2475 silly audit   'typed-array-byte-offset': [ '1.0.4' ],
2475 silly audit   'typed-array-length': [ '1.0.8' ],
2475 silly audit   'unbox-primitive': [ '1.1.0' ],
2475 silly audit   'which-typed-array': [ '1.1.22' ],
2475 silly audit   'possible-typed-array-names': [ '1.1.0' ],
2475 silly audit   'has-tostringtag': [ '1.0.2' ],
2475 silly audit   'es-abstract-get': [ '1.0.0' ],
2475 silly audit   'is-date-object': [ '1.1.0' ],
2475 silly audit   'is-symbol': [ '1.1.1' ],
2475 silly audit   'aria-query': [ '5.3.2' ],
2475 silly audit   'ast-types-flow': [ '0.0.8' ],
2475 silly audit   'axe-core': [ '4.12.1' ],
2475 silly audit   'axobject-query': [ '4.1.0' ],
2475 silly audit   'damerau-levenshtein': [ '1.0.8' ],
2475 silly audit   'emoji-regex': [ '9.2.2' ],
2475 silly audit   'jsx-ast-utils': [ '3.3.5' ],
2475 silly audit   'language-tags': [ '1.0.9' ],
2475 silly audit   'string.prototype.includes': [ '2.0.1' ],
2475 silly audit   'array.prototype.findlast': [ '1.2.5' ],
2475 silly audit   'array.prototype.tosorted': [ '1.1.4' ],
2475 silly audit   'es-iterator-helpers': [ '1.4.0' ],
2475 silly audit   estraverse: [ '5.3.0' ],
2475 silly audit   'object.entries': [ '1.1.9' ],
2475 silly audit   'prop-types': [ '15.8.1' ],
2475 silly audit   'string.prototype.matchall': [ '4.0.12' ],
2475 silly audit   'string.prototype.repeat': [ '1.0.0' ],
2475 silly audit   'iterator.prototype': [ '1.1.5' ],
2475 silly audit   '@babel/core': [ '7.29.7' ],
2475 silly audit   '@babel/parser': [ '7.29.8' ],
2475 silly audit   'hermes-parser': [ '0.25.1' ],
2475 silly audit   zod: [ '4.4.3' ],
2475 silly audit   'zod-validation-error': [ '4.0.2' ],
2475 silly audit   '@babel/code-frame': [ '7.29.7' ],
2475 silly audit   '@babel/generator': [ '7.29.8' ],
2475 silly audit   '@babel/helper-compilation-targets': [ '7.29.7' ],
2475 silly audit   '@babel/helper-module-transforms': [ '7.29.7' ],
2475 silly audit   '@babel/helpers': [ '7.29.7' ],
2475 silly audit   '@babel/template': [ '7.29.7' ],
2475 silly audit   '@babel/traverse': [ '7.29.8' ],
2475 silly audit   '@babel/types': [ '7.29.8' ],
2475 silly audit   'convert-source-map': [ '2.0.0' ],
2475 silly audit   gensync: [ '1.0.0-beta.2' ],
2475 silly audit   json5: [ '2.2.3', '1.0.2' ],
2475 silly audit   '@babel/helper-validator-identifier': [ '7.29.7' ],
2475 silly audit   'js-tokens': [ '4.0.0' ],
2475 silly audit   picocolors: [ '1.1.1' ],
2475 silly audit   jsesc: [ '3.1.0' ],
2475 silly audit   '@babel/compat-data': [ '7.29.7' ],
2475 silly audit   '@babel/helper-validator-option': [ '7.29.7' ],
2475 silly audit   browserslist: [ '4.28.7' ],
2475 silly audit   'lru-cache': [ '5.1.1' ],
2475 silly audit   '@babel/helper-module-imports': [ '7.29.7' ],
2475 silly audit   '@babel/helper-globals': [ '7.29.7' ],
2475 silly audit   '@babel/helper-string-parser': [ '7.29.7' ],
2475 silly audit   'baseline-browser-mapping': [ '2.11.9' ],
2475 silly audit   'caniuse-lite': [ '1.0.30001806' ],
2475 silly audit   'electron-to-chromium': [ '1.5.399' ],
2475 silly audit   'node-releases': [ '2.0.51' ],
2475 silly audit   'update-browserslist-db': [ '1.2.3' ],
2475 silly audit   esrecurse: [ '4.3.0' ],
2475 silly audit   acorn: [ '8.18.0' ],
2475 silly audit   'acorn-jsx': [ '5.3.2' ],
2475 silly audit   '@nodelib/fs.stat': [ '2.0.5' ],
2475 silly audit   '@nodelib/fs.walk': [ '1.2.8' ],
2475 silly audit   merge2: [ '1.4.1' ],
2475 silly audit   micromatch: [ '4.0.8' ],
2475 silly audit   '@nodelib/fs.scandir': [ '2.1.5' ],
2475 silly audit   fastq: [ '1.20.1' ],
2475 silly audit   'run-parallel': [ '1.2.0' ],
2475 silly audit   reusify: [ '1.1.0' ],
2475 silly audit   'flat-cache': [ '4.0.1' ],
2475 silly audit   'locate-path': [ '6.0.0' ],
2475 silly audit   'path-exists': [ '4.0.0' ],
2475 silly audit   flatted: [ '3.4.4' ],
2475 silly audit   keyv: [ '4.5.4' ],
2475 silly audit   'functions-have-names': [ '1.2.3' ],
2475 silly audit   'is-document.all': [ '1.0.0' ],
2475 silly audit   'dunder-proto': [ '1.0.1' ],
2475 silly audit   'resolve-pkg-maps': [ '1.0.0' ],
2475 silly audit   'hermes-estree': [ '0.25.1' ],
2475 silly audit   'parent-module': [ '1.0.1' ],
2475 silly audit   'resolve-from': [ '4.0.0' ],
2475 silly audit   'side-channel': [ '1.1.1' ],
2475 silly audit   'is-extglob': [ '2.1.1' ],
2475 silly audit   'set-function-name': [ '2.0.2' ],
2475 silly audit   argparse: [ '2.0.1' ],
2475 silly audit   'json-buffer': [ '3.0.1' ],
2475 silly audit   'language-subtag-registry': [ '0.3.23' ],
2475 silly audit   'prelude-ls': [ '1.2.1' ],
2475 silly audit   'type-check': [ '0.4.0' ],
2475 silly audit   'detect-libc': [ '2.1.2' ],
2475 silly audit   'lightningcss-android-arm64': [ '1.32.0' ],
2475 silly audit   'lightningcss-darwin-arm64': [ '1.32.0' ],
2475 silly audit   'lightningcss-darwin-x64': [ '1.32.0' ],
2475 silly audit   'lightningcss-freebsd-x64': [ '1.32.0' ],
2475 silly audit   'lightningcss-linux-arm-gnueabihf': [ '1.32.0' ],
2475 silly audit   'lightningcss-linux-arm64-gnu': [ '1.32.0' ],
2475 silly audit   'lightningcss-linux-arm64-musl': [ '1.32.0' ],
2475 silly audit   'lightningcss-linux-x64-gnu': [ '1.32.0' ],
2475 silly audit   'lightningcss-linux-x64-musl': [ '1.32.0' ],
2475 silly audit   'lightningcss-win32-arm64-msvc': [ '1.32.0' ],
2475 silly audit   'lightningcss-win32-x64-msvc': [ '1.32.0' ],
2475 silly audit   'p-locate': [ '5.0.0' ],
2475 silly audit   yallist: [ '3.1.1' ],
2475 silly audit   braces: [ '3.0.3' ],
2475 silly audit   picomatch: [ '2.3.2', '4.0.5' ],
2475 silly audit   'fill-range': [ '7.1.1' ],
2475 silly audit   'to-regex-range': [ '5.0.1' ],
2475 silly audit   'brace-expansion': [ '1.1.18', '5.0.9' ],
2475 silly audit   'balanced-match': [ '1.0.2', '4.0.4' ],
2475 silly audit   'concat-map': [ '0.0.1' ],
2475 silly audit   '@next/env': [ '16.2.12' ],
2475 silly audit   '@next/swc-darwin-arm64': [ '16.2.12' ],
2475 silly audit   '@next/swc-darwin-x64': [ '16.2.12' ],
2475 silly audit   '@next/swc-linux-arm64-gnu': [ '16.2.12' ],
2475 silly audit   '@next/swc-linux-arm64-musl': [ '16.2.12' ],
2475 silly audit   '@next/swc-linux-x64-gnu': [ '16.2.12' ],
2475 silly audit   '@next/swc-linux-x64-musl': [ '16.2.12' ],
2475 silly audit   '@next/swc-win32-arm64-msvc': [ '16.2.12' ],
2475 silly audit   '@next/swc-win32-x64-msvc': [ '16.2.12' ],
2475 silly audit   '@swc/helpers': [ '0.5.15' ],
2475 silly audit   sharp: [ '0.34.5' ],
2475 silly audit   'styled-jsx': [ '5.1.6' ],
2475 silly audit   tslib: [ '2.8.1' ],
2475 silly audit   'deep-is': [ '0.1.4' ],
2475 silly audit   'fast-levenshtein': [ '2.0.6' ],
2475 silly audit   'word-wrap': [ '1.2.5' ],
2475 silly audit   'p-limit': [ '3.1.0' ],
2475 silly audit   'yocto-queue': [ '0.1.0' ],
2475 silly audit   callsites: [ '3.1.0' ],
2475 silly audit   nanoid: [ '3.3.16' ],
2475 silly audit   'loose-envify': [ '1.4.0' ],
2475 silly audit   'object-assign': [ '4.1.1' ],
2475 silly audit   'react-is': [ '16.13.1' ],
2475 silly audit   scheduler: [ '0.27.0' ],
2475 silly audit   'node-exports-info': [ '1.6.2' ],
2475 silly audit   'path-parse': [ '1.0.7' ],
2475 silly audit   'supports-preserve-symlinks-flag': [ '1.0.0' ],
2475 silly audit   'queue-microtask': [ '1.2.3' ],
2475 silly audit   isarray: [ '2.0.5' ],
2475 silly audit   '@img/colour': [ '1.1.0' ],
2475 silly audit   '@img/sharp-darwin-arm64': [ '0.34.5' ],
2475 silly audit   '@img/sharp-darwin-x64': [ '0.34.5' ],
2475 silly audit   '@img/sharp-libvips-darwin-arm64': [ '1.2.4' ],
2475 silly audit   '@img/sharp-libvips-darwin-x64': [ '1.2.4' ],
2475 silly audit   '@img/sharp-libvips-linux-arm': [ '1.2.4' ],
2475 silly audit   '@img/sharp-libvips-linux-arm64': [ '1.2.4' ],
2475 silly audit   '@img/sharp-libvips-linux-ppc64': [ '1.2.4' ],
2475 silly audit   '@img/sharp-libvips-linux-riscv64': [ '1.2.4' ],
2475 silly audit   '@img/sharp-libvips-linux-s390x': [ '1.2.4' ],
2475 silly audit   '@img/sharp-libvips-linux-x64': [ '1.2.4' ],
2475 silly audit   '@img/sharp-libvips-linuxmusl-arm64': [ '1.2.4' ],
2475 silly audit   '@img/sharp-libvips-linuxmusl-x64': [ '1.2.4' ],
2475 silly audit   '@img/sharp-linux-arm': [ '0.34.5' ],
2475 silly audit   '@img/sharp-linux-arm64': [ '0.34.5' ],
2475 silly audit   '@img/sharp-linux-ppc64': [ '0.34.5' ],
2475 silly audit   '@img/sharp-linux-riscv64': [ '0.34.5' ],
2475 silly audit   '@img/sharp-linux-s390x': [ '0.34.5' ],
2475 silly audit   '@img/sharp-linux-x64': [ '0.34.5' ],
2475 silly audit   '@img/sharp-linuxmusl-arm64': [ '0.34.5' ],
2475 silly audit   '@img/sharp-linuxmusl-x64': [ '0.34.5' ],
2475 silly audit   '@img/sharp-wasm32': [ '0.34.5' ],
2475 silly audit   '@img/sharp-win32-arm64': [ '0.34.5' ],
2475 silly audit   '@img/sharp-win32-ia32': [ '0.34.5' ],
2475 silly audit   '@img/sharp-win32-x64': [ '0.34.5' ],
2475 silly audit   '@emnapi/runtime': [ '1.11.3', '1.10.0' ],
2475 silly audit   'shebang-regex': [ '3.0.0' ],
2475 silly audit   'side-channel-list': [ '1.0.1' ],
2475 silly audit   'side-channel-map': [ '1.0.1' ],
2475 silly audit   'side-channel-weakmap': [ '1.0.2' ],
2475 silly audit   'client-only': [ '0.0.1' ],
2475 silly audit   'has-flag': [ '4.0.0' ],
2475 silly audit   fdir: [ '6.5.0' ],
2475 silly audit   'is-number': [ '7.0.0' ],
2475 silly audit   '@types/json5': [ '0.0.29' ],
2475 silly audit   minimist: [ '1.2.8' ],
2475 silly audit   'strip-bom': [ '3.0.0' ],
2475 silly audit   'for-each': [ '0.3.5' ],
2475 silly audit   'reflect.getprototypeof': [ '1.0.10' ],
2475 silly audit   'which-builtin-type': [ '1.2.1' ],
2475 silly audit   '@typescript-eslint/eslint-plugin': [ '8.65.0' ],
2475 silly audit   '@typescript-eslint/parser': [ '8.65.0' ],
2475 silly audit   '@typescript-eslint/typescript-estree': [ '8.65.0' ],
2475 silly audit   '@typescript-eslint/utils': [ '8.65.0' ],
2475 silly audit   '@typescript-eslint/scope-manager': [ '8.65.0' ],
2475 silly audit   '@typescript-eslint/type-utils': [ '8.65.0' ],
2475 silly audit   '@typescript-eslint/visitor-keys': [ '8.65.0' ],
2475 silly audit   'ts-api-utils': [ '2.5.0' ],
2475 silly audit   '@typescript-eslint/types': [ '8.65.0' ],
2475 silly audit   '@typescript-eslint/project-service': [ '8.65.0' ],
2475 silly audit   '@typescript-eslint/tsconfig-utils': [ '8.65.0' ],
2475 silly audit   'has-bigints': [ '1.1.0' ],
2475 silly audit   'which-boxed-primitive': [ '1.1.1' ],
2475 silly audit   '@unrs/resolver-binding-android-arm-eabi': [ '1.12.2' ],
2475 silly audit   '@unrs/resolver-binding-android-arm64': [ '1.12.2' ],
2475 silly audit   '@unrs/resolver-binding-darwin-arm64': [ '1.12.2' ],
2475 silly audit   '@unrs/resolver-binding-darwin-x64': [ '1.12.2' ],
2475 silly audit   '@unrs/resolver-binding-freebsd-x64': [ '1.12.2' ],
2475 silly audit   '@unrs/resolver-binding-linux-arm-gnueabihf': [ '1.12.2' ],
2475 silly audit   '@unrs/resolver-binding-linux-arm-musleabihf': [ '1.12.2' ],
2475 silly audit   '@unrs/resolver-binding-linux-arm64-gnu': [ '1.12.2' ],
2475 silly audit   '@unrs/resolver-binding-linux-arm64-musl': [ '1.12.2' ],
2475 silly audit   '@unrs/resolver-binding-linux-loong64-gnu': [ '1.12.2' ],
2475 silly audit   '@unrs/resolver-binding-linux-loong64-musl': [ '1.12.2' ],
2475 silly audit   '@unrs/resolver-binding-linux-ppc64-gnu': [ '1.12.2' ],
2475 silly audit   '@unrs/resolver-binding-linux-riscv64-gnu': [ '1.12.2' ],
2475 silly audit   '@unrs/resolver-binding-linux-riscv64-musl': [ '1.12.2' ],
2475 silly audit   '@unrs/resolver-binding-linux-s390x-gnu': [ '1.12.2' ],
2475 silly audit   '@unrs/resolver-binding-linux-x64-gnu': [ '1.12.2' ],
2475 silly audit   '@unrs/resolver-binding-linux-x64-musl': [ '1.12.2' ],
2475 silly audit   '@unrs/resolver-binding-openharmony-arm64': [ '1.12.2' ],
2475 silly audit   '@unrs/resolver-binding-wasm32-wasi': [ '1.12.2' ],
2475 silly audit   '@unrs/resolver-binding-win32-arm64-msvc': [ '1.12.2' ],
2475 silly audit   '@unrs/resolver-binding-win32-ia32-msvc': [ '1.12.2' ],
2475 silly audit   '@unrs/resolver-binding-win32-x64-msvc': [ '1.12.2' ],
2475 silly audit   'napi-postinstall': [ '0.3.4' ],
2475 silly audit   '@emnapi/core': [ '1.10.0' ],
2475 silly audit   '@napi-rs/wasm-runtime': [ '1.2.2' ],
2475 silly audit   '@emnapi/wasi-threads': [ '1.2.1' ],
2475 silly audit   '@tybys/wasm-util': [ '0.10.3' ],
2475 silly audit   escalade: [ '3.2.0' ],
2475 silly audit   punycode: [ '2.3.1' ],
2475 silly audit   isexe: [ '2.0.0' ],
2475 silly audit   'is-bigint': [ '1.1.0' ],
2475 silly audit   'is-boolean-object': [ '1.2.2' ],
2475 silly audit   'is-number-object': [ '1.1.1' ],
2475 silly audit   'is-async-function': [ '2.1.1' ],
2475 silly audit   'is-finalizationregistry': [ '1.1.1' ],
2475 silly audit   'is-generator-function': [ '1.1.2' ],
2475 silly audit   'which-collection': [ '1.0.2' ],
2475 silly audit   'async-function': [ '1.0.0' ],
2475 silly audit   'generator-function': [ '2.0.1' ],
2475 silly audit   'is-map': [ '2.0.3' ],
2475 silly audit   'is-weakmap': [ '2.0.2' ],
2475 silly audit   'is-weakset': [ '2.0.4' ]
2475 silly audit }
2476 http cache is-weakset@https://registry.npmjs.org/is-weakset/-/is-weakset-2.0.4.tgz 0ms (cache hit)
2477 http cache is-weakmap@https://registry.npmjs.org/is-weakmap/-/is-weakmap-2.0.2.tgz 0ms (cache hit)
2478 http cache generator-function@https://registry.npmjs.org/generator-function/-/generator-function-2.0.1.tgz 0ms (cache hit)
2479 http cache async-function@https://registry.npmjs.org/async-function/-/async-function-1.0.0.tgz 0ms (cache hit)
2480 http cache which-collection@https://registry.npmjs.org/which-collection/-/which-collection-1.0.2.tgz 0ms (cache hit)
2481 http cache is-generator-function@https://registry.npmjs.org/is-generator-function/-/is-generator-function-1.1.2.tgz 0ms (cache hit)
2482 http cache is-finalizationregistry@https://registry.npmjs.org/is-finalizationregistry/-/is-finalizationregistry-1.1.1.tgz 0ms (cache hit)
2483 http cache is-async-function@https://registry.npmjs.org/is-async-function/-/is-async-function-2.1.1.tgz 0ms (cache hit)
2484 http cache is-number-object@https://registry.npmjs.org/is-number-object/-/is-number-object-1.1.1.tgz 0ms (cache hit)
2485 http cache is-boolean-object@https://registry.npmjs.org/is-boolean-object/-/is-boolean-object-1.2.2.tgz 0ms (cache hit)
2486 http cache is-map@https://registry.npmjs.org/is-map/-/is-map-2.0.3.tgz 0ms (cache hit)
2487 http cache is-bigint@https://registry.npmjs.org/is-bigint/-/is-bigint-1.1.0.tgz 0ms (cache hit)
2488 http cache punycode@https://registry.npmjs.org/punycode/-/punycode-2.3.1.tgz 0ms (cache hit)
2489 http cache napi-postinstall@https://registry.npmjs.org/napi-postinstall/-/napi-postinstall-0.3.4.tgz 0ms (cache hit)
2490 http cache escalade@https://registry.npmjs.org/escalade/-/escalade-3.2.0.tgz 0ms (cache hit)
2491 http cache @unrs/resolver-binding-darwin-arm64@https://registry.npmjs.org/@unrs/resolver-binding-darwin-arm64/-/resolver-binding-darwin-arm64-1.12.2.tgz 0ms (cache hit)
2492 http cache which-boxed-primitive@https://registry.npmjs.org/which-boxed-primitive/-/which-boxed-primitive-1.1.1.tgz 0ms (cache hit)
2493 http cache has-bigints@https://registry.npmjs.org/has-bigints/-/has-bigints-1.1.0.tgz 0ms (cache hit)
2494 http cache @typescript-eslint/project-service@https://registry.npmjs.org/@typescript-eslint/project-service/-/project-service-8.65.0.tgz 0ms (cache hit)
2495 http cache @typescript-eslint/types@https://registry.npmjs.org/@typescript-eslint/types/-/types-8.65.0.tgz 0ms (cache hit)
2496 http cache isexe@https://registry.npmjs.org/isexe/-/isexe-2.0.0.tgz 0ms (cache hit)
2497 http cache ts-api-utils@https://registry.npmjs.org/ts-api-utils/-/ts-api-utils-2.5.0.tgz 0ms (cache hit)
2498 http cache @typescript-eslint/visitor-keys@https://registry.npmjs.org/@typescript-eslint/visitor-keys/-/visitor-keys-8.65.0.tgz 0ms (cache hit)
2499 http cache @typescript-eslint/type-utils@https://registry.npmjs.org/@typescript-eslint/type-utils/-/type-utils-8.65.0.tgz 0ms (cache hit)
2500 http cache @typescript-eslint/utils@https://registry.npmjs.org/@typescript-eslint/utils/-/utils-8.65.0.tgz 0ms (cache hit)
2501 http cache @typescript-eslint/scope-manager@https://registry.npmjs.org/@typescript-eslint/scope-manager/-/scope-manager-8.65.0.tgz 0ms (cache hit)
2502 http cache @typescript-eslint/parser@https://registry.npmjs.org/@typescript-eslint/parser/-/parser-8.65.0.tgz 1ms (cache hit)
2503 http cache @typescript-eslint/typescript-estree@https://registry.npmjs.org/@typescript-eslint/typescript-estree/-/typescript-estree-8.65.0.tgz 0ms (cache hit)
2504 http cache @typescript-eslint/tsconfig-utils@https://registry.npmjs.org/@typescript-eslint/tsconfig-utils/-/tsconfig-utils-8.65.0.tgz 0ms (cache hit)
2505 http cache which-builtin-type@https://registry.npmjs.org/which-builtin-type/-/which-builtin-type-1.2.1.tgz 0ms (cache hit)
2506 http cache for-each@https://registry.npmjs.org/for-each/-/for-each-0.3.5.tgz 0ms (cache hit)
2507 http cache @typescript-eslint/eslint-plugin@https://registry.npmjs.org/@typescript-eslint/eslint-plugin/-/eslint-plugin-8.65.0.tgz 0ms (cache hit)
2508 http cache minimist@https://registry.npmjs.org/minimist/-/minimist-1.2.8.tgz 0ms (cache hit)
2509 http cache @types/json5@https://registry.npmjs.org/@types/json5/-/json5-0.0.29.tgz 0ms (cache hit)
2510 http cache reflect.getprototypeof@https://registry.npmjs.org/reflect.getprototypeof/-/reflect.getprototypeof-1.0.10.tgz 0ms (cache hit)
2511 http cache is-number@https://registry.npmjs.org/is-number/-/is-number-7.0.0.tgz 0ms (cache hit)
2512 http cache has-flag@https://registry.npmjs.org/has-flag/-/has-flag-4.0.0.tgz 0ms (cache hit)
2513 http cache strip-bom@https://registry.npmjs.org/strip-bom/-/strip-bom-3.0.0.tgz 0ms (cache hit)
2514 http cache client-only@https://registry.npmjs.org/client-only/-/client-only-0.0.1.tgz 0ms (cache hit)
2515 http cache side-channel-map@https://registry.npmjs.org/side-channel-map/-/side-channel-map-1.0.1.tgz 0ms (cache hit)
2516 http cache side-channel-weakmap@https://registry.npmjs.org/side-channel-weakmap/-/side-channel-weakmap-1.0.2.tgz 0ms (cache hit)
2517 http cache @img/sharp-libvips-darwin-arm64@https://registry.npmjs.org/@img/sharp-libvips-darwin-arm64/-/sharp-libvips-darwin-arm64-1.2.4.tgz 0ms (cache hit)
2518 http cache side-channel-list@https://registry.npmjs.org/side-channel-list/-/side-channel-list-1.0.1.tgz 0ms (cache hit)
2519 http cache @img/sharp-darwin-arm64@https://registry.npmjs.org/@img/sharp-darwin-arm64/-/sharp-darwin-arm64-0.34.5.tgz 0ms (cache hit)
2520 http cache shebang-regex@https://registry.npmjs.org/shebang-regex/-/shebang-regex-3.0.0.tgz 0ms (cache hit)
2521 http cache @img/colour@https://registry.npmjs.org/@img/colour/-/colour-1.1.0.tgz 0ms (cache hit)
2522 http cache isarray@https://registry.npmjs.org/isarray/-/isarray-2.0.5.tgz 0ms (cache hit)
2523 http cache queue-microtask@https://registry.npmjs.org/queue-microtask/-/queue-microtask-1.2.3.tgz 0ms (cache hit)
2524 http cache path-parse@https://registry.npmjs.org/path-parse/-/path-parse-1.0.7.tgz 0ms (cache hit)
2525 http cache supports-preserve-symlinks-flag@https://registry.npmjs.org/supports-preserve-symlinks-flag/-/supports-preserve-symlinks-flag-1.0.0.tgz 0ms (cache hit)
2526 http cache node-exports-info@https://registry.npmjs.org/node-exports-info/-/node-exports-info-1.6.2.tgz 0ms (cache hit)
2527 http cache scheduler@https://registry.npmjs.org/scheduler/-/scheduler-0.27.0.tgz 0ms (cache hit)
2528 http cache react-is@https://registry.npmjs.org/react-is/-/react-is-16.13.1.tgz 0ms (cache hit)
2529 http cache object-assign@https://registry.npmjs.org/object-assign/-/object-assign-4.1.1.tgz 0ms (cache hit)
2530 http cache nanoid@https://registry.npmjs.org/nanoid/-/nanoid-3.3.16.tgz 0ms (cache hit)
2531 http cache loose-envify@https://registry.npmjs.org/loose-envify/-/loose-envify-1.4.0.tgz 0ms (cache hit)
2532 http cache yocto-queue@https://registry.npmjs.org/yocto-queue/-/yocto-queue-0.1.0.tgz 0ms (cache hit)
2533 http cache p-limit@https://registry.npmjs.org/p-limit/-/p-limit-3.1.0.tgz 0ms (cache hit)
2534 http cache word-wrap@https://registry.npmjs.org/word-wrap/-/word-wrap-1.2.5.tgz 0ms (cache hit)
2535 http cache callsites@https://registry.npmjs.org/callsites/-/callsites-3.1.0.tgz 0ms (cache hit)
2536 http cache fast-levenshtein@https://registry.npmjs.org/fast-levenshtein/-/fast-levenshtein-2.0.6.tgz 0ms (cache hit)
2537 http cache deep-is@https://registry.npmjs.org/deep-is/-/deep-is-0.1.4.tgz 0ms (cache hit)
2538 http cache tslib@https://registry.npmjs.org/tslib/-/tslib-2.8.1.tgz 0ms (cache hit)
2539 http cache styled-jsx@https://registry.npmjs.org/styled-jsx/-/styled-jsx-5.1.6.tgz 0ms (cache hit)
2540 http cache sharp@https://registry.npmjs.org/sharp/-/sharp-0.34.5.tgz 0ms (cache hit)
2541 http cache @swc/helpers@https://registry.npmjs.org/@swc/helpers/-/helpers-0.5.15.tgz 0ms (cache hit)
2542 http cache @next/swc-darwin-arm64@https://registry.npmjs.org/@next/swc-darwin-arm64/-/swc-darwin-arm64-16.2.12.tgz 0ms (cache hit)
2543 http cache concat-map@https://registry.npmjs.org/concat-map/-/concat-map-0.0.1.tgz 0ms (cache hit)
2544 http cache brace-expansion@https://registry.npmjs.org/brace-expansion/-/brace-expansion-1.1.18.tgz 0ms (cache hit)
2545 http cache balanced-match@https://registry.npmjs.org/balanced-match/-/balanced-match-1.0.2.tgz 0ms (cache hit)
2546 http cache to-regex-range@https://registry.npmjs.org/to-regex-range/-/to-regex-range-5.0.1.tgz 0ms (cache hit)
2547 http cache fill-range@https://registry.npmjs.org/fill-range/-/fill-range-7.1.1.tgz 0ms (cache hit)
2548 http cache picomatch@https://registry.npmjs.org/picomatch/-/picomatch-2.3.2.tgz 0ms (cache hit)
2549 http cache braces@https://registry.npmjs.org/braces/-/braces-3.0.3.tgz 0ms (cache hit)
2550 http cache @next/env@https://registry.npmjs.org/@next/env/-/env-16.2.12.tgz 0ms (cache hit)
2551 http cache yallist@https://registry.npmjs.org/yallist/-/yallist-3.1.1.tgz 0ms (cache hit)
2552 http cache p-locate@https://registry.npmjs.org/p-locate/-/p-locate-5.0.0.tgz 0ms (cache hit)
2553 http cache detect-libc@https://registry.npmjs.org/detect-libc/-/detect-libc-2.1.2.tgz 0ms (cache hit)
2554 http cache type-check@https://registry.npmjs.org/type-check/-/type-check-0.4.0.tgz 0ms (cache hit)
2555 http cache prelude-ls@https://registry.npmjs.org/prelude-ls/-/prelude-ls-1.2.1.tgz 0ms (cache hit)
2556 http cache argparse@https://registry.npmjs.org/argparse/-/argparse-2.0.1.tgz 0ms (cache hit)
2557 http cache language-subtag-registry@https://registry.npmjs.org/language-subtag-registry/-/language-subtag-registry-0.3.23.tgz 0ms (cache hit)
2558 http cache set-function-name@https://registry.npmjs.org/set-function-name/-/set-function-name-2.0.2.tgz 0ms (cache hit)
2559 http cache json-buffer@https://registry.npmjs.org/json-buffer/-/json-buffer-3.0.1.tgz 0ms (cache hit)
2560 http cache lightningcss-darwin-arm64@https://registry.npmjs.org/lightningcss-darwin-arm64/-/lightningcss-darwin-arm64-1.32.0.tgz 0ms (cache hit)
2561 http cache is-extglob@https://registry.npmjs.org/is-extglob/-/is-extglob-2.1.1.tgz 0ms (cache hit)
2562 http cache parent-module@https://registry.npmjs.org/parent-module/-/parent-module-1.0.1.tgz 0ms (cache hit)
2563 http cache resolve-from@https://registry.npmjs.org/resolve-from/-/resolve-from-4.0.0.tgz 0ms (cache hit)
2564 http cache resolve-pkg-maps@https://registry.npmjs.org/resolve-pkg-maps/-/resolve-pkg-maps-1.0.0.tgz 0ms (cache hit)
2565 http cache hermes-estree@https://registry.npmjs.org/hermes-estree/-/hermes-estree-0.25.1.tgz 0ms (cache hit)
2566 http cache functions-have-names@https://registry.npmjs.org/functions-have-names/-/functions-have-names-1.2.3.tgz 0ms (cache hit)
2567 http cache is-document.all@https://registry.npmjs.org/is-document.all/-/is-document.all-1.0.0.tgz 0ms (cache hit)
2568 http cache dunder-proto@https://registry.npmjs.org/dunder-proto/-/dunder-proto-1.0.1.tgz 0ms (cache hit)
2569 http cache keyv@https://registry.npmjs.org/keyv/-/keyv-4.5.4.tgz 0ms (cache hit)
2570 http cache flatted@https://registry.npmjs.org/flatted/-/flatted-3.4.4.tgz 0ms (cache hit)
2571 http cache flat-cache@https://registry.npmjs.org/flat-cache/-/flat-cache-4.0.1.tgz 0ms (cache hit)
2572 http cache path-exists@https://registry.npmjs.org/path-exists/-/path-exists-4.0.0.tgz 0ms (cache hit)
2573 http cache reusify@https://registry.npmjs.org/reusify/-/reusify-1.1.0.tgz 0ms (cache hit)
2574 http cache locate-path@https://registry.npmjs.org/locate-path/-/locate-path-6.0.0.tgz 0ms (cache hit)
2575 http cache run-parallel@https://registry.npmjs.org/run-parallel/-/run-parallel-1.2.0.tgz 0ms (cache hit)
2576 http cache fastq@https://registry.npmjs.org/fastq/-/fastq-1.20.1.tgz 0ms (cache hit)
2577 http cache micromatch@https://registry.npmjs.org/micromatch/-/micromatch-4.0.8.tgz 0ms (cache hit)
2578 http cache @nodelib/fs.scandir@https://registry.npmjs.org/@nodelib/fs.scandir/-/fs.scandir-2.1.5.tgz 0ms (cache hit)
2579 http cache merge2@https://registry.npmjs.org/merge2/-/merge2-1.4.1.tgz 0ms (cache hit)
2580 http cache @nodelib/fs.stat@https://registry.npmjs.org/@nodelib/fs.stat/-/fs.stat-2.0.5.tgz 0ms (cache hit)
2581 http cache @nodelib/fs.walk@https://registry.npmjs.org/@nodelib/fs.walk/-/fs.walk-1.2.8.tgz 0ms (cache hit)
2582 http cache acorn-jsx@https://registry.npmjs.org/acorn-jsx/-/acorn-jsx-5.3.2.tgz 0ms (cache hit)
2583 http cache acorn@https://registry.npmjs.org/acorn/-/acorn-8.18.0.tgz 0ms (cache hit)
2584 http cache esrecurse@https://registry.npmjs.org/esrecurse/-/esrecurse-4.3.0.tgz 0ms (cache hit)
2585 http cache update-browserslist-db@https://registry.npmjs.org/update-browserslist-db/-/update-browserslist-db-1.2.3.tgz 0ms (cache hit)
2586 http cache node-releases@https://registry.npmjs.org/node-releases/-/node-releases-2.0.51.tgz 0ms (cache hit)
2587 http cache electron-to-chromium@https://registry.npmjs.org/electron-to-chromium/-/electron-to-chromium-1.5.399.tgz 0ms (cache hit)
2588 http cache caniuse-lite@https://registry.npmjs.org/caniuse-lite/-/caniuse-lite-1.0.30001806.tgz 0ms (cache hit)
2589 http cache baseline-browser-mapping@https://registry.npmjs.org/baseline-browser-mapping/-/baseline-browser-mapping-2.11.9.tgz 0ms (cache hit)
2590 http cache @babel/helper-string-parser@https://registry.npmjs.org/@babel/helper-string-parser/-/helper-string-parser-7.29.7.tgz 0ms (cache hit)
2591 http cache side-channel@https://registry.npmjs.org/side-channel/-/side-channel-1.1.1.tgz 0ms (cache hit)
2592 http cache @babel/helper-globals@https://registry.npmjs.org/@babel/helper-globals/-/helper-globals-7.29.7.tgz 0ms (cache hit)
2593 http cache @babel/helper-module-imports@https://registry.npmjs.org/@babel/helper-module-imports/-/helper-module-imports-7.29.7.tgz 0ms (cache hit)
2594 http cache lru-cache@https://registry.npmjs.org/lru-cache/-/lru-cache-5.1.1.tgz 0ms (cache hit)
2595 http cache @babel/helper-validator-option@https://registry.npmjs.org/@babel/helper-validator-option/-/helper-validator-option-7.29.7.tgz 0ms (cache hit)
2596 http cache @babel/compat-data@https://registry.npmjs.org/@babel/compat-data/-/compat-data-7.29.7.tgz 0ms (cache hit)
2597 http cache picocolors@https://registry.npmjs.org/picocolors/-/picocolors-1.1.1.tgz 0ms (cache hit)
2598 http cache js-tokens@https://registry.npmjs.org/js-tokens/-/js-tokens-4.0.0.tgz 0ms (cache hit)
2599 http cache jsesc@https://registry.npmjs.org/jsesc/-/jsesc-3.1.0.tgz 0ms (cache hit)
2600 http cache @babel/helper-validator-identifier@https://registry.npmjs.org/@babel/helper-validator-identifier/-/helper-validator-identifier-7.29.7.tgz 0ms (cache hit)
2601 http cache gensync@https://registry.npmjs.org/gensync/-/gensync-1.0.0-beta.2.tgz 0ms (cache hit)
2602 http cache convert-source-map@https://registry.npmjs.org/convert-source-map/-/convert-source-map-2.0.0.tgz 0ms (cache hit)
2603 http cache @babel/types@https://registry.npmjs.org/@babel/types/-/types-7.29.8.tgz 0ms (cache hit)
2604 http cache @babel/traverse@https://registry.npmjs.org/@babel/traverse/-/traverse-7.29.8.tgz 0ms (cache hit)
2605 http cache @babel/template@https://registry.npmjs.org/@babel/template/-/template-7.29.7.tgz 0ms (cache hit)
2606 http cache json5@https://registry.npmjs.org/json5/-/json5-2.2.3.tgz 0ms (cache hit)
2607 http cache @babel/helpers@https://registry.npmjs.org/@babel/helpers/-/helpers-7.29.7.tgz 0ms (cache hit)
2608 http cache browserslist@https://registry.npmjs.org/browserslist/-/browserslist-4.28.7.tgz 0ms (cache hit)
2609 http cache @babel/helper-module-transforms@https://registry.npmjs.org/@babel/helper-module-transforms/-/helper-module-transforms-7.29.7.tgz 0ms (cache hit)
2610 http cache @babel/helper-compilation-targets@https://registry.npmjs.org/@babel/helper-compilation-targets/-/helper-compilation-targets-7.29.7.tgz 0ms (cache hit)
2611 http cache @babel/generator@https://registry.npmjs.org/@babel/generator/-/generator-7.29.8.tgz 0ms (cache hit)
2612 http cache @babel/code-frame@https://registry.npmjs.org/@babel/code-frame/-/code-frame-7.29.7.tgz 0ms (cache hit)
2613 http cache zod@https://registry.npmjs.org/zod/-/zod-4.4.3.tgz 0ms (cache hit)
2614 http cache zod-validation-error@https://registry.npmjs.org/zod-validation-error/-/zod-validation-error-4.0.2.tgz 0ms (cache hit)
2615 http cache hermes-parser@https://registry.npmjs.org/hermes-parser/-/hermes-parser-0.25.1.tgz 0ms (cache hit)
2616 http cache @babel/parser@https://registry.npmjs.org/@babel/parser/-/parser-7.29.8.tgz 0ms (cache hit)
2617 http cache iterator.prototype@https://registry.npmjs.org/iterator.prototype/-/iterator.prototype-1.1.5.tgz 0ms (cache hit)
2618 http cache string.prototype.repeat@https://registry.npmjs.org/string.prototype.repeat/-/string.prototype.repeat-1.0.0.tgz 0ms (cache hit)
2619 http cache string.prototype.matchall@https://registry.npmjs.org/string.prototype.matchall/-/string.prototype.matchall-4.0.12.tgz 0ms (cache hit)
2620 http cache object.entries@https://registry.npmjs.org/object.entries/-/object.entries-1.1.9.tgz 0ms (cache hit)
2621 http cache prop-types@https://registry.npmjs.org/prop-types/-/prop-types-15.8.1.tgz 0ms (cache hit)
2622 http cache estraverse@https://registry.npmjs.org/estraverse/-/estraverse-5.3.0.tgz 0ms (cache hit)
2623 http cache es-iterator-helpers@https://registry.npmjs.org/es-iterator-helpers/-/es-iterator-helpers-1.4.0.tgz 0ms (cache hit)
2624 http cache array.prototype.tosorted@https://registry.npmjs.org/array.prototype.tosorted/-/array.prototype.tosorted-1.1.4.tgz 0ms (cache hit)
2625 http cache array.prototype.findlast@https://registry.npmjs.org/array.prototype.findlast/-/array.prototype.findlast-1.2.5.tgz 0ms (cache hit)
2626 http cache string.prototype.includes@https://registry.npmjs.org/string.prototype.includes/-/string.prototype.includes-2.0.1.tgz 0ms (cache hit)
2627 http cache language-tags@https://registry.npmjs.org/language-tags/-/language-tags-1.0.9.tgz 0ms (cache hit)
2628 http cache jsx-ast-utils@https://registry.npmjs.org/jsx-ast-utils/-/jsx-ast-utils-3.3.5.tgz 0ms (cache hit)
2629 http cache axobject-query@https://registry.npmjs.org/axobject-query/-/axobject-query-4.1.0.tgz 0ms (cache hit)
2630 http cache damerau-levenshtein@https://registry.npmjs.org/damerau-levenshtein/-/damerau-levenshtein-1.0.8.tgz 0ms (cache hit)
2631 http cache emoji-regex@https://registry.npmjs.org/emoji-regex/-/emoji-regex-9.2.2.tgz 0ms (cache hit)
2632 http cache ast-types-flow@https://registry.npmjs.org/ast-types-flow/-/ast-types-flow-0.0.8.tgz 0ms (cache hit)
2633 http cache aria-query@https://registry.npmjs.org/aria-query/-/aria-query-5.3.2.tgz 0ms (cache hit)
2634 http cache axe-core@https://registry.npmjs.org/axe-core/-/axe-core-4.12.1.tgz 0ms (cache hit)
2635 http cache is-date-object@https://registry.npmjs.org/is-date-object/-/is-date-object-1.1.0.tgz 0ms (cache hit)
2636 http cache @babel/core@https://registry.npmjs.org/@babel/core/-/core-7.29.7.tgz 0ms (cache hit)
2637 http cache is-symbol@https://registry.npmjs.org/is-symbol/-/is-symbol-1.1.1.tgz 0ms (cache hit)
2638 http cache has-tostringtag@https://registry.npmjs.org/has-tostringtag/-/has-tostringtag-1.0.2.tgz 0ms (cache hit)
2639 http cache which-typed-array@https://registry.npmjs.org/which-typed-array/-/which-typed-array-1.1.22.tgz 0ms (cache hit)
2640 http cache es-abstract-get@https://registry.npmjs.org/es-abstract-get/-/es-abstract-get-1.0.0.tgz 0ms (cache hit)
2641 http cache unbox-primitive@https://registry.npmjs.org/unbox-primitive/-/unbox-primitive-1.1.0.tgz 0ms (cache hit)
2642 http cache possible-typed-array-names@https://registry.npmjs.org/possible-typed-array-names/-/possible-typed-array-names-1.1.0.tgz 0ms (cache hit)
2643 http cache typed-array-length@https://registry.npmjs.org/typed-array-length/-/typed-array-length-1.0.8.tgz 0ms (cache hit)
2644 http cache typed-array-byte-offset@https://registry.npmjs.org/typed-array-byte-offset/-/typed-array-byte-offset-1.0.4.tgz 0ms (cache hit)
2645 http cache typed-array-byte-length@https://registry.npmjs.org/typed-array-byte-length/-/typed-array-byte-length-1.0.3.tgz 0ms (cache hit)
2646 http cache string.prototype.trim@https://registry.npmjs.org/string.prototype.trim/-/string.prototype.trim-1.2.11.tgz 0ms (cache hit)
2647 http cache set-proto@https://registry.npmjs.org/set-proto/-/set-proto-1.0.0.tgz 0ms (cache hit)
2648 http cache string.prototype.trimstart@https://registry.npmjs.org/string.prototype.trimstart/-/string.prototype.trimstart-1.0.8.tgz 0ms (cache hit)
2649 http cache stop-iteration-iterator@https://registry.npmjs.org/stop-iteration-iterator/-/stop-iteration-iterator-1.1.0.tgz 0ms (cache hit)
2650 http cache typed-array-buffer@https://registry.npmjs.org/typed-array-buffer/-/typed-array-buffer-1.0.3.tgz 0ms (cache hit)
2651 http cache safe-push-apply@https://registry.npmjs.org/safe-push-apply/-/safe-push-apply-1.0.0.tgz 0ms (cache hit)
2652 http cache safe-regex-test@https://registry.npmjs.org/safe-regex-test/-/safe-regex-test-1.1.0.tgz 0ms (cache hit)
2653 http cache safe-array-concat@https://registry.npmjs.org/safe-array-concat/-/safe-array-concat-1.1.4.tgz 0ms (cache hit)
2654 http cache object.assign@https://registry.npmjs.org/object.assign/-/object.assign-4.1.7.tgz 0ms (cache hit)
2655 http cache regexp.prototype.flags@https://registry.npmjs.org/regexp.prototype.flags/-/regexp.prototype.flags-1.5.4.tgz 0ms (cache hit)
2656 http cache is-typed-array@https://registry.npmjs.org/is-typed-array/-/is-typed-array-1.1.15.tgz 0ms (cache hit)
2657 http cache is-shared-array-buffer@https://registry.npmjs.org/is-shared-array-buffer/-/is-shared-array-buffer-1.0.4.tgz 0ms (cache hit)
2658 http cache is-set@https://registry.npmjs.org/is-set/-/is-set-2.0.3.tgz 0ms (cache hit)
2659 http cache is-regex@https://registry.npmjs.org/is-regex/-/is-regex-1.2.1.tgz 0ms (cache hit)
2660 http cache object-inspect@https://registry.npmjs.org/object-inspect/-/object-inspect-1.13.4.tgz 0ms (cache hit)
2661 http cache is-negative-zero@https://registry.npmjs.org/is-negative-zero/-/is-negative-zero-2.0.3.tgz 0ms (cache hit)
2662 http cache is-callable@https://registry.npmjs.org/is-callable/-/is-callable-1.2.7.tgz 0ms (cache hit)
2663 http cache is-data-view@https://registry.npmjs.org/is-data-view/-/is-data-view-1.0.2.tgz 0ms (cache hit)
2664 http cache own-keys@https://registry.npmjs.org/own-keys/-/own-keys-1.0.2.tgz 0ms (cache hit)
2665 http cache is-array-buffer@https://registry.npmjs.org/is-array-buffer/-/is-array-buffer-3.0.5.tgz 0ms (cache hit)
2666 http cache has-symbols@https://registry.npmjs.org/has-symbols/-/has-symbols-1.1.0.tgz 0ms (cache hit)
2667 http cache has-proto@https://registry.npmjs.org/has-proto/-/has-proto-1.2.0.tgz 0ms (cache hit)
2668 http cache is-weakref@https://registry.npmjs.org/is-weakref/-/is-weakref-1.1.1.tgz 0ms (cache hit)
2669 http cache internal-slot@https://registry.npmjs.org/internal-slot/-/internal-slot-1.1.0.tgz 0ms (cache hit)
2670 http cache globalthis@https://registry.npmjs.org/globalthis/-/globalthis-1.0.4.tgz 0ms (cache hit)
2671 http cache get-symbol-description@https://registry.npmjs.org/get-symbol-description/-/get-symbol-description-1.1.0.tgz 0ms (cache hit)
2672 http cache function.prototype.name@https://registry.npmjs.org/function.prototype.name/-/function.prototype.name-1.2.0.tgz 0ms (cache hit)
2673 http cache es-to-primitive@https://registry.npmjs.org/es-to-primitive/-/es-to-primitive-1.3.4.tgz 0ms (cache hit)
2674 http cache es-set-tostringtag@https://registry.npmjs.org/es-set-tostringtag/-/es-set-tostringtag-2.1.0.tgz 0ms (cache hit)
2675 http cache data-view-byte-offset@https://registry.npmjs.org/data-view-byte-offset/-/data-view-byte-offset-1.0.1.tgz 0ms (cache hit)
2676 http cache data-view-byte-length@https://registry.npmjs.org/data-view-byte-length/-/data-view-byte-length-1.0.2.tgz 0ms (cache hit)
2677 http cache available-typed-arrays@https://registry.npmjs.org/available-typed-arrays/-/available-typed-arrays-1.0.7.tgz 0ms (cache hit)
2678 http cache data-view-buffer@https://registry.npmjs.org/data-view-buffer/-/data-view-buffer-1.0.2.tgz 0ms (cache hit)
2679 http cache arraybuffer.prototype.slice@https://registry.npmjs.org/arraybuffer.prototype.slice/-/arraybuffer.prototype.slice-1.0.4.tgz 0ms (cache hit)
2680 http cache array-buffer-byte-length@https://registry.npmjs.org/array-buffer-byte-length/-/array-buffer-byte-length-1.0.2.tgz 0ms (cache hit)
2681 http cache gopd@https://registry.npmjs.org/gopd/-/gopd-1.2.0.tgz 0ms (cache hit)
2682 http cache has-property-descriptors@https://registry.npmjs.org/has-property-descriptors/-/has-property-descriptors-1.0.2.tgz 0ms (cache hit)
2683 http cache set-function-length@https://registry.npmjs.org/set-function-length/-/set-function-length-1.2.2.tgz 0ms (cache hit)
2684 http cache object-keys@https://registry.npmjs.org/object-keys/-/object-keys-1.1.1.tgz 0ms (cache hit)
2685 http cache define-data-property@https://registry.npmjs.org/define-data-property/-/define-data-property-1.1.4.tgz 0ms (cache hit)
2686 http cache get-proto@https://registry.npmjs.org/get-proto/-/get-proto-1.0.1.tgz 0ms (cache hit)
2687 http cache function-bind@https://registry.npmjs.org/function-bind/-/function-bind-1.1.2.tgz 0ms (cache hit)
2688 http cache es-shim-unscopables@https://registry.npmjs.org/es-shim-unscopables/-/es-shim-unscopables-1.1.0.tgz 0ms (cache hit)
2689 http cache call-bind-apply-helpers@https://registry.npmjs.org/call-bind-apply-helpers/-/call-bind-apply-helpers-1.0.2.tgz 0ms (cache hit)
2690 http cache math-intrinsics@https://registry.npmjs.org/math-intrinsics/-/math-intrinsics-1.1.0.tgz 0ms (cache hit)
2691 http cache is-string@https://registry.npmjs.org/is-string/-/is-string-1.1.1.tgz 0ms (cache hit)
2692 http cache es-define-property@https://registry.npmjs.org/es-define-property/-/es-define-property-1.0.1.tgz 0ms (cache hit)
2693 http cache get-intrinsic@https://registry.npmjs.org/get-intrinsic/-/get-intrinsic-1.3.0.tgz 0ms (cache hit)
2694 http cache es-abstract@https://registry.npmjs.org/es-abstract/-/es-abstract-1.24.2.tgz 0ms (cache hit)
2695 http cache define-properties@https://registry.npmjs.org/define-properties/-/define-properties-1.2.1.tgz 0ms (cache hit)
2696 http cache call-bound@https://registry.npmjs.org/call-bound/-/call-bound-1.0.4.tgz 0ms (cache hit)
2697 http cache call-bind@https://registry.npmjs.org/call-bind/-/call-bind-1.0.9.tgz 0ms (cache hit)
2698 http cache tsconfig-paths@https://registry.npmjs.org/tsconfig-paths/-/tsconfig-paths-3.15.0.tgz 0ms (cache hit)
2699 http cache string.prototype.trimend@https://registry.npmjs.org/string.prototype.trimend/-/string.prototype.trimend-1.0.10.tgz 0ms (cache hit)
2700 http cache semver@https://registry.npmjs.org/semver/-/semver-6.3.1.tgz 0ms (cache hit)
2701 http cache object.groupby@https://registry.npmjs.org/object.groupby/-/object.groupby-1.0.3.tgz 0ms (cache hit)
2702 http cache object.fromentries@https://registry.npmjs.org/object.fromentries/-/object.fromentries-2.0.8.tgz 0ms (cache hit)
2703 http cache hasown@https://registry.npmjs.org/hasown/-/hasown-2.0.4.tgz 0ms (cache hit)
2704 http cache es-object-atoms@https://registry.npmjs.org/es-object-atoms/-/es-object-atoms-1.1.2.tgz 0ms (cache hit)
2705 http cache eslint-module-utils@https://registry.npmjs.org/eslint-module-utils/-/eslint-module-utils-2.14.0.tgz 0ms (cache hit)
2706 http cache doctrine@https://registry.npmjs.org/doctrine/-/doctrine-2.1.0.tgz 0ms (cache hit)
2707 http cache array.prototype.flatmap@https://registry.npmjs.org/array.prototype.flatmap/-/array.prototype.flatmap-1.3.3.tgz 0ms (cache hit)
2708 http cache array.prototype.flat@https://registry.npmjs.org/array.prototype.flat/-/array.prototype.flat-1.3.3.tgz 0ms (cache hit)
2709 http cache array.prototype.findlastindex@https://registry.npmjs.org/array.prototype.findlastindex/-/array.prototype.findlastindex-1.2.6.tgz 0ms (cache hit)
2710 http cache array-includes@https://registry.npmjs.org/array-includes/-/array-includes-3.1.9.tgz 0ms (cache hit)
2711 http cache es-errors@https://registry.npmjs.org/es-errors/-/es-errors-1.3.0.tgz 0ms (cache hit)
2712 http cache unrs-resolver@https://registry.npmjs.org/unrs-resolver/-/unrs-resolver-1.12.2.tgz 0ms (cache hit)
2713 http cache @rtsao/scc@https://registry.npmjs.org/@rtsao/scc/-/scc-1.1.0.tgz 0ms (cache hit)
2714 http cache tinyglobby@https://registry.npmjs.org/tinyglobby/-/tinyglobby-0.2.17.tgz 0ms (cache hit)
2715 http cache is-bun-module@https://registry.npmjs.org/is-bun-module/-/is-bun-module-2.0.0.tgz 0ms (cache hit)
2716 http cache stable-hash@https://registry.npmjs.org/stable-hash/-/stable-hash-0.0.5.tgz 0ms (cache hit)
2717 http cache get-tsconfig@https://registry.npmjs.org/get-tsconfig/-/get-tsconfig-4.14.0.tgz 0ms (cache hit)
2718 http cache fast-glob@https://registry.npmjs.org/fast-glob/-/fast-glob-3.3.1.tgz 0ms (cache hit)
2719 http cache @nolyfill/is-core-module@https://registry.npmjs.org/@nolyfill/is-core-module/-/is-core-module-1.0.39.tgz 0ms (cache hit)
2720 http cache object.values@https://registry.npmjs.org/object.values/-/object.values-1.2.1.tgz 0ms (cache hit)
2721 http cache is-core-module@https://registry.npmjs.org/is-core-module/-/is-core-module-2.16.2.tgz 0ms (cache hit)
2722 http cache typescript-eslint@https://registry.npmjs.org/typescript-eslint/-/typescript-eslint-8.65.0.tgz 0ms (cache hit)
2723 http cache eslint-plugin-react-hooks@https://registry.npmjs.org/eslint-plugin-react-hooks/-/eslint-plugin-react-hooks-7.1.1.tgz 0ms (cache hit)
2724 http cache resolve@https://registry.npmjs.org/resolve/-/resolve-2.0.0-next.7.tgz 0ms (cache hit)
2725 http cache eslint-plugin-jsx-a11y@https://registry.npmjs.org/eslint-plugin-jsx-a11y/-/eslint-plugin-jsx-a11y-6.10.2.tgz 0ms (cache hit)
2726 http cache eslint-plugin-import@https://registry.npmjs.org/eslint-plugin-import/-/eslint-plugin-import-2.32.0.tgz 0ms (cache hit)
2727 http cache eslint-import-resolver-typescript@https://registry.npmjs.org/eslint-import-resolver-typescript/-/eslint-import-resolver-typescript-3.10.1.tgz 0ms (cache hit)
2728 http cache eslint-import-resolver-node@https://registry.npmjs.org/eslint-import-resolver-node/-/eslint-import-resolver-node-0.3.10.tgz 0ms (cache hit)
2729 http cache ms@https://registry.npmjs.org/ms/-/ms-2.1.3.tgz 0ms (cache hit)
2730 http cache eslint-plugin-react@https://registry.npmjs.org/eslint-plugin-react/-/eslint-plugin-react-7.37.5.tgz 0ms (cache hit)
2731 http cache which@https://registry.npmjs.org/which/-/which-2.0.2.tgz 0ms (cache hit)
2732 http cache shebang-command@https://registry.npmjs.org/shebang-command/-/shebang-command-2.0.0.tgz 0ms (cache hit)
2733 http cache path-key@https://registry.npmjs.org/path-key/-/path-key-3.1.1.tgz 0ms (cache hit)
2734 http cache color-name@https://registry.npmjs.org/color-name/-/color-name-1.1.4.tgz 0ms (cache hit)
2735 http cache supports-color@https://registry.npmjs.org/supports-color/-/supports-color-7.2.0.tgz 0ms (cache hit)
2736 http cache color-convert@https://registry.npmjs.org/color-convert/-/color-convert-2.0.1.tgz 0ms (cache hit)
2737 http cache ansi-styles@https://registry.npmjs.org/ansi-styles/-/ansi-styles-4.3.0.tgz 0ms (cache hit)
2738 http cache json-schema-traverse@https://registry.npmjs.org/json-schema-traverse/-/json-schema-traverse-0.4.1.tgz 0ms (cache hit)
2739 http cache uri-js@https://registry.npmjs.org/uri-js/-/uri-js-4.4.1.tgz 0ms (cache hit)
2740 http cache fast-json-stable-stringify@https://registry.npmjs.org/fast-json-stable-stringify/-/fast-json-stable-stringify-2.1.0.tgz 0ms (cache hit)
2741 http cache @next/eslint-plugin-next@https://registry.npmjs.org/@next/eslint-plugin-next/-/eslint-plugin-next-16.2.12.tgz 0ms (cache hit)
2742 http cache @humanfs/types@https://registry.npmjs.org/@humanfs/types/-/types-0.15.0.tgz 0ms (cache hit)
2743 http cache levn@https://registry.npmjs.org/levn/-/levn-0.4.1.tgz 0ms (cache hit)
2744 http cache import-fresh@https://registry.npmjs.org/import-fresh/-/import-fresh-3.3.1.tgz 0ms (cache hit)
2745 http cache globals@https://registry.npmjs.org/globals/-/globals-14.0.0.tgz 0ms (cache hit)
2746 http cache js-yaml@https://registry.npmjs.org/js-yaml/-/js-yaml-4.3.1.tgz 0ms (cache hit)
2747 http cache @eslint/object-schema@https://registry.npmjs.org/@eslint/object-schema/-/object-schema-2.1.7.tgz 0ms (cache hit)
2748 http cache @types/json-schema@https://registry.npmjs.org/@types/json-schema/-/json-schema-7.0.15.tgz 0ms (cache hit)
2749 http cache optionator@https://registry.npmjs.org/optionator/-/optionator-0.9.4.tgz 0ms (cache hit)
2750 http cache natural-compare@https://registry.npmjs.org/natural-compare/-/natural-compare-1.4.0.tgz 0ms (cache hit)
2751 http cache lodash.merge@https://registry.npmjs.org/lodash.merge/-/lodash.merge-4.6.2.tgz 0ms (cache hit)
2752 http cache json-stable-stringify-without-jsonify@https://registry.npmjs.org/json-stable-stringify-without-jsonify/-/json-stable-stringify-without-jsonify-1.0.1.tgz 0ms (cache hit)
2753 http cache is-glob@https://registry.npmjs.org/is-glob/-/is-glob-4.0.3.tgz 0ms (cache hit)
2754 http cache ignore@https://registry.npmjs.org/ignore/-/ignore-5.3.2.tgz 0ms (cache hit)
2755 http cache imurmurhash@https://registry.npmjs.org/imurmurhash/-/imurmurhash-0.1.4.tgz 0ms (cache hit)
2756 http cache minimatch@https://registry.npmjs.org/minimatch/-/minimatch-3.1.5.tgz 0ms (cache hit)
2757 http cache glob-parent@https://registry.npmjs.org/glob-parent/-/glob-parent-6.0.2.tgz 0ms (cache hit)
2758 http cache @humanfs/core@https://registry.npmjs.org/@humanfs/core/-/core-0.19.2.tgz 0ms (cache hit)
2759 http cache file-entry-cache@https://registry.npmjs.org/file-entry-cache/-/file-entry-cache-8.0.0.tgz 0ms (cache hit)
2760 http cache find-up@https://registry.npmjs.org/find-up/-/find-up-5.0.0.tgz 0ms (cache hit)
2761 http cache esutils@https://registry.npmjs.org/esutils/-/esutils-2.0.3.tgz 0ms (cache hit)
2762 http cache eslint-visitor-keys@https://registry.npmjs.org/eslint-visitor-keys/-/eslint-visitor-keys-4.2.1.tgz 0ms (cache hit)
2763 http cache fast-deep-equal@https://registry.npmjs.org/fast-deep-equal/-/fast-deep-equal-3.1.3.tgz 0ms (cache hit)
2764 http cache espree@https://registry.npmjs.org/espree/-/espree-10.4.0.tgz 0ms (cache hit)
2765 http cache eslint-scope@https://registry.npmjs.org/eslint-scope/-/eslint-scope-8.4.0.tgz 0ms (cache hit)
2766 http cache escape-string-regexp@https://registry.npmjs.org/escape-string-regexp/-/escape-string-regexp-4.0.0.tgz 0ms (cache hit)
2767 http cache esquery@https://registry.npmjs.org/esquery/-/esquery-1.7.0.tgz 0ms (cache hit)
2768 http cache debug@https://registry.npmjs.org/debug/-/debug-4.4.3.tgz 0ms (cache hit)
2769 http cache cross-spawn@https://registry.npmjs.org/cross-spawn/-/cross-spawn-7.0.6.tgz 0ms (cache hit)
2770 http cache strip-json-comments@https://registry.npmjs.org/strip-json-comments/-/strip-json-comments-3.1.1.tgz 0ms (cache hit)
2771 http cache chalk@https://registry.npmjs.org/chalk/-/chalk-4.1.2.tgz 0ms (cache hit)
2772 http cache @types/estree@https://registry.npmjs.org/@types/estree/-/estree-1.0.9.tgz 0ms (cache hit)
2773 http cache ajv@https://registry.npmjs.org/ajv/-/ajv-6.15.0.tgz 0ms (cache hit)
2774 http cache @humanwhocodes/module-importer@https://registry.npmjs.org/@humanwhocodes/module-importer/-/module-importer-1.0.1.tgz 0ms (cache hit)
2775 http cache @eslint/js@https://registry.npmjs.org/@eslint/js/-/js-9.39.5.tgz 0ms (cache hit)
2776 http cache @eslint/core@https://registry.npmjs.org/@eslint/core/-/core-0.17.0.tgz 0ms (cache hit)
2777 http cache @eslint/eslintrc@https://registry.npmjs.org/@eslint/eslintrc/-/eslintrc-3.3.6.tgz 0ms (cache hit)
2778 http cache @humanwhocodes/retry@https://registry.npmjs.org/@humanwhocodes/retry/-/retry-0.4.3.tgz 0ms (cache hit)
2779 http cache @eslint/config-helpers@https://registry.npmjs.org/@eslint/config-helpers/-/config-helpers-0.4.2.tgz 0ms (cache hit)
2780 http cache @eslint/plugin-kit@https://registry.npmjs.org/@eslint/plugin-kit/-/plugin-kit-0.4.1.tgz 0ms (cache hit)
2781 http cache @eslint-community/regexpp@https://registry.npmjs.org/@eslint-community/regexpp/-/regexpp-4.12.2.tgz 0ms (cache hit)
2782 http cache tapable@https://registry.npmjs.org/tapable/-/tapable-2.3.3.tgz 0ms (cache hit)
2783 http cache graceful-fs@https://registry.npmjs.org/graceful-fs/-/graceful-fs-4.2.11.tgz 0ms (cache hit)
2784 http cache @eslint-community/eslint-utils@https://registry.npmjs.org/@eslint-community/eslint-utils/-/eslint-utils-4.10.1.tgz 0ms (cache hit)
2785 http cache @eslint/config-array@https://registry.npmjs.org/@eslint/config-array/-/config-array-0.21.2.tgz 0ms (cache hit)
2786 http cache csstype@https://registry.npmjs.org/csstype/-/csstype-3.2.3.tgz 0ms (cache hit)
2787 http cache undici-types@https://registry.npmjs.org/undici-types/-/undici-types-6.21.0.tgz 0ms (cache hit)
2788 http cache @humanfs/node@https://registry.npmjs.org/@humanfs/node/-/node-0.16.8.tgz 0ms (cache hit)
2789 http cache @jridgewell/sourcemap-codec@https://registry.npmjs.org/@jridgewell/sourcemap-codec/-/sourcemap-codec-1.5.5.tgz 0ms (cache hit)
2790 http cache @jridgewell/trace-mapping@https://registry.npmjs.org/@jridgewell/trace-mapping/-/trace-mapping-0.3.31.tgz 0ms (cache hit)
2791 http cache @tailwindcss/oxide-darwin-arm64@https://registry.npmjs.org/@tailwindcss/oxide-darwin-arm64/-/oxide-darwin-arm64-4.3.3.tgz 0ms (cache hit)
2792 http cache @jridgewell/gen-mapping@https://registry.npmjs.org/@jridgewell/gen-mapping/-/gen-mapping-0.3.13.tgz 0ms (cache hit)
2793 http cache source-map-js@https://registry.npmjs.org/source-map-js/-/source-map-js-1.2.1.tgz 0ms (cache hit)
2794 http cache @jridgewell/resolve-uri@https://registry.npmjs.org/@jridgewell/resolve-uri/-/resolve-uri-3.1.2.tgz 0ms (cache hit)
2795 http cache magic-string@https://registry.npmjs.org/magic-string/-/magic-string-0.30.21.tgz 0ms (cache hit)
2796 http cache jiti@https://registry.npmjs.org/jiti/-/jiti-2.7.0.tgz 0ms (cache hit)
2797 http cache postcss@https://registry.npmjs.org/postcss/-/postcss-8.5.25.tgz 0ms (cache hit)
2798 http cache @jridgewell/remapping@https://registry.npmjs.org/@jridgewell/remapping/-/remapping-2.3.5.tgz 0ms (cache hit)
2799 http cache enhanced-resolve@https://registry.npmjs.org/enhanced-resolve/-/enhanced-resolve-5.24.5.tgz 0ms (cache hit)
2800 http cache lightningcss@https://registry.npmjs.org/lightningcss/-/lightningcss-1.32.0.tgz 0ms (cache hit)
2801 http cache @tailwindcss/node@https://registry.npmjs.org/@tailwindcss/node/-/node-4.3.3.tgz 0ms (cache hit)
2802 http cache @alloc/quick-lru@https://registry.npmjs.org/@alloc/quick-lru/-/quick-lru-5.2.0.tgz 0ms (cache hit)
2803 http cache tailwindcss@https://registry.npmjs.org/tailwindcss/-/tailwindcss-4.3.3.tgz 0ms (cache hit)
2804 http cache react-dom@https://registry.npmjs.org/react-dom/-/react-dom-19.2.4.tgz 0ms (cache hit)
2805 http cache react@https://registry.npmjs.org/react/-/react-19.2.4.tgz 0ms (cache hit)
2806 http cache @tailwindcss/oxide@https://registry.npmjs.org/@tailwindcss/oxide/-/oxide-4.3.3.tgz 0ms (cache hit)
2807 http cache typescript@https://registry.npmjs.org/typescript/-/typescript-5.9.3.tgz 0ms (cache hit)
2808 http cache eslint-config-next@https://registry.npmjs.org/eslint-config-next/-/eslint-config-next-16.2.12.tgz 0ms (cache hit)
2809 http cache eslint@https://registry.npmjs.org/eslint/-/eslint-9.39.5.tgz 0ms (cache hit)
2810 http cache @types/react-dom@https://registry.npmjs.org/@types/react-dom/-/react-dom-19.2.4.tgz 0ms (cache hit)
2811 http cache @types/node@https://registry.npmjs.org/@types/node/-/node-20.19.43.tgz 0ms (cache hit)
2812 http cache next@https://registry.npmjs.org/next/-/next-16.2.12.tgz 0ms (cache hit)
2813 http cache semver@https://registry.npmjs.org/semver/-/semver-7.8.5.tgz 0ms (cache hit)
2814 http cache @types/react@https://registry.npmjs.org/@types/react/-/react-19.2.18.tgz 0ms (cache hit)
2815 http cache @tailwindcss/postcss@https://registry.npmjs.org/@tailwindcss/postcss/-/postcss-4.3.3.tgz 0ms (cache hit)
2816 http cache brace-expansion@https://registry.npmjs.org/brace-expansion/-/brace-expansion-5.0.9.tgz 0ms (cache hit)
2817 http cache minimatch@https://registry.npmjs.org/minimatch/-/minimatch-10.2.6.tgz 0ms (cache hit)
2818 http cache semver@https://registry.npmjs.org/semver/-/semver-7.8.5.tgz 0ms (cache hit)
2819 http cache balanced-match@https://registry.npmjs.org/balanced-match/-/balanced-match-4.0.4.tgz 0ms (cache hit)
2820 http cache fdir@https://registry.npmjs.org/fdir/-/fdir-6.5.0.tgz 0ms (cache hit)
2821 http cache json5@https://registry.npmjs.org/json5/-/json5-1.0.2.tgz 0ms (cache hit)
2822 http cache eslint-visitor-keys@https://registry.npmjs.org/eslint-visitor-keys/-/eslint-visitor-keys-5.0.1.tgz 0ms (cache hit)
2823 http cache picomatch@https://registry.npmjs.org/picomatch/-/picomatch-4.0.5.tgz 0ms (cache hit)
2824 http cache debug@https://registry.npmjs.org/debug/-/debug-3.2.7.tgz 0ms (cache hit)
2825 http cache ignore@https://registry.npmjs.org/ignore/-/ignore-7.0.6.tgz 0ms (cache hit)
2826 http cache debug@https://registry.npmjs.org/debug/-/debug-3.2.7.tgz 0ms (cache hit)
2827 http cache eslint-visitor-keys@https://registry.npmjs.org/eslint-visitor-keys/-/eslint-visitor-keys-3.4.3.tgz 0ms (cache hit)
2828 http cache semver@https://registry.npmjs.org/semver/-/semver-7.8.5.tgz 0ms (cache hit)
2829 http cache postcss@https://registry.npmjs.org/postcss/-/postcss-8.4.31.tgz 0ms (cache hit)
2830 http cache globals@https://registry.npmjs.org/globals/-/globals-16.4.0.tgz 0ms (cache hit)
2831 http cache debug@https://registry.npmjs.org/debug/-/debug-3.2.7.tgz 0ms (cache hit)
2832 http cache glob-parent@https://registry.npmjs.org/glob-parent/-/glob-parent-5.1.2.tgz 0ms (cache hit)
2833 silly tarball no local data for is-weakset@https://registry.npmjs.org/is-weakset/-/is-weakset-2.0.4.tgz. Extracting by manifest.
2834 silly tarball no local data for is-weakmap@https://registry.npmjs.org/is-weakmap/-/is-weakmap-2.0.2.tgz. Extracting by manifest.
2835 silly tarball no local data for generator-function@https://registry.npmjs.org/generator-function/-/generator-function-2.0.1.tgz. Extracting by manifest.
2836 silly tarball no local data for async-function@https://registry.npmjs.org/async-function/-/async-function-1.0.0.tgz. Extracting by manifest.
2837 silly tarball no local data for which-collection@https://registry.npmjs.org/which-collection/-/which-collection-1.0.2.tgz. Extracting by manifest.
2838 silly tarball no local data for is-generator-function@https://registry.npmjs.org/is-generator-function/-/is-generator-function-1.1.2.tgz. Extracting by manifest.
2839 silly tarball no local data for is-finalizationregistry@https://registry.npmjs.org/is-finalizationregistry/-/is-finalizationregistry-1.1.1.tgz. Extracting by manifest.
2840 silly tarball no local data for is-async-function@https://registry.npmjs.org/is-async-function/-/is-async-function-2.1.1.tgz. Extracting by manifest.
2841 silly tarball no local data for is-number-object@https://registry.npmjs.org/is-number-object/-/is-number-object-1.1.1.tgz. Extracting by manifest.
2842 silly tarball no local data for is-boolean-object@https://registry.npmjs.org/is-boolean-object/-/is-boolean-object-1.2.2.tgz. Extracting by manifest.
2843 silly tarball no local data for is-map@https://registry.npmjs.org/is-map/-/is-map-2.0.3.tgz. Extracting by manifest.
2844 silly tarball no local data for is-bigint@https://registry.npmjs.org/is-bigint/-/is-bigint-1.1.0.tgz. Extracting by manifest.
2845 silly tarball no local data for napi-postinstall@https://registry.npmjs.org/napi-postinstall/-/napi-postinstall-0.3.4.tgz. Extracting by manifest.
2846 silly tarball no local data for punycode@https://registry.npmjs.org/punycode/-/punycode-2.3.1.tgz. Extracting by manifest.
2847 silly tarball no local data for escalade@https://registry.npmjs.org/escalade/-/escalade-3.2.0.tgz. Extracting by manifest.
2848 silly tarball no local data for @unrs/resolver-binding-darwin-arm64@https://registry.npmjs.org/@unrs/resolver-binding-darwin-arm64/-/resolver-binding-darwin-arm64-1.12.2.tgz. Extracting by manifest.
2849 silly tarball no local data for which-boxed-primitive@https://registry.npmjs.org/which-boxed-primitive/-/which-boxed-primitive-1.1.1.tgz. Extracting by manifest.
2850 silly tarball no local data for has-bigints@https://registry.npmjs.org/has-bigints/-/has-bigints-1.1.0.tgz. Extracting by manifest.
2851 silly tarball no local data for @typescript-eslint/project-service@https://registry.npmjs.org/@typescript-eslint/project-service/-/project-service-8.65.0.tgz. Extracting by manifest.
2852 silly tarball no local data for @typescript-eslint/types@https://registry.npmjs.org/@typescript-eslint/types/-/types-8.65.0.tgz. Extracting by manifest.
2853 silly tarball no local data for isexe@https://registry.npmjs.org/isexe/-/isexe-2.0.0.tgz. Extracting by manifest.
2854 silly tarball no local data for ts-api-utils@https://registry.npmjs.org/ts-api-utils/-/ts-api-utils-2.5.0.tgz. Extracting by manifest.
2855 silly tarball no local data for @typescript-eslint/visitor-keys@https://registry.npmjs.org/@typescript-eslint/visitor-keys/-/visitor-keys-8.65.0.tgz. Extracting by manifest.
2856 silly tarball no local data for @typescript-eslint/type-utils@https://registry.npmjs.org/@typescript-eslint/type-utils/-/type-utils-8.65.0.tgz. Extracting by manifest.
2857 silly tarball no local data for @typescript-eslint/utils@https://registry.npmjs.org/@typescript-eslint/utils/-/utils-8.65.0.tgz. Extracting by manifest.
2858 silly tarball no local data for @typescript-eslint/scope-manager@https://registry.npmjs.org/@typescript-eslint/scope-manager/-/scope-manager-8.65.0.tgz. Extracting by manifest.
2859 silly tarball no local data for @typescript-eslint/parser@https://registry.npmjs.org/@typescript-eslint/parser/-/parser-8.65.0.tgz. Extracting by manifest.
2860 silly tarball no local data for @typescript-eslint/typescript-estree@https://registry.npmjs.org/@typescript-eslint/typescript-estree/-/typescript-estree-8.65.0.tgz. Extracting by manifest.
2861 silly tarball no local data for @typescript-eslint/tsconfig-utils@https://registry.npmjs.org/@typescript-eslint/tsconfig-utils/-/tsconfig-utils-8.65.0.tgz. Extracting by manifest.
2862 silly tarball no local data for which-builtin-type@https://registry.npmjs.org/which-builtin-type/-/which-builtin-type-1.2.1.tgz. Extracting by manifest.
2863 silly tarball no local data for for-each@https://registry.npmjs.org/for-each/-/for-each-0.3.5.tgz. Extracting by manifest.
2864 silly tarball no local data for @typescript-eslint/eslint-plugin@https://registry.npmjs.org/@typescript-eslint/eslint-plugin/-/eslint-plugin-8.65.0.tgz. Extracting by manifest.
2865 silly tarball no local data for minimist@https://registry.npmjs.org/minimist/-/minimist-1.2.8.tgz. Extracting by manifest.
2866 silly tarball no local data for @types/json5@https://registry.npmjs.org/@types/json5/-/json5-0.0.29.tgz. Extracting by manifest.
2867 silly tarball no local data for reflect.getprototypeof@https://registry.npmjs.org/reflect.getprototypeof/-/reflect.getprototypeof-1.0.10.tgz. Extracting by manifest.
2868 silly tarball no local data for is-number@https://registry.npmjs.org/is-number/-/is-number-7.0.0.tgz. Extracting by manifest.
2869 silly tarball no local data for has-flag@https://registry.npmjs.org/has-flag/-/has-flag-4.0.0.tgz. Extracting by manifest.
2870 silly tarball no local data for strip-bom@https://registry.npmjs.org/strip-bom/-/strip-bom-3.0.0.tgz. Extracting by manifest.
2871 silly tarball no local data for client-only@https://registry.npmjs.org/client-only/-/client-only-0.0.1.tgz. Extracting by manifest.
2872 silly tarball no local data for side-channel-map@https://registry.npmjs.org/side-channel-map/-/side-channel-map-1.0.1.tgz. Extracting by manifest.
2873 silly tarball no local data for side-channel-weakmap@https://registry.npmjs.org/side-channel-weakmap/-/side-channel-weakmap-1.0.2.tgz. Extracting by manifest.
2874 silly tarball no local data for @img/sharp-libvips-darwin-arm64@https://registry.npmjs.org/@img/sharp-libvips-darwin-arm64/-/sharp-libvips-darwin-arm64-1.2.4.tgz. Extracting by manifest.
2875 silly tarball no local data for side-channel-list@https://registry.npmjs.org/side-channel-list/-/side-channel-list-1.0.1.tgz. Extracting by manifest.
2876 silly tarball no local data for @img/sharp-darwin-arm64@https://registry.npmjs.org/@img/sharp-darwin-arm64/-/sharp-darwin-arm64-0.34.5.tgz. Extracting by manifest.
2877 silly tarball no local data for shebang-regex@https://registry.npmjs.org/shebang-regex/-/shebang-regex-3.0.0.tgz. Extracting by manifest.
2878 silly tarball no local data for @img/colour@https://registry.npmjs.org/@img/colour/-/colour-1.1.0.tgz. Extracting by manifest.
2879 silly tarball no local data for isarray@https://registry.npmjs.org/isarray/-/isarray-2.0.5.tgz. Extracting by manifest.
2880 silly tarball no local data for queue-microtask@https://registry.npmjs.org/queue-microtask/-/queue-microtask-1.2.3.tgz. Extracting by manifest.
2881 silly tarball no local data for path-parse@https://registry.npmjs.org/path-parse/-/path-parse-1.0.7.tgz. Extracting by manifest.
2882 silly tarball no local data for supports-preserve-symlinks-flag@https://registry.npmjs.org/supports-preserve-symlinks-flag/-/supports-preserve-symlinks-flag-1.0.0.tgz. Extracting by manifest.
2883 silly tarball no local data for node-exports-info@https://registry.npmjs.org/node-exports-info/-/node-exports-info-1.6.2.tgz. Extracting by manifest.
2884 silly tarball no local data for scheduler@https://registry.npmjs.org/scheduler/-/scheduler-0.27.0.tgz. Extracting by manifest.
2885 silly tarball no local data for react-is@https://registry.npmjs.org/react-is/-/react-is-16.13.1.tgz. Extracting by manifest.
2886 silly tarball no local data for object-assign@https://registry.npmjs.org/object-assign/-/object-assign-4.1.1.tgz. Extracting by manifest.
2887 silly tarball no local data for nanoid@https://registry.npmjs.org/nanoid/-/nanoid-3.3.16.tgz. Extracting by manifest.
2888 silly tarball no local data for loose-envify@https://registry.npmjs.org/loose-envify/-/loose-envify-1.4.0.tgz. Extracting by manifest.
2889 silly tarball no local data for yocto-queue@https://registry.npmjs.org/yocto-queue/-/yocto-queue-0.1.0.tgz. Extracting by manifest.
2890 silly tarball no local data for p-limit@https://registry.npmjs.org/p-limit/-/p-limit-3.1.0.tgz. Extracting by manifest.
2891 silly tarball no local data for word-wrap@https://registry.npmjs.org/word-wrap/-/word-wrap-1.2.5.tgz. Extracting by manifest.
2892 silly tarball no local data for callsites@https://registry.npmjs.org/callsites/-/callsites-3.1.0.tgz. Extracting by manifest.
2893 silly tarball no local data for fast-levenshtein@https://registry.npmjs.org/fast-levenshtein/-/fast-levenshtein-2.0.6.tgz. Extracting by manifest.
2894 silly tarball no local data for deep-is@https://registry.npmjs.org/deep-is/-/deep-is-0.1.4.tgz. Extracting by manifest.
2895 silly tarball no local data for tslib@https://registry.npmjs.org/tslib/-/tslib-2.8.1.tgz. Extracting by manifest.
2896 silly tarball no local data for styled-jsx@https://registry.npmjs.org/styled-jsx/-/styled-jsx-5.1.6.tgz. Extracting by manifest.
2897 silly tarball no local data for sharp@https://registry.npmjs.org/sharp/-/sharp-0.34.5.tgz. Extracting by manifest.
2898 silly tarball no local data for @swc/helpers@https://registry.npmjs.org/@swc/helpers/-/helpers-0.5.15.tgz. Extracting by manifest.
2899 silly tarball no local data for @next/swc-darwin-arm64@https://registry.npmjs.org/@next/swc-darwin-arm64/-/swc-darwin-arm64-16.2.12.tgz. Extracting by manifest.
2900 silly tarball no local data for brace-expansion@https://registry.npmjs.org/brace-expansion/-/brace-expansion-1.1.18.tgz. Extracting by manifest.
2901 silly tarball no local data for balanced-match@https://registry.npmjs.org/balanced-match/-/balanced-match-1.0.2.tgz. Extracting by manifest.
2902 silly tarball no local data for to-regex-range@https://registry.npmjs.org/to-regex-range/-/to-regex-range-5.0.1.tgz. Extracting by manifest.
2903 silly tarball no local data for concat-map@https://registry.npmjs.org/concat-map/-/concat-map-0.0.1.tgz. Extracting by manifest.
2904 silly tarball no local data for fill-range@https://registry.npmjs.org/fill-range/-/fill-range-7.1.1.tgz. Extracting by manifest.
2905 silly tarball no local data for picomatch@https://registry.npmjs.org/picomatch/-/picomatch-2.3.2.tgz. Extracting by manifest.
2906 silly tarball no local data for braces@https://registry.npmjs.org/braces/-/braces-3.0.3.tgz. Extracting by manifest.
2907 silly tarball no local data for @next/env@https://registry.npmjs.org/@next/env/-/env-16.2.12.tgz. Extracting by manifest.
2908 silly tarball no local data for yallist@https://registry.npmjs.org/yallist/-/yallist-3.1.1.tgz. Extracting by manifest.
2909 silly tarball no local data for type-check@https://registry.npmjs.org/type-check/-/type-check-0.4.0.tgz. Extracting by manifest.
2910 silly tarball no local data for detect-libc@https://registry.npmjs.org/detect-libc/-/detect-libc-2.1.2.tgz. Extracting by manifest.
2911 silly tarball no local data for p-locate@https://registry.npmjs.org/p-locate/-/p-locate-5.0.0.tgz. Extracting by manifest.
2912 silly tarball no local data for prelude-ls@https://registry.npmjs.org/prelude-ls/-/prelude-ls-1.2.1.tgz. Extracting by manifest.
2913 silly tarball no local data for argparse@https://registry.npmjs.org/argparse/-/argparse-2.0.1.tgz. Extracting by manifest.
2914 silly tarball no local data for language-subtag-registry@https://registry.npmjs.org/language-subtag-registry/-/language-subtag-registry-0.3.23.tgz. Extracting by manifest.
2915 silly tarball no local data for set-function-name@https://registry.npmjs.org/set-function-name/-/set-function-name-2.0.2.tgz. Extracting by manifest.
2916 silly tarball no local data for json-buffer@https://registry.npmjs.org/json-buffer/-/json-buffer-3.0.1.tgz. Extracting by manifest.
2917 silly tarball no local data for lightningcss-darwin-arm64@https://registry.npmjs.org/lightningcss-darwin-arm64/-/lightningcss-darwin-arm64-1.32.0.tgz. Extracting by manifest.
2918 silly tarball no local data for is-extglob@https://registry.npmjs.org/is-extglob/-/is-extglob-2.1.1.tgz. Extracting by manifest.
2919 silly tarball no local data for parent-module@https://registry.npmjs.org/parent-module/-/parent-module-1.0.1.tgz. Extracting by manifest.
2920 silly tarball no local data for resolve-from@https://registry.npmjs.org/resolve-from/-/resolve-from-4.0.0.tgz. Extracting by manifest.
2921 silly tarball no local data for resolve-pkg-maps@https://registry.npmjs.org/resolve-pkg-maps/-/resolve-pkg-maps-1.0.0.tgz. Extracting by manifest.
2922 silly tarball no local data for hermes-estree@https://registry.npmjs.org/hermes-estree/-/hermes-estree-0.25.1.tgz. Extracting by manifest.
2923 silly tarball no local data for functions-have-names@https://registry.npmjs.org/functions-have-names/-/functions-have-names-1.2.3.tgz. Extracting by manifest.
2924 silly tarball no local data for is-document.all@https://registry.npmjs.org/is-document.all/-/is-document.all-1.0.0.tgz. Extracting by manifest.
2925 silly tarball no local data for dunder-proto@https://registry.npmjs.org/dunder-proto/-/dunder-proto-1.0.1.tgz. Extracting by manifest.
2926 silly tarball no local data for keyv@https://registry.npmjs.org/keyv/-/keyv-4.5.4.tgz. Extracting by manifest.
2927 silly tarball no local data for flatted@https://registry.npmjs.org/flatted/-/flatted-3.4.4.tgz. Extracting by manifest.
2928 silly tarball no local data for flat-cache@https://registry.npmjs.org/flat-cache/-/flat-cache-4.0.1.tgz. Extracting by manifest.
2929 silly tarball no local data for path-exists@https://registry.npmjs.org/path-exists/-/path-exists-4.0.0.tgz. Extracting by manifest.
2930 silly tarball no local data for reusify@https://registry.npmjs.org/reusify/-/reusify-1.1.0.tgz. Extracting by manifest.
2931 silly tarball no local data for locate-path@https://registry.npmjs.org/locate-path/-/locate-path-6.0.0.tgz. Extracting by manifest.
2932 silly tarball no local data for run-parallel@https://registry.npmjs.org/run-parallel/-/run-parallel-1.2.0.tgz. Extracting by manifest.
2933 silly tarball no local data for fastq@https://registry.npmjs.org/fastq/-/fastq-1.20.1.tgz. Extracting by manifest.
2934 silly tarball no local data for micromatch@https://registry.npmjs.org/micromatch/-/micromatch-4.0.8.tgz. Extracting by manifest.
2935 silly tarball no local data for @nodelib/fs.scandir@https://registry.npmjs.org/@nodelib/fs.scandir/-/fs.scandir-2.1.5.tgz. Extracting by manifest.
2936 silly tarball no local data for merge2@https://registry.npmjs.org/merge2/-/merge2-1.4.1.tgz. Extracting by manifest.
2937 silly tarball no local data for @nodelib/fs.stat@https://registry.npmjs.org/@nodelib/fs.stat/-/fs.stat-2.0.5.tgz. Extracting by manifest.
2938 silly tarball no local data for @nodelib/fs.walk@https://registry.npmjs.org/@nodelib/fs.walk/-/fs.walk-1.2.8.tgz. Extracting by manifest.
2939 silly tarball no local data for acorn-jsx@https://registry.npmjs.org/acorn-jsx/-/acorn-jsx-5.3.2.tgz. Extracting by manifest.
2940 silly tarball no local data for acorn@https://registry.npmjs.org/acorn/-/acorn-8.18.0.tgz. Extracting by manifest.
2941 silly tarball no local data for esrecurse@https://registry.npmjs.org/esrecurse/-/esrecurse-4.3.0.tgz. Extracting by manifest.
2942 silly tarball no local data for update-browserslist-db@https://registry.npmjs.org/update-browserslist-db/-/update-browserslist-db-1.2.3.tgz. Extracting by manifest.
2943 silly tarball no local data for node-releases@https://registry.npmjs.org/node-releases/-/node-releases-2.0.51.tgz. Extracting by manifest.
2944 silly tarball no local data for electron-to-chromium@https://registry.npmjs.org/electron-to-chromium/-/electron-to-chromium-1.5.399.tgz. Extracting by manifest.
2945 silly tarball no local data for caniuse-lite@https://registry.npmjs.org/caniuse-lite/-/caniuse-lite-1.0.30001806.tgz. Extracting by manifest.
2946 silly tarball no local data for baseline-browser-mapping@https://registry.npmjs.org/baseline-browser-mapping/-/baseline-browser-mapping-2.11.9.tgz. Extracting by manifest.
2947 silly tarball no local data for @babel/helper-string-parser@https://registry.npmjs.org/@babel/helper-string-parser/-/helper-string-parser-7.29.7.tgz. Extracting by manifest.
2948 silly tarball no local data for side-channel@https://registry.npmjs.org/side-channel/-/side-channel-1.1.1.tgz. Extracting by manifest.
2949 silly tarball no local data for @babel/helper-globals@https://registry.npmjs.org/@babel/helper-globals/-/helper-globals-7.29.7.tgz. Extracting by manifest.
2950 silly tarball no local data for @babel/helper-module-imports@https://registry.npmjs.org/@babel/helper-module-imports/-/helper-module-imports-7.29.7.tgz. Extracting by manifest.
2951 silly tarball no local data for lru-cache@https://registry.npmjs.org/lru-cache/-/lru-cache-5.1.1.tgz. Extracting by manifest.
2952 silly tarball no local data for @babel/helper-validator-option@https://registry.npmjs.org/@babel/helper-validator-option/-/helper-validator-option-7.29.7.tgz. Extracting by manifest.
2953 silly tarball no local data for @babel/compat-data@https://registry.npmjs.org/@babel/compat-data/-/compat-data-7.29.7.tgz. Extracting by manifest.
2954 silly tarball no local data for picocolors@https://registry.npmjs.org/picocolors/-/picocolors-1.1.1.tgz. Extracting by manifest.
2955 silly tarball no local data for js-tokens@https://registry.npmjs.org/js-tokens/-/js-tokens-4.0.0.tgz. Extracting by manifest.
2956 silly tarball no local data for jsesc@https://registry.npmjs.org/jsesc/-/jsesc-3.1.0.tgz. Extracting by manifest.
2957 silly tarball no local data for @babel/helper-validator-identifier@https://registry.npmjs.org/@babel/helper-validator-identifier/-/helper-validator-identifier-7.29.7.tgz. Extracting by manifest.
2958 silly tarball no local data for gensync@https://registry.npmjs.org/gensync/-/gensync-1.0.0-beta.2.tgz. Extracting by manifest.
2959 silly tarball no local data for convert-source-map@https://registry.npmjs.org/convert-source-map/-/convert-source-map-2.0.0.tgz. Extracting by manifest.
2960 silly tarball no local data for @babel/types@https://registry.npmjs.org/@babel/types/-/types-7.29.8.tgz. Extracting by manifest.
2961 silly tarball no local data for @babel/traverse@https://registry.npmjs.org/@babel/traverse/-/traverse-7.29.8.tgz. Extracting by manifest.
2962 silly tarball no local data for @babel/template@https://registry.npmjs.org/@babel/template/-/template-7.29.7.tgz. Extracting by manifest.
2963 silly tarball no local data for json5@https://registry.npmjs.org/json5/-/json5-2.2.3.tgz. Extracting by manifest.
2964 silly tarball no local data for @babel/helpers@https://registry.npmjs.org/@babel/helpers/-/helpers-7.29.7.tgz. Extracting by manifest.
2965 silly tarball no local data for browserslist@https://registry.npmjs.org/browserslist/-/browserslist-4.28.7.tgz. Extracting by manifest.
2966 silly tarball no local data for @babel/helper-module-transforms@https://registry.npmjs.org/@babel/helper-module-transforms/-/helper-module-transforms-7.29.7.tgz. Extracting by manifest.
2967 silly tarball no local data for @babel/helper-compilation-targets@https://registry.npmjs.org/@babel/helper-compilation-targets/-/helper-compilation-targets-7.29.7.tgz. Extracting by manifest.
2968 silly tarball no local data for @babel/generator@https://registry.npmjs.org/@babel/generator/-/generator-7.29.8.tgz. Extracting by manifest.
2969 silly tarball no local data for @babel/code-frame@https://registry.npmjs.org/@babel/code-frame/-/code-frame-7.29.7.tgz. Extracting by manifest.
2970 silly tarball no local data for zod@https://registry.npmjs.org/zod/-/zod-4.4.3.tgz. Extracting by manifest.
2971 silly tarball no local data for hermes-parser@https://registry.npmjs.org/hermes-parser/-/hermes-parser-0.25.1.tgz. Extracting by manifest.
2972 silly tarball no local data for @babel/parser@https://registry.npmjs.org/@babel/parser/-/parser-7.29.8.tgz. Extracting by manifest.
2973 silly tarball no local data for zod-validation-error@https://registry.npmjs.org/zod-validation-error/-/zod-validation-error-4.0.2.tgz. Extracting by manifest.
2974 silly tarball no local data for iterator.prototype@https://registry.npmjs.org/iterator.prototype/-/iterator.prototype-1.1.5.tgz. Extracting by manifest.
2975 silly tarball no local data for string.prototype.repeat@https://registry.npmjs.org/string.prototype.repeat/-/string.prototype.repeat-1.0.0.tgz. Extracting by manifest.
2976 silly tarball no local data for string.prototype.matchall@https://registry.npmjs.org/string.prototype.matchall/-/string.prototype.matchall-4.0.12.tgz. Extracting by manifest.
2977 silly tarball no local data for object.entries@https://registry.npmjs.org/object.entries/-/object.entries-1.1.9.tgz. Extracting by manifest.
2978 silly tarball no local data for prop-types@https://registry.npmjs.org/prop-types/-/prop-types-15.8.1.tgz. Extracting by manifest.
2979 silly tarball no local data for estraverse@https://registry.npmjs.org/estraverse/-/estraverse-5.3.0.tgz. Extracting by manifest.
2980 silly tarball no local data for es-iterator-helpers@https://registry.npmjs.org/es-iterator-helpers/-/es-iterator-helpers-1.4.0.tgz. Extracting by manifest.
2981 silly tarball no local data for array.prototype.tosorted@https://registry.npmjs.org/array.prototype.tosorted/-/array.prototype.tosorted-1.1.4.tgz. Extracting by manifest.
2982 silly tarball no local data for array.prototype.findlast@https://registry.npmjs.org/array.prototype.findlast/-/array.prototype.findlast-1.2.5.tgz. Extracting by manifest.
2983 silly tarball no local data for string.prototype.includes@https://registry.npmjs.org/string.prototype.includes/-/string.prototype.includes-2.0.1.tgz. Extracting by manifest.
2984 silly tarball no local data for language-tags@https://registry.npmjs.org/language-tags/-/language-tags-1.0.9.tgz. Extracting by manifest.
2985 silly tarball no local data for jsx-ast-utils@https://registry.npmjs.org/jsx-ast-utils/-/jsx-ast-utils-3.3.5.tgz. Extracting by manifest.
2986 silly tarball no local data for axobject-query@https://registry.npmjs.org/axobject-query/-/axobject-query-4.1.0.tgz. Extracting by manifest.
2987 silly tarball no local data for damerau-levenshtein@https://registry.npmjs.org/damerau-levenshtein/-/damerau-levenshtein-1.0.8.tgz. Extracting by manifest.
2988 silly tarball no local data for emoji-regex@https://registry.npmjs.org/emoji-regex/-/emoji-regex-9.2.2.tgz. Extracting by manifest.
2989 silly tarball no local data for ast-types-flow@https://registry.npmjs.org/ast-types-flow/-/ast-types-flow-0.0.8.tgz. Extracting by manifest.
2990 silly tarball no local data for aria-query@https://registry.npmjs.org/aria-query/-/aria-query-5.3.2.tgz. Extracting by manifest.
2991 silly tarball no local data for axe-core@https://registry.npmjs.org/axe-core/-/axe-core-4.12.1.tgz. Extracting by manifest.
2992 silly tarball no local data for is-date-object@https://registry.npmjs.org/is-date-object/-/is-date-object-1.1.0.tgz. Extracting by manifest.
2993 silly tarball no local data for @babel/core@https://registry.npmjs.org/@babel/core/-/core-7.29.7.tgz. Extracting by manifest.
2994 silly tarball no local data for is-symbol@https://registry.npmjs.org/is-symbol/-/is-symbol-1.1.1.tgz. Extracting by manifest.
2995 silly tarball no local data for has-tostringtag@https://registry.npmjs.org/has-tostringtag/-/has-tostringtag-1.0.2.tgz. Extracting by manifest.
2996 silly tarball no local data for which-typed-array@https://registry.npmjs.org/which-typed-array/-/which-typed-array-1.1.22.tgz. Extracting by manifest.
2997 silly tarball no local data for es-abstract-get@https://registry.npmjs.org/es-abstract-get/-/es-abstract-get-1.0.0.tgz. Extracting by manifest.
2998 silly tarball no local data for unbox-primitive@https://registry.npmjs.org/unbox-primitive/-/unbox-primitive-1.1.0.tgz. Extracting by manifest.
2999 silly tarball no local data for possible-typed-array-names@https://registry.npmjs.org/possible-typed-array-names/-/possible-typed-array-names-1.1.0.tgz. Extracting by manifest.
3000 silly tarball no local data for typed-array-length@https://registry.npmjs.org/typed-array-length/-/typed-array-length-1.0.8.tgz. Extracting by manifest.
3001 silly tarball no local data for typed-array-byte-offset@https://registry.npmjs.org/typed-array-byte-offset/-/typed-array-byte-offset-1.0.4.tgz. Extracting by manifest.
3002 silly tarball no local data for typed-array-byte-length@https://registry.npmjs.org/typed-array-byte-length/-/typed-array-byte-length-1.0.3.tgz. Extracting by manifest.
3003 silly tarball no local data for string.prototype.trim@https://registry.npmjs.org/string.prototype.trim/-/string.prototype.trim-1.2.11.tgz. Extracting by manifest.
3004 silly tarball no local data for set-proto@https://registry.npmjs.org/set-proto/-/set-proto-1.0.0.tgz. Extracting by manifest.
3005 silly tarball no local data for string.prototype.trimstart@https://registry.npmjs.org/string.prototype.trimstart/-/string.prototype.trimstart-1.0.8.tgz. Extracting by manifest.
3006 silly tarball no local data for stop-iteration-iterator@https://registry.npmjs.org/stop-iteration-iterator/-/stop-iteration-iterator-1.1.0.tgz. Extracting by manifest.
3007 silly tarball no local data for typed-array-buffer@https://registry.npmjs.org/typed-array-buffer/-/typed-array-buffer-1.0.3.tgz. Extracting by manifest.
3008 silly tarball no local data for safe-push-apply@https://registry.npmjs.org/safe-push-apply/-/safe-push-apply-1.0.0.tgz. Extracting by manifest.
3009 silly tarball no local data for safe-regex-test@https://registry.npmjs.org/safe-regex-test/-/safe-regex-test-1.1.0.tgz. Extracting by manifest.
3010 silly tarball no local data for safe-array-concat@https://registry.npmjs.org/safe-array-concat/-/safe-array-concat-1.1.4.tgz. Extracting by manifest.
3011 silly tarball no local data for object.assign@https://registry.npmjs.org/object.assign/-/object.assign-4.1.7.tgz. Extracting by manifest.
3012 silly tarball no local data for regexp.prototype.flags@https://registry.npmjs.org/regexp.prototype.flags/-/regexp.prototype.flags-1.5.4.tgz. Extracting by manifest.
3013 silly tarball no local data for is-typed-array@https://registry.npmjs.org/is-typed-array/-/is-typed-array-1.1.15.tgz. Extracting by manifest.
3014 silly tarball no local data for is-shared-array-buffer@https://registry.npmjs.org/is-shared-array-buffer/-/is-shared-array-buffer-1.0.4.tgz. Extracting by manifest.
3015 silly tarball no local data for is-set@https://registry.npmjs.org/is-set/-/is-set-2.0.3.tgz. Extracting by manifest.
3016 silly tarball no local data for is-regex@https://registry.npmjs.org/is-regex/-/is-regex-1.2.1.tgz. Extracting by manifest.
3017 silly tarball no local data for object-inspect@https://registry.npmjs.org/object-inspect/-/object-inspect-1.13.4.tgz. Extracting by manifest.
3018 silly tarball no local data for is-negative-zero@https://registry.npmjs.org/is-negative-zero/-/is-negative-zero-2.0.3.tgz. Extracting by manifest.
3019 silly tarball no local data for is-callable@https://registry.npmjs.org/is-callable/-/is-callable-1.2.7.tgz. Extracting by manifest.
3020 silly tarball no local data for is-data-view@https://registry.npmjs.org/is-data-view/-/is-data-view-1.0.2.tgz. Extracting by manifest.
3021 silly tarball no local data for own-keys@https://registry.npmjs.org/own-keys/-/own-keys-1.0.2.tgz. Extracting by manifest.
3022 silly tarball no local data for is-array-buffer@https://registry.npmjs.org/is-array-buffer/-/is-array-buffer-3.0.5.tgz. Extracting by manifest.
3023 silly tarball no local data for has-symbols@https://registry.npmjs.org/has-symbols/-/has-symbols-1.1.0.tgz. Extracting by manifest.
3024 silly tarball no local data for has-proto@https://registry.npmjs.org/has-proto/-/has-proto-1.2.0.tgz. Extracting by manifest.
3025 silly tarball no local data for is-weakref@https://registry.npmjs.org/is-weakref/-/is-weakref-1.1.1.tgz. Extracting by manifest.
3026 silly tarball no local data for internal-slot@https://registry.npmjs.org/internal-slot/-/internal-slot-1.1.0.tgz. Extracting by manifest.
3027 silly tarball no local data for globalthis@https://registry.npmjs.org/globalthis/-/globalthis-1.0.4.tgz. Extracting by manifest.
3028 silly tarball no local data for get-symbol-description@https://registry.npmjs.org/get-symbol-description/-/get-symbol-description-1.1.0.tgz. Extracting by manifest.
3029 silly tarball no local data for function.prototype.name@https://registry.npmjs.org/function.prototype.name/-/function.prototype.name-1.2.0.tgz. Extracting by manifest.
3030 silly tarball no local data for es-to-primitive@https://registry.npmjs.org/es-to-primitive/-/es-to-primitive-1.3.4.tgz. Extracting by manifest.
3031 silly tarball no local data for es-set-tostringtag@https://registry.npmjs.org/es-set-tostringtag/-/es-set-tostringtag-2.1.0.tgz. Extracting by manifest.
3032 silly tarball no local data for data-view-byte-offset@https://registry.npmjs.org/data-view-byte-offset/-/data-view-byte-offset-1.0.1.tgz. Extracting by manifest.
3033 silly tarball no local data for data-view-byte-length@https://registry.npmjs.org/data-view-byte-length/-/data-view-byte-length-1.0.2.tgz. Extracting by manifest.
3034 silly tarball no local data for available-typed-arrays@https://registry.npmjs.org/available-typed-arrays/-/available-typed-arrays-1.0.7.tgz. Extracting by manifest.
3035 silly tarball no local data for data-view-buffer@https://registry.npmjs.org/data-view-buffer/-/data-view-buffer-1.0.2.tgz. Extracting by manifest.
3036 silly tarball no local data for arraybuffer.prototype.slice@https://registry.npmjs.org/arraybuffer.prototype.slice/-/arraybuffer.prototype.slice-1.0.4.tgz. Extracting by manifest.
3037 silly tarball no local data for array-buffer-byte-length@https://registry.npmjs.org/array-buffer-byte-length/-/array-buffer-byte-length-1.0.2.tgz. Extracting by manifest.
3038 silly tarball no local data for gopd@https://registry.npmjs.org/gopd/-/gopd-1.2.0.tgz. Extracting by manifest.
3039 silly tarball no local data for has-property-descriptors@https://registry.npmjs.org/has-property-descriptors/-/has-property-descriptors-1.0.2.tgz. Extracting by manifest.
3040 silly tarball no local data for set-function-length@https://registry.npmjs.org/set-function-length/-/set-function-length-1.2.2.tgz. Extracting by manifest.
3041 silly tarball no local data for object-keys@https://registry.npmjs.org/object-keys/-/object-keys-1.1.1.tgz. Extracting by manifest.
3042 silly tarball no local data for define-data-property@https://registry.npmjs.org/define-data-property/-/define-data-property-1.1.4.tgz. Extracting by manifest.
3043 silly tarball no local data for get-proto@https://registry.npmjs.org/get-proto/-/get-proto-1.0.1.tgz. Extracting by manifest.
3044 silly tarball no local data for function-bind@https://registry.npmjs.org/function-bind/-/function-bind-1.1.2.tgz. Extracting by manifest.
3045 silly tarball no local data for es-shim-unscopables@https://registry.npmjs.org/es-shim-unscopables/-/es-shim-unscopables-1.1.0.tgz. Extracting by manifest.
3046 silly tarball no local data for call-bind-apply-helpers@https://registry.npmjs.org/call-bind-apply-helpers/-/call-bind-apply-helpers-1.0.2.tgz. Extracting by manifest.
3047 silly tarball no local data for math-intrinsics@https://registry.npmjs.org/math-intrinsics/-/math-intrinsics-1.1.0.tgz. Extracting by manifest.
3048 silly tarball no local data for is-string@https://registry.npmjs.org/is-string/-/is-string-1.1.1.tgz. Extracting by manifest.
3049 silly tarball no local data for es-define-property@https://registry.npmjs.org/es-define-property/-/es-define-property-1.0.1.tgz. Extracting by manifest.
3050 silly tarball no local data for get-intrinsic@https://registry.npmjs.org/get-intrinsic/-/get-intrinsic-1.3.0.tgz. Extracting by manifest.
3051 silly tarball no local data for es-abstract@https://registry.npmjs.org/es-abstract/-/es-abstract-1.24.2.tgz. Extracting by manifest.
3052 silly tarball no local data for define-properties@https://registry.npmjs.org/define-properties/-/define-properties-1.2.1.tgz. Extracting by manifest.
3053 silly tarball no local data for call-bound@https://registry.npmjs.org/call-bound/-/call-bound-1.0.4.tgz. Extracting by manifest.
3054 silly tarball no local data for call-bind@https://registry.npmjs.org/call-bind/-/call-bind-1.0.9.tgz. Extracting by manifest.
3055 silly tarball no local data for tsconfig-paths@https://registry.npmjs.org/tsconfig-paths/-/tsconfig-paths-3.15.0.tgz. Extracting by manifest.
3056 silly tarball no local data for string.prototype.trimend@https://registry.npmjs.org/string.prototype.trimend/-/string.prototype.trimend-1.0.10.tgz. Extracting by manifest.
3057 silly tarball no local data for semver@https://registry.npmjs.org/semver/-/semver-6.3.1.tgz. Extracting by manifest.
3058 silly tarball no local data for object.groupby@https://registry.npmjs.org/object.groupby/-/object.groupby-1.0.3.tgz. Extracting by manifest.
3059 silly tarball no local data for object.fromentries@https://registry.npmjs.org/object.fromentries/-/object.fromentries-2.0.8.tgz. Extracting by manifest.
3060 silly tarball no local data for es-object-atoms@https://registry.npmjs.org/es-object-atoms/-/es-object-atoms-1.1.2.tgz. Extracting by manifest.
3061 silly tarball no local data for eslint-module-utils@https://registry.npmjs.org/eslint-module-utils/-/eslint-module-utils-2.14.0.tgz. Extracting by manifest.
3062 silly tarball no local data for doctrine@https://registry.npmjs.org/doctrine/-/doctrine-2.1.0.tgz. Extracting by manifest.
3063 silly tarball no local data for array.prototype.flatmap@https://registry.npmjs.org/array.prototype.flatmap/-/array.prototype.flatmap-1.3.3.tgz. Extracting by manifest.
3064 silly tarball no local data for array.prototype.flat@https://registry.npmjs.org/array.prototype.flat/-/array.prototype.flat-1.3.3.tgz. Extracting by manifest.
3065 silly tarball no local data for array.prototype.findlastindex@https://registry.npmjs.org/array.prototype.findlastindex/-/array.prototype.findlastindex-1.2.6.tgz. Extracting by manifest.
3066 silly tarball no local data for array-includes@https://registry.npmjs.org/array-includes/-/array-includes-3.1.9.tgz. Extracting by manifest.
3067 silly tarball no local data for es-errors@https://registry.npmjs.org/es-errors/-/es-errors-1.3.0.tgz. Extracting by manifest.
3068 silly tarball no local data for unrs-resolver@https://registry.npmjs.org/unrs-resolver/-/unrs-resolver-1.12.2.tgz. Extracting by manifest.
3069 silly tarball no local data for @rtsao/scc@https://registry.npmjs.org/@rtsao/scc/-/scc-1.1.0.tgz. Extracting by manifest.
3070 silly tarball no local data for hasown@https://registry.npmjs.org/hasown/-/hasown-2.0.4.tgz. Extracting by manifest.
3071 silly tarball no local data for tinyglobby@https://registry.npmjs.org/tinyglobby/-/tinyglobby-0.2.17.tgz. Extracting by manifest.
3072 silly tarball no local data for is-bun-module@https://registry.npmjs.org/is-bun-module/-/is-bun-module-2.0.0.tgz. Extracting by manifest.
3073 silly tarball no local data for stable-hash@https://registry.npmjs.org/stable-hash/-/stable-hash-0.0.5.tgz. Extracting by manifest.
3074 silly tarball no local data for get-tsconfig@https://registry.npmjs.org/get-tsconfig/-/get-tsconfig-4.14.0.tgz. Extracting by manifest.
3075 silly tarball no local data for fast-glob@https://registry.npmjs.org/fast-glob/-/fast-glob-3.3.1.tgz. Extracting by manifest.
3076 silly tarball no local data for @nolyfill/is-core-module@https://registry.npmjs.org/@nolyfill/is-core-module/-/is-core-module-1.0.39.tgz. Extracting by manifest.
3077 silly tarball no local data for object.values@https://registry.npmjs.org/object.values/-/object.values-1.2.1.tgz. Extracting by manifest.
3078 silly tarball no local data for is-core-module@https://registry.npmjs.org/is-core-module/-/is-core-module-2.16.2.tgz. Extracting by manifest.
3079 silly tarball no local data for typescript-eslint@https://registry.npmjs.org/typescript-eslint/-/typescript-eslint-8.65.0.tgz. Extracting by manifest.
3080 silly tarball no local data for eslint-plugin-react-hooks@https://registry.npmjs.org/eslint-plugin-react-hooks/-/eslint-plugin-react-hooks-7.1.1.tgz. Extracting by manifest.
3081 silly tarball no local data for resolve@https://registry.npmjs.org/resolve/-/resolve-2.0.0-next.7.tgz. Extracting by manifest.
3082 silly tarball no local data for eslint-plugin-jsx-a11y@https://registry.npmjs.org/eslint-plugin-jsx-a11y/-/eslint-plugin-jsx-a11y-6.10.2.tgz. Extracting by manifest.
3083 silly tarball no local data for eslint-plugin-import@https://registry.npmjs.org/eslint-plugin-import/-/eslint-plugin-import-2.32.0.tgz. Extracting by manifest.
3084 silly tarball no local data for eslint-import-resolver-typescript@https://registry.npmjs.org/eslint-import-resolver-typescript/-/eslint-import-resolver-typescript-3.10.1.tgz. Extracting by manifest.
3085 silly tarball no local data for eslint-import-resolver-node@https://registry.npmjs.org/eslint-import-resolver-node/-/eslint-import-resolver-node-0.3.10.tgz. Extracting by manifest.
3086 silly tarball no local data for ms@https://registry.npmjs.org/ms/-/ms-2.1.3.tgz. Extracting by manifest.
3087 silly tarball no local data for eslint-plugin-react@https://registry.npmjs.org/eslint-plugin-react/-/eslint-plugin-react-7.37.5.tgz. Extracting by manifest.
3088 silly tarball no local data for which@https://registry.npmjs.org/which/-/which-2.0.2.tgz. Extracting by manifest.
3089 silly tarball no local data for shebang-command@https://registry.npmjs.org/shebang-command/-/shebang-command-2.0.0.tgz. Extracting by manifest.
3090 silly tarball no local data for path-key@https://registry.npmjs.org/path-key/-/path-key-3.1.1.tgz. Extracting by manifest.
3091 silly tarball no local data for color-name@https://registry.npmjs.org/color-name/-/color-name-1.1.4.tgz. Extracting by manifest.
3092 silly tarball no local data for supports-color@https://registry.npmjs.org/supports-color/-/supports-color-7.2.0.tgz. Extracting by manifest.
3093 silly tarball no local data for ansi-styles@https://registry.npmjs.org/ansi-styles/-/ansi-styles-4.3.0.tgz. Extracting by manifest.
3094 silly tarball no local data for json-schema-traverse@https://registry.npmjs.org/json-schema-traverse/-/json-schema-traverse-0.4.1.tgz. Extracting by manifest.
3095 silly tarball no local data for color-convert@https://registry.npmjs.org/color-convert/-/color-convert-2.0.1.tgz. Extracting by manifest.
3096 silly tarball no local data for uri-js@https://registry.npmjs.org/uri-js/-/uri-js-4.4.1.tgz. Extracting by manifest.
3097 silly tarball no local data for fast-json-stable-stringify@https://registry.npmjs.org/fast-json-stable-stringify/-/fast-json-stable-stringify-2.1.0.tgz. Extracting by manifest.
3098 silly tarball no local data for @next/eslint-plugin-next@https://registry.npmjs.org/@next/eslint-plugin-next/-/eslint-plugin-next-16.2.12.tgz. Extracting by manifest.
3099 silly tarball no local data for @humanfs/types@https://registry.npmjs.org/@humanfs/types/-/types-0.15.0.tgz. Extracting by manifest.
3100 silly tarball no local data for levn@https://registry.npmjs.org/levn/-/levn-0.4.1.tgz. Extracting by manifest.
3101 silly tarball no local data for import-fresh@https://registry.npmjs.org/import-fresh/-/import-fresh-3.3.1.tgz. Extracting by manifest.
3102 silly tarball no local data for globals@https://registry.npmjs.org/globals/-/globals-14.0.0.tgz. Extracting by manifest.
3103 silly tarball no local data for js-yaml@https://registry.npmjs.org/js-yaml/-/js-yaml-4.3.1.tgz. Extracting by manifest.
3104 silly tarball no local data for @eslint/object-schema@https://registry.npmjs.org/@eslint/object-schema/-/object-schema-2.1.7.tgz. Extracting by manifest.
3105 silly tarball no local data for @types/json-schema@https://registry.npmjs.org/@types/json-schema/-/json-schema-7.0.15.tgz. Extracting by manifest.
3106 silly tarball no local data for optionator@https://registry.npmjs.org/optionator/-/optionator-0.9.4.tgz. Extracting by manifest.
3107 silly tarball no local data for natural-compare@https://registry.npmjs.org/natural-compare/-/natural-compare-1.4.0.tgz. Extracting by manifest.
3108 silly tarball no local data for lodash.merge@https://registry.npmjs.org/lodash.merge/-/lodash.merge-4.6.2.tgz. Extracting by manifest.
3109 silly tarball no local data for json-stable-stringify-without-jsonify@https://registry.npmjs.org/json-stable-stringify-without-jsonify/-/json-stable-stringify-without-jsonify-1.0.1.tgz. Extracting by manifest.
3110 silly tarball no local data for is-glob@https://registry.npmjs.org/is-glob/-/is-glob-4.0.3.tgz. Extracting by manifest.
3111 silly tarball no local data for ignore@https://registry.npmjs.org/ignore/-/ignore-5.3.2.tgz. Extracting by manifest.
3112 silly tarball no local data for imurmurhash@https://registry.npmjs.org/imurmurhash/-/imurmurhash-0.1.4.tgz. Extracting by manifest.
3113 silly tarball no local data for minimatch@https://registry.npmjs.org/minimatch/-/minimatch-3.1.5.tgz. Extracting by manifest.
3114 silly tarball no local data for glob-parent@https://registry.npmjs.org/glob-parent/-/glob-parent-6.0.2.tgz. Extracting by manifest.
3115 silly tarball no local data for @humanfs/core@https://registry.npmjs.org/@humanfs/core/-/core-0.19.2.tgz. Extracting by manifest.
3116 silly tarball no local data for file-entry-cache@https://registry.npmjs.org/file-entry-cache/-/file-entry-cache-8.0.0.tgz. Extracting by manifest.
3117 silly tarball no local data for find-up@https://registry.npmjs.org/find-up/-/find-up-5.0.0.tgz. Extracting by manifest.
3118 silly tarball no local data for esutils@https://registry.npmjs.org/esutils/-/esutils-2.0.3.tgz. Extracting by manifest.
3119 silly tarball no local data for eslint-visitor-keys@https://registry.npmjs.org/eslint-visitor-keys/-/eslint-visitor-keys-4.2.1.tgz. Extracting by manifest.
3120 silly tarball no local data for fast-deep-equal@https://registry.npmjs.org/fast-deep-equal/-/fast-deep-equal-3.1.3.tgz. Extracting by manifest.
3121 silly tarball no local data for espree@https://registry.npmjs.org/espree/-/espree-10.4.0.tgz. Extracting by manifest.
3122 silly tarball no local data for eslint-scope@https://registry.npmjs.org/eslint-scope/-/eslint-scope-8.4.0.tgz. Extracting by manifest.
3123 silly tarball no local data for escape-string-regexp@https://registry.npmjs.org/escape-string-regexp/-/escape-string-regexp-4.0.0.tgz. Extracting by manifest.
3124 silly tarball no local data for esquery@https://registry.npmjs.org/esquery/-/esquery-1.7.0.tgz. Extracting by manifest.
3125 silly tarball no local data for debug@https://registry.npmjs.org/debug/-/debug-4.4.3.tgz. Extracting by manifest.
3126 silly tarball no local data for cross-spawn@https://registry.npmjs.org/cross-spawn/-/cross-spawn-7.0.6.tgz. Extracting by manifest.
3127 silly tarball no local data for strip-json-comments@https://registry.npmjs.org/strip-json-comments/-/strip-json-comments-3.1.1.tgz. Extracting by manifest.
3128 silly tarball no local data for chalk@https://registry.npmjs.org/chalk/-/chalk-4.1.2.tgz. Extracting by manifest.
3129 silly tarball no local data for @types/estree@https://registry.npmjs.org/@types/estree/-/estree-1.0.9.tgz. Extracting by manifest.
3130 silly tarball no local data for ajv@https://registry.npmjs.org/ajv/-/ajv-6.15.0.tgz. Extracting by manifest.
3131 silly tarball no local data for @humanwhocodes/module-importer@https://registry.npmjs.org/@humanwhocodes/module-importer/-/module-importer-1.0.1.tgz. Extracting by manifest.
3132 silly tarball no local data for @eslint/js@https://registry.npmjs.org/@eslint/js/-/js-9.39.5.tgz. Extracting by manifest.
3133 silly tarball no local data for @eslint/core@https://registry.npmjs.org/@eslint/core/-/core-0.17.0.tgz. Extracting by manifest.
3134 silly tarball no local data for @eslint/eslintrc@https://registry.npmjs.org/@eslint/eslintrc/-/eslintrc-3.3.6.tgz. Extracting by manifest.
3135 silly tarball no local data for @humanwhocodes/retry@https://registry.npmjs.org/@humanwhocodes/retry/-/retry-0.4.3.tgz. Extracting by manifest.
3136 silly tarball no local data for @eslint/config-helpers@https://registry.npmjs.org/@eslint/config-helpers/-/config-helpers-0.4.2.tgz. Extracting by manifest.
3137 silly tarball no local data for @eslint/plugin-kit@https://registry.npmjs.org/@eslint/plugin-kit/-/plugin-kit-0.4.1.tgz. Extracting by manifest.
3138 silly tarball no local data for @eslint-community/regexpp@https://registry.npmjs.org/@eslint-community/regexpp/-/regexpp-4.12.2.tgz. Extracting by manifest.
3139 silly tarball no local data for tapable@https://registry.npmjs.org/tapable/-/tapable-2.3.3.tgz. Extracting by manifest.
3140 silly tarball no local data for graceful-fs@https://registry.npmjs.org/graceful-fs/-/graceful-fs-4.2.11.tgz. Extracting by manifest.
3141 silly tarball no local data for @eslint-community/eslint-utils@https://registry.npmjs.org/@eslint-community/eslint-utils/-/eslint-utils-4.10.1.tgz. Extracting by manifest.
3142 silly tarball no local data for @eslint/config-array@https://registry.npmjs.org/@eslint/config-array/-/config-array-0.21.2.tgz. Extracting by manifest.
3143 silly tarball no local data for csstype@https://registry.npmjs.org/csstype/-/csstype-3.2.3.tgz. Extracting by manifest.
3144 silly tarball no local data for undici-types@https://registry.npmjs.org/undici-types/-/undici-types-6.21.0.tgz. Extracting by manifest.
3145 silly tarball no local data for @humanfs/node@https://registry.npmjs.org/@humanfs/node/-/node-0.16.8.tgz. Extracting by manifest.
3146 silly tarball no local data for @jridgewell/sourcemap-codec@https://registry.npmjs.org/@jridgewell/sourcemap-codec/-/sourcemap-codec-1.5.5.tgz. Extracting by manifest.
3147 silly tarball no local data for @jridgewell/trace-mapping@https://registry.npmjs.org/@jridgewell/trace-mapping/-/trace-mapping-0.3.31.tgz. Extracting by manifest.
3148 silly tarball no local data for @tailwindcss/oxide-darwin-arm64@https://registry.npmjs.org/@tailwindcss/oxide-darwin-arm64/-/oxide-darwin-arm64-4.3.3.tgz. Extracting by manifest.
3149 silly tarball no local data for @jridgewell/gen-mapping@https://registry.npmjs.org/@jridgewell/gen-mapping/-/gen-mapping-0.3.13.tgz. Extracting by manifest.
3150 silly tarball no local data for source-map-js@https://registry.npmjs.org/source-map-js/-/source-map-js-1.2.1.tgz. Extracting by manifest.
3151 silly tarball no local data for @jridgewell/resolve-uri@https://registry.npmjs.org/@jridgewell/resolve-uri/-/resolve-uri-3.1.2.tgz. Extracting by manifest.
3152 silly tarball no local data for magic-string@https://registry.npmjs.org/magic-string/-/magic-string-0.30.21.tgz. Extracting by manifest.
3153 silly tarball no local data for jiti@https://registry.npmjs.org/jiti/-/jiti-2.7.0.tgz. Extracting by manifest.
3154 silly tarball no local data for postcss@https://registry.npmjs.org/postcss/-/postcss-8.5.25.tgz. Extracting by manifest.
3155 silly tarball no local data for @jridgewell/remapping@https://registry.npmjs.org/@jridgewell/remapping/-/remapping-2.3.5.tgz. Extracting by manifest.
3156 silly tarball no local data for enhanced-resolve@https://registry.npmjs.org/enhanced-resolve/-/enhanced-resolve-5.24.5.tgz. Extracting by manifest.
3157 silly tarball no local data for lightningcss@https://registry.npmjs.org/lightningcss/-/lightningcss-1.32.0.tgz. Extracting by manifest.
3158 silly tarball no local data for @tailwindcss/node@https://registry.npmjs.org/@tailwindcss/node/-/node-4.3.3.tgz. Extracting by manifest.
3159 silly tarball no local data for @alloc/quick-lru@https://registry.npmjs.org/@alloc/quick-lru/-/quick-lru-5.2.0.tgz. Extracting by manifest.
3160 silly tarball no local data for tailwindcss@https://registry.npmjs.org/tailwindcss/-/tailwindcss-4.3.3.tgz. Extracting by manifest.
3161 silly tarball no local data for react-dom@https://registry.npmjs.org/react-dom/-/react-dom-19.2.4.tgz. Extracting by manifest.
3162 silly tarball no local data for react@https://registry.npmjs.org/react/-/react-19.2.4.tgz. Extracting by manifest.
3163 silly tarball no local data for @tailwindcss/oxide@https://registry.npmjs.org/@tailwindcss/oxide/-/oxide-4.3.3.tgz. Extracting by manifest.
3164 silly tarball no local data for typescript@https://registry.npmjs.org/typescript/-/typescript-5.9.3.tgz. Extracting by manifest.
3165 silly tarball no local data for eslint-config-next@https://registry.npmjs.org/eslint-config-next/-/eslint-config-next-16.2.12.tgz. Extracting by manifest.
3166 silly tarball no local data for eslint@https://registry.npmjs.org/eslint/-/eslint-9.39.5.tgz. Extracting by manifest.
3167 silly tarball no local data for @types/react-dom@https://registry.npmjs.org/@types/react-dom/-/react-dom-19.2.4.tgz. Extracting by manifest.
3168 silly tarball no local data for @types/node@https://registry.npmjs.org/@types/node/-/node-20.19.43.tgz. Extracting by manifest.
3169 silly tarball no local data for next@https://registry.npmjs.org/next/-/next-16.2.12.tgz. Extracting by manifest.
3170 silly tarball no local data for semver@https://registry.npmjs.org/semver/-/semver-7.8.5.tgz. Extracting by manifest.
3171 silly tarball no local data for @types/react@https://registry.npmjs.org/@types/react/-/react-19.2.18.tgz. Extracting by manifest.
3172 silly tarball no local data for @tailwindcss/postcss@https://registry.npmjs.org/@tailwindcss/postcss/-/postcss-4.3.3.tgz. Extracting by manifest.
3173 silly tarball no local data for brace-expansion@https://registry.npmjs.org/brace-expansion/-/brace-expansion-5.0.9.tgz. Extracting by manifest.
3174 silly tarball no local data for minimatch@https://registry.npmjs.org/minimatch/-/minimatch-10.2.6.tgz. Extracting by manifest.
3175 silly tarball no local data for semver@https://registry.npmjs.org/semver/-/semver-7.8.5.tgz. Extracting by manifest.
3176 silly tarball no local data for balanced-match@https://registry.npmjs.org/balanced-match/-/balanced-match-4.0.4.tgz. Extracting by manifest.
3177 silly tarball no local data for fdir@https://registry.npmjs.org/fdir/-/fdir-6.5.0.tgz. Extracting by manifest.
3178 silly tarball no local data for json5@https://registry.npmjs.org/json5/-/json5-1.0.2.tgz. Extracting by manifest.
3179 silly tarball no local data for eslint-visitor-keys@https://registry.npmjs.org/eslint-visitor-keys/-/eslint-visitor-keys-5.0.1.tgz. Extracting by manifest.
3180 silly tarball no local data for picomatch@https://registry.npmjs.org/picomatch/-/picomatch-4.0.5.tgz. Extracting by manifest.
3181 silly tarball no local data for debug@https://registry.npmjs.org/debug/-/debug-3.2.7.tgz. Extracting by manifest.
3182 silly tarball no local data for ignore@https://registry.npmjs.org/ignore/-/ignore-7.0.6.tgz. Extracting by manifest.
3183 silly tarball no local data for debug@https://registry.npmjs.org/debug/-/debug-3.2.7.tgz. Extracting by manifest.
3184 silly tarball no local data for eslint-visitor-keys@https://registry.npmjs.org/eslint-visitor-keys/-/eslint-visitor-keys-3.4.3.tgz. Extracting by manifest.
3185 silly tarball no local data for semver@https://registry.npmjs.org/semver/-/semver-7.8.5.tgz. Extracting by manifest.
3186 silly tarball no local data for postcss@https://registry.npmjs.org/postcss/-/postcss-8.4.31.tgz. Extracting by manifest.
3187 silly tarball no local data for globals@https://registry.npmjs.org/globals/-/globals-16.4.0.tgz. Extracting by manifest.
3188 silly tarball no local data for debug@https://registry.npmjs.org/debug/-/debug-3.2.7.tgz. Extracting by manifest.
3189 silly tarball no local data for glob-parent@https://registry.npmjs.org/glob-parent/-/glob-parent-5.1.2.tgz. Extracting by manifest.
3190 http fetch GET 200 https://registry.npmjs.org/is-weakmap/-/is-weakmap-2.0.2.tgz 120ms (cache miss)
3191 http fetch GET 200 https://registry.npmjs.org/which-collection/-/which-collection-1.0.2.tgz 119ms (cache miss)
3192 http fetch GET 200 https://registry.npmjs.org/async-function/-/async-function-1.0.0.tgz 120ms (cache miss)
3193 http fetch GET 200 https://registry.npmjs.org/is-weakset/-/is-weakset-2.0.4.tgz 121ms (cache miss)
3194 http fetch GET 200 https://registry.npmjs.org/generator-function/-/generator-function-2.0.1.tgz 120ms (cache miss)
3195 http fetch GET 200 https://registry.npmjs.org/is-generator-function/-/is-generator-function-1.1.2.tgz 121ms (cache miss)
3196 http fetch GET 200 https://registry.npmjs.org/escalade/-/escalade-3.2.0.tgz 133ms (cache miss)
3197 http fetch GET 200 https://registry.npmjs.org/has-bigints/-/has-bigints-1.1.0.tgz 157ms (cache miss)
3198 http fetch GET 200 https://registry.npmjs.org/which-boxed-primitive/-/which-boxed-primitive-1.1.1.tgz 157ms (cache miss)
3199 http fetch GET 200 https://registry.npmjs.org/isexe/-/isexe-2.0.0.tgz 167ms (cache miss)
3200 http fetch GET 200 https://registry.npmjs.org/is-finalizationregistry/-/is-finalizationregistry-1.1.1.tgz 209ms (cache miss)
3201 http fetch GET 200 https://registry.npmjs.org/is-bigint/-/is-bigint-1.1.0.tgz 214ms (cache miss)
3202 http fetch GET 200 https://registry.npmjs.org/is-number-object/-/is-number-object-1.1.1.tgz 217ms (cache miss)
3203 http fetch GET 200 https://registry.npmjs.org/is-map/-/is-map-2.0.3.tgz 220ms (cache miss)
3204 http fetch GET 200 https://registry.npmjs.org/is-async-function/-/is-async-function-2.1.1.tgz 220ms (cache miss)
3205 http fetch GET 200 https://registry.npmjs.org/punycode/-/punycode-2.3.1.tgz 221ms (cache miss)
3206 http fetch GET 200 https://registry.npmjs.org/is-boolean-object/-/is-boolean-object-1.2.2.tgz 223ms (cache miss)
3207 http fetch GET 200 https://registry.npmjs.org/napi-postinstall/-/napi-postinstall-0.3.4.tgz 224ms (cache miss)
3208 http fetch GET 200 https://registry.npmjs.org/ts-api-utils/-/ts-api-utils-2.5.0.tgz 243ms (cache miss)
3209 http fetch GET 200 https://registry.npmjs.org/for-each/-/for-each-0.3.5.tgz 249ms (cache miss)
3210 http fetch GET 200 https://registry.npmjs.org/which-builtin-type/-/which-builtin-type-1.2.1.tgz 250ms (cache miss)
3211 http fetch POST 200 https://registry.npmjs.org/-/npm/v1/security/advisories/bulk 349ms
3212 silly audit report {
3212 silly audit report   postcss: [
3212 silly audit report     {
3212 silly audit report       id: 1117015,
3212 silly audit report       url: 'https://github.com/advisories/GHSA-qx2v-qp2m-jg93',
3212 silly audit report       title: 'PostCSS has XSS via Unescaped </style> in its CSS Stringify Output',
3212 silly audit report       severity: 'moderate',
3212 silly audit report       vulnerable_versions: '<8.5.10',
3212 silly audit report       cwe: [Array],
3212 silly audit report       cvss: [Object]
3212 silly audit report     },
3212 silly audit report     {
3212 silly audit report       id: 1124252,
3212 silly audit report       url: 'https://github.com/advisories/GHSA-6g55-p6wh-862q',
3212 silly audit report       title: 'PostCSS: Arbitrary file read and information disclosure via attacker-controlled sourceMappingURL in CSS comments',
3212 silly audit report       severity: 'high',
3212 silly audit report       vulnerable_versions: '<=8.5.11',
3212 silly audit report       cwe: [Array],
3212 silly audit report       cvss: [Object]
3212 silly audit report     },
3212 silly audit report     {
3212 silly audit report       id: 1124288,
3212 silly audit report       url: 'https://github.com/advisories/GHSA-r28c-9q8g-f849',
3212 silly audit report       title: 'PostCSS: Path Traversal in Previous Source Map Auto-Loading (sourceMappingURL) leads to Arbitrary .map File Disclosure',
3212 silly audit report       severity: 'high',
3212 silly audit report       vulnerable_versions: '<=8.5.17',
3212 silly audit report       cwe: [Array],
3212 silly audit report       cvss: [Object]
3212 silly audit report     }
3212 silly audit report   ],
3212 silly audit report   'brace-expansion': [
3212 silly audit report     {
3212 silly audit report       id: 1124334,
3212 silly audit report       url: 'https://github.com/advisories/GHSA-mh99-v99m-4gvg',
3212 silly audit report       title: 'brace-expansion: DoS via unbounded expansion length causing an out-of-memory process crash',
3212 silly audit report       severity: 'high',
3212 silly audit report       vulnerable_versions: '<=5.0.7',
3212 silly audit report       cwe: [Array],
3212 silly audit report       cvss: [Object]
3212 silly audit report     }
3212 silly audit report   ],
3212 silly audit report   sharp: [
3212 silly audit report     {
3212 silly audit report       id: 1124066,
3212 silly audit report       url: 'https://github.com/advisories/GHSA-f88m-g3jw-g9cj',
3212 silly audit report       title: 'sharp inherited vulnerabilities in libvips: CVE-2026-33327, CVE-2026-33328, CVE-2026-35590, CVE-2026-35591',
3212 silly audit report       severity: 'high',
3212 silly audit report       vulnerable_versions: '<0.35.0',
3212 silly audit report       cwe: [Array],
3212 silly audit report       cvss: [Object]
3212 silly audit report     }
3212 silly audit report   ]
3212 silly audit report }
3213 silly packumentCache corgi:https://registry.npmjs.org/postcss cache-miss
3214 silly packumentCache corgi:https://registry.npmjs.org/brace-expansion cache-miss
3215 silly packumentCache corgi:https://registry.npmjs.org/sharp cache-miss
3216 http fetch GET 200 https://registry.npmjs.org/minimist/-/minimist-1.2.8.tgz 286ms (cache miss)
3217 http fetch GET 200 https://registry.npmjs.org/reflect.getprototypeof/-/reflect.getprototypeof-1.0.10.tgz 294ms (cache miss)
3218 http fetch GET 200 https://registry.npmjs.org/is-number/-/is-number-7.0.0.tgz 294ms (cache miss)
3219 http fetch GET 200 https://registry.npmjs.org/strip-bom/-/strip-bom-3.0.0.tgz 312ms (cache miss)
3220 http fetch GET 200 https://registry.npmjs.org/has-flag/-/has-flag-4.0.0.tgz 321ms (cache miss)
3221 http fetch GET 200 https://registry.npmjs.org/client-only/-/client-only-0.0.1.tgz 333ms (cache miss)
3222 http fetch GET 200 https://registry.npmjs.org/side-channel-map/-/side-channel-map-1.0.1.tgz 353ms (cache miss)
3223 http fetch GET 200 https://registry.npmjs.org/side-channel-weakmap/-/side-channel-weakmap-1.0.2.tgz 353ms (cache miss)
3224 http fetch GET 200 https://registry.npmjs.org/side-channel-list/-/side-channel-list-1.0.1.tgz 389ms (cache miss)
3225 http fetch GET 200 https://registry.npmjs.org/@typescript-eslint/project-service/-/project-service-8.65.0.tgz 429ms (cache miss)
3226 http fetch GET 200 https://registry.npmjs.org/@typescript-eslint/types/-/types-8.65.0.tgz 446ms (cache miss)
3227 http fetch GET 200 https://registry.npmjs.org/@typescript-eslint/visitor-keys/-/visitor-keys-8.65.0.tgz 485ms (cache miss)
3228 http fetch GET 200 https://registry.npmjs.org/@typescript-eslint/type-utils/-/type-utils-8.65.0.tgz 495ms (cache miss)
3229 http fetch GET 200 https://registry.npmjs.org/shebang-regex/-/shebang-regex-3.0.0.tgz 502ms (cache miss)
3230 http fetch GET 200 https://registry.npmjs.org/isarray/-/isarray-2.0.5.tgz 515ms (cache miss)
3231 http fetch GET 200 https://registry.npmjs.org/path-parse/-/path-parse-1.0.7.tgz 540ms (cache miss)
3232 http fetch GET 200 https://registry.npmjs.org/queue-microtask/-/queue-microtask-1.2.3.tgz 541ms (cache miss)
3233 http fetch GET 200 https://registry.npmjs.org/@typescript-eslint/parser/-/parser-8.65.0.tgz 544ms (cache miss)
3234 http fetch GET 200 https://registry.npmjs.org/@typescript-eslint/tsconfig-utils/-/tsconfig-utils-8.65.0.tgz 544ms (cache miss)
3235 http fetch GET 200 https://registry.npmjs.org/supports-preserve-symlinks-flag/-/supports-preserve-symlinks-flag-1.0.0.tgz 545ms (cache miss)
3236 http fetch GET 200 https://registry.npmjs.org/@typescript-eslint/typescript-estree/-/typescript-estree-8.65.0.tgz 570ms (cache miss)
3237 http fetch GET 200 https://registry.npmjs.org/@types/json5/-/json5-0.0.29.tgz 580ms (cache miss)
3238 http fetch GET 200 https://registry.npmjs.org/object-assign/-/object-assign-4.1.1.tgz 602ms (cache miss)
3239 http fetch GET 200 https://registry.npmjs.org/loose-envify/-/loose-envify-1.4.0.tgz 602ms (cache miss)
3240 http fetch GET 200 https://registry.npmjs.org/yocto-queue/-/yocto-queue-0.1.0.tgz 605ms (cache miss)
3241 http fetch GET 200 https://registry.npmjs.org/scheduler/-/scheduler-0.27.0.tgz 606ms (cache miss)
3242 http fetch GET 200 https://registry.npmjs.org/p-limit/-/p-limit-3.1.0.tgz 606ms (cache miss)
3243 http fetch GET 200 https://registry.npmjs.org/react-is/-/react-is-16.13.1.tgz 607ms (cache miss)
3244 http fetch GET 200 https://registry.npmjs.org/word-wrap/-/word-wrap-1.2.5.tgz 608ms (cache miss)
3245 http fetch GET 200 https://registry.npmjs.org/nanoid/-/nanoid-3.3.16.tgz 608ms (cache miss)
3246 http fetch GET 200 https://registry.npmjs.org/node-exports-info/-/node-exports-info-1.6.2.tgz 611ms (cache miss)
3247 http fetch GET 200 https://registry.npmjs.org/callsites/-/callsites-3.1.0.tgz 622ms (cache miss)
3248 http fetch GET 200 https://registry.npmjs.org/fast-levenshtein/-/fast-levenshtein-2.0.6.tgz 622ms (cache miss)
3249 http fetch GET 200 https://registry.npmjs.org/deep-is/-/deep-is-0.1.4.tgz 640ms (cache miss)
3250 http fetch GET 200 https://registry.npmjs.org/brace-expansion/-/brace-expansion-1.1.18.tgz 641ms (cache miss)
3251 http fetch GET 200 https://registry.npmjs.org/@typescript-eslint/scope-manager/-/scope-manager-8.65.0.tgz 654ms (cache miss)
3252 http fetch GET 200 https://registry.npmjs.org/tslib/-/tslib-2.8.1.tgz 649ms (cache miss)
3253 http fetch GET 200 https://registry.npmjs.org/to-regex-range/-/to-regex-range-5.0.1.tgz 656ms (cache miss)
3254 http fetch GET 200 https://registry.npmjs.org/balanced-match/-/balanced-match-1.0.2.tgz 657ms (cache miss)
3255 http fetch GET 200 https://registry.npmjs.org/sharp/-/sharp-0.34.5.tgz 671ms (cache miss)
3256 http fetch GET 200 https://registry.npmjs.org/styled-jsx/-/styled-jsx-5.1.6.tgz 685ms (cache miss)
3257 http fetch GET 200 https://registry.npmjs.org/concat-map/-/concat-map-0.0.1.tgz 684ms (cache miss)
3258 http fetch GET 200 https://registry.npmjs.org/braces/-/braces-3.0.3.tgz 685ms (cache miss)
3259 http fetch GET 200 https://registry.npmjs.org/fill-range/-/fill-range-7.1.1.tgz 685ms (cache miss)
3260 http fetch GET 200 https://registry.npmjs.org/yallist/-/yallist-3.1.1.tgz 697ms (cache miss)
3261 http fetch GET 200 https://registry.npmjs.org/picomatch/-/picomatch-2.3.2.tgz 697ms (cache miss)
3262 http fetch GET 200 https://registry.npmjs.org/@typescript-eslint/eslint-plugin/-/eslint-plugin-8.65.0.tgz 707ms (cache miss)
3263 http fetch GET 200 https://registry.npmjs.org/type-check/-/type-check-0.4.0.tgz 707ms (cache miss)
3264 http fetch GET 200 https://registry.npmjs.org/detect-libc/-/detect-libc-2.1.2.tgz 766ms (cache miss)
3265 http fetch GET 200 https://registry.npmjs.org/@typescript-eslint/utils/-/utils-8.65.0.tgz 777ms (cache miss)
3266 http fetch GET 200 https://registry.npmjs.org/prelude-ls/-/prelude-ls-1.2.1.tgz 772ms (cache miss)
3267 http fetch GET 200 https://registry.npmjs.org/p-locate/-/p-locate-5.0.0.tgz 773ms (cache miss)
3268 http fetch GET 200 https://registry.npmjs.org/set-function-name/-/set-function-name-2.0.2.tgz 773ms (cache miss)
3269 http fetch GET 200 https://registry.npmjs.org/argparse/-/argparse-2.0.1.tgz 777ms (cache miss)
3270 http fetch GET 200 https://registry.npmjs.org/json-buffer/-/json-buffer-3.0.1.tgz 781ms (cache miss)
3271 http fetch GET 200 https://registry.npmjs.org/@img/colour/-/colour-1.1.0.tgz 798ms (cache miss)
3272 http fetch GET 200 https://registry.npmjs.org/parent-module/-/parent-module-1.0.1.tgz 812ms (cache miss)
3273 http fetch GET 200 https://registry.npmjs.org/is-extglob/-/is-extglob-2.1.1.tgz 812ms (cache miss)
3274 http fetch GET 200 https://registry.npmjs.org/resolve-from/-/resolve-from-4.0.0.tgz 819ms (cache miss)
3275 http fetch GET 200 https://registry.npmjs.org/resolve-pkg-maps/-/resolve-pkg-maps-1.0.0.tgz 820ms (cache miss)
3276 http fetch GET 200 https://registry.npmjs.org/hermes-estree/-/hermes-estree-0.25.1.tgz 821ms (cache miss)
3277 http fetch GET 200 https://registry.npmjs.org/@img/sharp-darwin-arm64/-/sharp-darwin-arm64-0.34.5.tgz 837ms (cache miss)
3278 http fetch GET 200 https://registry.npmjs.org/functions-have-names/-/functions-have-names-1.2.3.tgz 830ms (cache miss)
3279 http fetch GET 200 https://registry.npmjs.org/is-document.all/-/is-document.all-1.0.0.tgz 833ms (cache miss)
3280 http fetch GET 200 https://registry.npmjs.org/language-subtag-registry/-/language-subtag-registry-0.3.23.tgz 843ms (cache miss)
3281 http fetch GET 200 https://registry.npmjs.org/dunder-proto/-/dunder-proto-1.0.1.tgz 852ms (cache miss)
3282 http fetch GET 200 https://registry.npmjs.org/keyv/-/keyv-4.5.4.tgz 855ms (cache miss)
3283 http fetch GET 200 https://registry.npmjs.org/path-exists/-/path-exists-4.0.0.tgz 856ms (cache miss)
3284 http fetch GET 200 https://registry.npmjs.org/run-parallel/-/run-parallel-1.2.0.tgz 871ms (cache miss)
3285 http fetch GET 200 https://registry.npmjs.org/flatted/-/flatted-3.4.4.tgz 873ms (cache miss)
3286 http fetch GET 200 https://registry.npmjs.org/locate-path/-/locate-path-6.0.0.tgz 872ms (cache miss)
3287 http fetch GET 200 https://registry.npmjs.org/reusify/-/reusify-1.1.0.tgz 877ms (cache miss)
3288 http fetch GET 200 https://registry.npmjs.org/flat-cache/-/flat-cache-4.0.1.tgz 879ms (cache miss)
3289 http fetch GET 200 https://registry.npmjs.org/fastq/-/fastq-1.20.1.tgz 883ms (cache miss)
3290 http fetch GET 200 https://registry.npmjs.org/micromatch/-/micromatch-4.0.8.tgz 890ms (cache miss)
3291 http fetch GET 200 https://registry.npmjs.org/merge2/-/merge2-1.4.1.tgz 898ms (cache miss)
3292 http fetch GET 200 https://registry.npmjs.org/acorn-jsx/-/acorn-jsx-5.3.2.tgz 905ms (cache miss)
3293 http fetch GET 200 https://registry.npmjs.org/esrecurse/-/esrecurse-4.3.0.tgz 926ms (cache miss)
3294 http fetch GET 200 https://registry.npmjs.org/update-browserslist-db/-/update-browserslist-db-1.2.3.tgz 926ms (cache miss)
3295 http fetch GET 200 https://registry.npmjs.org/node-releases/-/node-releases-2.0.51.tgz 928ms (cache miss)
3296 http fetch GET 200 https://registry.npmjs.org/electron-to-chromium/-/electron-to-chromium-1.5.399.tgz 939ms (cache miss)
3297 http fetch GET 200 https://registry.npmjs.org/@swc/helpers/-/helpers-0.5.15.tgz 961ms (cache miss)
3298 http fetch GET 200 https://registry.npmjs.org/side-channel/-/side-channel-1.1.1.tgz 974ms (cache miss)
3299 http fetch GET 200 https://registry.npmjs.org/baseline-browser-mapping/-/baseline-browser-mapping-2.11.9.tgz 982ms (cache miss)
3300 http fetch GET 200 https://registry.npmjs.org/acorn/-/acorn-8.18.0.tgz 1011ms (cache miss)
3301 http fetch GET 200 https://registry.npmjs.org/lru-cache/-/lru-cache-5.1.1.tgz 1020ms (cache miss)
3302 http fetch GET 200 https://registry.npmjs.org/picocolors/-/picocolors-1.1.1.tgz 1068ms (cache miss)
3303 http fetch GET 200 https://registry.npmjs.org/js-tokens/-/js-tokens-4.0.0.tgz 1177ms (cache miss)
3304 http fetch GET 200 https://registry.npmjs.org/@next/env/-/env-16.2.12.tgz 1216ms (cache miss)
3305 http fetch GET 200 https://registry.npmjs.org/@babel/helper-module-imports/-/helper-module-imports-7.29.7.tgz 1258ms (cache miss)
3306 http fetch GET 200 https://registry.npmjs.org/@babel/helper-string-parser/-/helper-string-parser-7.29.7.tgz 1258ms (cache miss)
3307 http fetch GET 200 https://registry.npmjs.org/@babel/helper-globals/-/helper-globals-7.29.7.tgz 1259ms (cache miss)
3308 http fetch GET 200 https://registry.npmjs.org/jsesc/-/jsesc-3.1.0.tgz 1269ms (cache miss)
3309 http fetch GET 200 https://registry.npmjs.org/gensync/-/gensync-1.0.0-beta.2.tgz 1309ms (cache miss)
3310 http fetch GET 200 https://registry.npmjs.org/convert-source-map/-/convert-source-map-2.0.0.tgz 1315ms (cache miss)
3311 http fetch GET 200 https://registry.npmjs.org/@babel/helper-validator-option/-/helper-validator-option-7.29.7.tgz 1318ms (cache miss)
3312 http fetch GET 200 https://registry.npmjs.org/@babel/compat-data/-/compat-data-7.29.7.tgz 1347ms (cache miss)
3313 http fetch GET 200 https://registry.npmjs.org/@nodelib/fs.scandir/-/fs.scandir-2.1.5.tgz 1406ms (cache miss)
3314 http fetch GET 200 https://registry.npmjs.org/@unrs/resolver-binding-darwin-arm64/-/resolver-binding-darwin-arm64-1.12.2.tgz 1431ms (cache miss)
3315 http fetch GET 200 https://registry.npmjs.org/@nodelib/fs.walk/-/fs.walk-1.2.8.tgz 1418ms (cache miss)
3316 http fetch GET 200 https://registry.npmjs.org/browserslist/-/browserslist-4.28.7.tgz 1428ms (cache miss)
3317 http fetch GET 200 https://registry.npmjs.org/json5/-/json5-2.2.3.tgz 1429ms (cache miss)
3318 http fetch GET 200 https://registry.npmjs.org/caniuse-lite/-/caniuse-lite-1.0.30001806.tgz 1437ms (cache miss)
3319 http fetch GET 200 https://registry.npmjs.org/@nodelib/fs.stat/-/fs.stat-2.0.5.tgz 1485ms (cache miss)
3320 http fetch GET 200 https://registry.npmjs.org/@babel/traverse/-/traverse-7.29.8.tgz 1974ms (cache miss)
3321 http fetch GET 200 https://registry.npmjs.org/hermes-parser/-/hermes-parser-0.25.1.tgz 1977ms (cache miss)
3322 http fetch GET 200 https://registry.npmjs.org/iterator.prototype/-/iterator.prototype-1.1.5.tgz 2022ms (cache miss)
3323 http fetch GET 200 https://registry.npmjs.org/@babel/types/-/types-7.29.8.tgz 2063ms (cache miss)
3324 http fetch GET 200 https://registry.npmjs.org/@babel/helper-validator-identifier/-/helper-validator-identifier-7.29.7.tgz 2106ms (cache miss)
3325 http fetch GET 200 https://registry.npmjs.org/@babel/code-frame/-/code-frame-7.29.7.tgz 2124ms (cache miss)
3326 http fetch GET 200 https://registry.npmjs.org/@babel/helper-compilation-targets/-/helper-compilation-targets-7.29.7.tgz 2129ms (cache miss)
3327 http fetch GET 200 https://registry.npmjs.org/zod-validation-error/-/zod-validation-error-4.0.2.tgz 2133ms (cache miss)
3328 http fetch GET 200 https://registry.npmjs.org/object.entries/-/object.entries-1.1.9.tgz 2163ms (cache miss)
3329 http fetch GET 200 https://registry.npmjs.org/string.prototype.matchall/-/string.prototype.matchall-4.0.12.tgz 2175ms (cache miss)
3330 http fetch GET 200 https://registry.npmjs.org/estraverse/-/estraverse-5.3.0.tgz 2189ms (cache miss)
3331 http fetch GET 200 https://registry.npmjs.org/lightningcss-darwin-arm64/-/lightningcss-darwin-arm64-1.32.0.tgz 2202ms (cache miss)
3332 http fetch GET 200 https://registry.npmjs.org/@babel/helper-module-transforms/-/helper-module-transforms-7.29.7.tgz 2198ms (cache miss)
3333 http fetch GET 200 https://registry.npmjs.org/string.prototype.repeat/-/string.prototype.repeat-1.0.0.tgz 2219ms (cache miss)
3334 http fetch GET 200 https://registry.npmjs.org/@babel/template/-/template-7.29.7.tgz 2222ms (cache miss)
3335 http fetch GET 200 https://registry.npmjs.org/array.prototype.tosorted/-/array.prototype.tosorted-1.1.4.tgz 2230ms (cache miss)
3336 http fetch GET 200 https://registry.npmjs.org/array.prototype.findlast/-/array.prototype.findlast-1.2.5.tgz 2238ms (cache miss)
3337 http fetch GET 200 https://registry.npmjs.org/zod/-/zod-4.4.3.tgz 2301ms (cache miss)
3338 http fetch GET 200 https://registry.npmjs.org/language-tags/-/language-tags-1.0.9.tgz 2308ms (cache miss)
3339 http fetch GET 200 https://registry.npmjs.org/string.prototype.includes/-/string.prototype.includes-2.0.1.tgz 2314ms (cache miss)
3340 http fetch GET 200 https://registry.npmjs.org/damerau-levenshtein/-/damerau-levenshtein-1.0.8.tgz 2314ms (cache miss)
3341 http fetch GET 200 https://registry.npmjs.org/ast-types-flow/-/ast-types-flow-0.0.8.tgz 2315ms (cache miss)
3342 http fetch GET 200 https://registry.npmjs.org/es-iterator-helpers/-/es-iterator-helpers-1.4.0.tgz 2317ms (cache miss)
3343 http fetch GET 200 https://registry.npmjs.org/emoji-regex/-/emoji-regex-9.2.2.tgz 2316ms (cache miss)
3344 http fetch GET 200 https://registry.npmjs.org/@babel/helpers/-/helpers-7.29.7.tgz 2344ms (cache miss)
3345 http fetch GET 200 https://registry.npmjs.org/is-date-object/-/is-date-object-1.1.0.tgz 2345ms (cache miss)
3346 http fetch GET 200 https://registry.npmjs.org/is-symbol/-/is-symbol-1.1.1.tgz 2345ms (cache miss)
3347 http fetch GET 200 https://registry.npmjs.org/axobject-query/-/axobject-query-4.1.0.tgz 2353ms (cache miss)
3348 http fetch GET 200 https://registry.npmjs.org/has-tostringtag/-/has-tostringtag-1.0.2.tgz 2362ms (cache miss)
3349 http fetch GET 200 https://registry.npmjs.org/es-abstract-get/-/es-abstract-get-1.0.0.tgz 2366ms (cache miss)
3350 http fetch GET 200 https://registry.npmjs.org/which-typed-array/-/which-typed-array-1.1.22.tgz 2367ms (cache miss)
3351 http fetch GET 200 https://registry.npmjs.org/jsx-ast-utils/-/jsx-ast-utils-3.3.5.tgz 2373ms (cache miss)
3352 http fetch GET 200 https://registry.npmjs.org/prop-types/-/prop-types-15.8.1.tgz 2382ms (cache miss)
3353 http fetch GET 200 https://registry.npmjs.org/aria-query/-/aria-query-5.3.2.tgz 2396ms (cache miss)
3354 http fetch GET 200 https://registry.npmjs.org/typed-array-length/-/typed-array-length-1.0.8.tgz 2450ms (cache miss)
3355 http fetch GET 200 https://registry.npmjs.org/typed-array-byte-offset/-/typed-array-byte-offset-1.0.4.tgz 2449ms (cache miss)
3356 http fetch GET 200 https://registry.npmjs.org/possible-typed-array-names/-/possible-typed-array-names-1.1.0.tgz 2451ms (cache miss)
3357 http fetch GET 200 https://registry.npmjs.org/unbox-primitive/-/unbox-primitive-1.1.0.tgz 2454ms (cache miss)
3358 http fetch GET 200 https://registry.npmjs.org/typed-array-byte-length/-/typed-array-byte-length-1.0.3.tgz 2460ms (cache miss)
3359 http fetch GET 200 https://registry.npmjs.org/set-proto/-/set-proto-1.0.0.tgz 2461ms (cache miss)
3360 http fetch GET 200 https://registry.npmjs.org/string.prototype.trim/-/string.prototype.trim-1.2.11.tgz 2464ms (cache miss)
3361 http fetch GET 200 https://registry.npmjs.org/string.prototype.trimstart/-/string.prototype.trimstart-1.0.8.tgz 2473ms (cache miss)
3362 http fetch GET 200 https://registry.npmjs.org/safe-push-apply/-/safe-push-apply-1.0.0.tgz 2479ms (cache miss)
3363 http fetch GET 200 https://registry.npmjs.org/typed-array-buffer/-/typed-array-buffer-1.0.3.tgz 2480ms (cache miss)
3364 http fetch GET 200 https://registry.npmjs.org/safe-regex-test/-/safe-regex-test-1.1.0.tgz 2480ms (cache miss)
3365 http fetch GET 200 https://registry.npmjs.org/safe-array-concat/-/safe-array-concat-1.1.4.tgz 2493ms (cache miss)
3366 http fetch GET 200 https://registry.npmjs.org/stop-iteration-iterator/-/stop-iteration-iterator-1.1.0.tgz 2507ms (cache miss)
3367 http fetch GET 200 https://registry.npmjs.org/is-set/-/is-set-2.0.3.tgz 2505ms (cache miss)
3368 http fetch GET 200 https://registry.npmjs.org/is-typed-array/-/is-typed-array-1.1.15.tgz 2506ms (cache miss)
3369 http fetch GET 200 https://registry.npmjs.org/object.assign/-/object.assign-4.1.7.tgz 2509ms (cache miss)
3370 http fetch GET 200 https://registry.npmjs.org/regexp.prototype.flags/-/regexp.prototype.flags-1.5.4.tgz 2510ms (cache miss)
3371 http fetch GET 200 https://registry.npmjs.org/is-shared-array-buffer/-/is-shared-array-buffer-1.0.4.tgz 2516ms (cache miss)
3372 http fetch GET 200 https://registry.npmjs.org/is-regex/-/is-regex-1.2.1.tgz 2541ms (cache miss)
3373 http fetch GET 200 https://registry.npmjs.org/object-inspect/-/object-inspect-1.13.4.tgz 2556ms (cache miss)
3374 http fetch GET 200 https://registry.npmjs.org/is-callable/-/is-callable-1.2.7.tgz 2559ms (cache miss)
3375 http fetch GET 200 https://registry.npmjs.org/own-keys/-/own-keys-1.0.2.tgz 2561ms (cache miss)
3376 http fetch GET 200 https://registry.npmjs.org/is-array-buffer/-/is-array-buffer-3.0.5.tgz 2561ms (cache miss)
3377 http fetch GET 200 https://registry.npmjs.org/is-negative-zero/-/is-negative-zero-2.0.3.tgz 2563ms (cache miss)
3378 http fetch GET 200 https://registry.npmjs.org/has-symbols/-/has-symbols-1.1.0.tgz 2563ms (cache miss)
3379 http fetch GET 200 https://registry.npmjs.org/has-proto/-/has-proto-1.2.0.tgz 2566ms (cache miss)
3380 http fetch GET 200 https://registry.npmjs.org/is-weakref/-/is-weakref-1.1.1.tgz 2583ms (cache miss)
3381 http fetch GET 200 https://registry.npmjs.org/internal-slot/-/internal-slot-1.1.0.tgz 2586ms (cache miss)
3382 http fetch GET 200 https://registry.npmjs.org/is-data-view/-/is-data-view-1.0.2.tgz 2592ms (cache miss)
3383 http fetch GET 200 https://registry.npmjs.org/globalthis/-/globalthis-1.0.4.tgz 2591ms (cache miss)
3384 http fetch GET 200 https://registry.npmjs.org/axe-core/-/axe-core-4.12.1.tgz 2603ms (cache miss)
3385 http fetch GET 200 https://registry.npmjs.org/get-symbol-description/-/get-symbol-description-1.1.0.tgz 2602ms (cache miss)
3386 http fetch GET 200 https://registry.npmjs.org/es-set-tostringtag/-/es-set-tostringtag-2.1.0.tgz 2611ms (cache miss)
3387 http fetch GET 200 https://registry.npmjs.org/data-view-byte-length/-/data-view-byte-length-1.0.2.tgz 2617ms (cache miss)
3388 http fetch GET 200 https://registry.npmjs.org/data-view-byte-offset/-/data-view-byte-offset-1.0.1.tgz 2617ms (cache miss)
3389 http fetch GET 200 https://registry.npmjs.org/function.prototype.name/-/function.prototype.name-1.2.0.tgz 2619ms (cache miss)
3390 http fetch GET 200 https://registry.npmjs.org/available-typed-arrays/-/available-typed-arrays-1.0.7.tgz 2618ms (cache miss)
3391 http fetch GET 200 https://registry.npmjs.org/es-to-primitive/-/es-to-primitive-1.3.4.tgz 2619ms (cache miss)
3392 http fetch GET 200 https://registry.npmjs.org/@babel/parser/-/parser-7.29.8.tgz 2630ms (cache miss)
3393 http fetch GET 200 https://registry.npmjs.org/data-view-buffer/-/data-view-buffer-1.0.2.tgz 2622ms (cache miss)
3394 http fetch GET 200 https://registry.npmjs.org/array-buffer-byte-length/-/array-buffer-byte-length-1.0.2.tgz 2622ms (cache miss)
3395 http fetch GET 200 https://registry.npmjs.org/gopd/-/gopd-1.2.0.tgz 2628ms (cache miss)
3396 http fetch GET 200 https://registry.npmjs.org/object-keys/-/object-keys-1.1.1.tgz 2639ms (cache miss)
3397 http fetch GET 200 https://registry.npmjs.org/set-function-length/-/set-function-length-1.2.2.tgz 2647ms (cache miss)
3398 http fetch GET 200 https://registry.npmjs.org/es-shim-unscopables/-/es-shim-unscopables-1.1.0.tgz 2657ms (cache miss)
3399 http fetch GET 200 https://registry.npmjs.org/has-property-descriptors/-/has-property-descriptors-1.0.2.tgz 2658ms (cache miss)
3400 http fetch GET 200 https://registry.npmjs.org/define-data-property/-/define-data-property-1.1.4.tgz 2658ms (cache miss)
3401 http fetch GET 200 https://registry.npmjs.org/math-intrinsics/-/math-intrinsics-1.1.0.tgz 2658ms (cache miss)
3402 http fetch GET 200 https://registry.npmjs.org/get-proto/-/get-proto-1.0.1.tgz 2658ms (cache miss)
3403 http fetch GET 200 https://registry.npmjs.org/function-bind/-/function-bind-1.1.2.tgz 2665ms (cache miss)
3404 http fetch GET 200 https://registry.npmjs.org/is-string/-/is-string-1.1.1.tgz 2666ms (cache miss)
3405 http fetch GET 200 https://registry.npmjs.org/call-bind-apply-helpers/-/call-bind-apply-helpers-1.0.2.tgz 2666ms (cache miss)
3406 http fetch GET 200 https://registry.npmjs.org/arraybuffer.prototype.slice/-/arraybuffer.prototype.slice-1.0.4.tgz 2668ms (cache miss)
3407 http fetch GET 200 https://registry.npmjs.org/es-define-property/-/es-define-property-1.0.1.tgz 2679ms (cache miss)
3408 http fetch GET 200 https://registry.npmjs.org/call-bound/-/call-bound-1.0.4.tgz 2703ms (cache miss)
3409 http fetch GET 200 https://registry.npmjs.org/call-bind/-/call-bind-1.0.9.tgz 2706ms (cache miss)
3410 http fetch GET 200 https://registry.npmjs.org/define-properties/-/define-properties-1.2.1.tgz 2706ms (cache miss)
3411 http fetch GET 200 https://registry.npmjs.org/get-intrinsic/-/get-intrinsic-1.3.0.tgz 2708ms (cache miss)
3412 http fetch GET 200 https://registry.npmjs.org/string.prototype.trimend/-/string.prototype.trimend-1.0.10.tgz 2707ms (cache miss)
3413 http fetch GET 200 https://registry.npmjs.org/object.groupby/-/object.groupby-1.0.3.tgz 2707ms (cache miss)
3414 http fetch GET 200 https://registry.npmjs.org/semver/-/semver-6.3.1.tgz 2723ms (cache miss)
3415 http fetch GET 200 https://registry.npmjs.org/es-object-atoms/-/es-object-atoms-1.1.2.tgz 2724ms (cache miss)
3416 http fetch GET 200 https://registry.npmjs.org/object.fromentries/-/object.fromentries-2.0.8.tgz 2730ms (cache miss)
3417 http fetch GET 200 https://registry.npmjs.org/tsconfig-paths/-/tsconfig-paths-3.15.0.tgz 2735ms (cache miss)
3418 http fetch GET 200 https://registry.npmjs.org/array.prototype.flat/-/array.prototype.flat-1.3.3.tgz 2742ms (cache miss)
3419 http fetch GET 200 https://registry.npmjs.org/array.prototype.findlastindex/-/array.prototype.findlastindex-1.2.6.tgz 2743ms (cache miss)
3420 http fetch GET 200 https://registry.npmjs.org/array.prototype.flatmap/-/array.prototype.flatmap-1.3.3.tgz 2744ms (cache miss)
3421 http fetch GET 200 https://registry.npmjs.org/eslint-module-utils/-/eslint-module-utils-2.14.0.tgz 2747ms (cache miss)
3422 http fetch GET 200 https://registry.npmjs.org/doctrine/-/doctrine-2.1.0.tgz 2756ms (cache miss)
3423 http fetch GET 200 https://registry.npmjs.org/es-errors/-/es-errors-1.3.0.tgz 2759ms (cache miss)
3424 http fetch GET 200 https://registry.npmjs.org/array-includes/-/array-includes-3.1.9.tgz 2761ms (cache miss)
3425 http fetch GET 200 https://registry.npmjs.org/@babel/generator/-/generator-7.29.8.tgz 2777ms (cache miss)
3426 http fetch GET 200 https://registry.npmjs.org/hasown/-/hasown-2.0.4.tgz 2782ms (cache miss)
3427 http fetch GET 200 https://registry.npmjs.org/tinyglobby/-/tinyglobby-0.2.17.tgz 2784ms (cache miss)
3428 http fetch GET 200 https://registry.npmjs.org/stable-hash/-/stable-hash-0.0.5.tgz 2785ms (cache miss)
3429 http fetch GET 200 https://registry.npmjs.org/is-bun-module/-/is-bun-module-2.0.0.tgz 2785ms (cache miss)
3430 http fetch GET 200 https://registry.npmjs.org/unrs-resolver/-/unrs-resolver-1.12.2.tgz 2792ms (cache miss)
3431 http fetch GET 200 https://registry.npmjs.org/is-core-module/-/is-core-module-2.16.2.tgz 2791ms (cache miss)
3432 http fetch GET 200 https://registry.npmjs.org/typescript-eslint/-/typescript-eslint-8.65.0.tgz 2796ms (cache miss)
3433 http fetch GET 200 https://registry.npmjs.org/eslint-import-resolver-node/-/eslint-import-resolver-node-0.3.10.tgz 2826ms (cache miss)
3434 http fetch GET 200 https://registry.npmjs.org/@babel/core/-/core-7.29.7.tgz 2839ms (cache miss)
3435 http fetch GET 200 https://registry.npmjs.org/fast-glob/-/fast-glob-3.3.1.tgz 2833ms (cache miss)
3436 http fetch GET 200 https://registry.npmjs.org/get-tsconfig/-/get-tsconfig-4.14.0.tgz 2861ms (cache miss)
3437 http fetch GET 200 https://registry.npmjs.org/ms/-/ms-2.1.3.tgz 2863ms (cache miss)
3438 http fetch GET 200 https://registry.npmjs.org/eslint-import-resolver-typescript/-/eslint-import-resolver-typescript-3.10.1.tgz 2870ms (cache miss)
3439 http fetch GET 200 https://registry.npmjs.org/object.values/-/object.values-1.2.1.tgz 2879ms (cache miss)
3440 http fetch GET 200 https://registry.npmjs.org/shebang-command/-/shebang-command-2.0.0.tgz 2914ms (cache miss)
3441 http fetch GET 200 https://registry.npmjs.org/path-key/-/path-key-3.1.1.tgz 2914ms (cache miss)
3442 http fetch GET 200 https://registry.npmjs.org/color-name/-/color-name-1.1.4.tgz 2913ms (cache miss)
3443 http fetch GET 200 https://registry.npmjs.org/which/-/which-2.0.2.tgz 2915ms (cache miss)
3444 http fetch GET 200 https://registry.npmjs.org/supports-color/-/supports-color-7.2.0.tgz 2921ms (cache miss)
3445 http fetch GET 200 https://registry.npmjs.org/ansi-styles/-/ansi-styles-4.3.0.tgz 2928ms (cache miss)
3446 http fetch GET 200 https://registry.npmjs.org/resolve/-/resolve-2.0.0-next.7.tgz 2936ms (cache miss)
3447 http fetch GET 200 https://registry.npmjs.org/color-convert/-/color-convert-2.0.1.tgz 2946ms (cache miss)
3448 http fetch GET 200 https://registry.npmjs.org/fast-json-stable-stringify/-/fast-json-stable-stringify-2.1.0.tgz 2951ms (cache miss)
3449 http fetch GET 200 https://registry.npmjs.org/json-schema-traverse/-/json-schema-traverse-0.4.1.tgz 2951ms (cache miss)
3450 http fetch GET 200 https://registry.npmjs.org/eslint-plugin-react-hooks/-/eslint-plugin-react-hooks-7.1.1.tgz 2955ms (cache miss)
3451 http fetch GET 200 https://registry.npmjs.org/levn/-/levn-0.4.1.tgz 3001ms (cache miss)
3452 http fetch GET 200 https://registry.npmjs.org/import-fresh/-/import-fresh-3.3.1.tgz 3004ms (cache miss)
3453 http fetch GET 200 https://registry.npmjs.org/globals/-/globals-14.0.0.tgz 3005ms (cache miss)
3454 http fetch GET 200 https://registry.npmjs.org/natural-compare/-/natural-compare-1.4.0.tgz 3015ms (cache miss)
3455 http fetch GET 200 https://registry.npmjs.org/eslint-plugin-jsx-a11y/-/eslint-plugin-jsx-a11y-6.10.2.tgz 3024ms (cache miss)
3456 http fetch GET 200 https://registry.npmjs.org/optionator/-/optionator-0.9.4.tgz 3025ms (cache miss)
3457 http fetch GET 200 https://registry.npmjs.org/lodash.merge/-/lodash.merge-4.6.2.tgz 3025ms (cache miss)
3458 http fetch GET 200 https://registry.npmjs.org/json-stable-stringify-without-jsonify/-/json-stable-stringify-without-jsonify-1.0.1.tgz 3047ms (cache miss)
3459 http fetch GET 200 https://registry.npmjs.org/is-glob/-/is-glob-4.0.3.tgz 3065ms (cache miss)
3460 http fetch GET 200 https://registry.npmjs.org/ignore/-/ignore-5.3.2.tgz 3070ms (cache miss)
3461 http fetch GET 200 https://registry.npmjs.org/imurmurhash/-/imurmurhash-0.1.4.tgz 3073ms (cache miss)
3462 http fetch GET 200 https://registry.npmjs.org/@nolyfill/is-core-module/-/is-core-module-1.0.39.tgz 3085ms (cache miss)
3463 http fetch GET 200 https://registry.npmjs.org/uri-js/-/uri-js-4.4.1.tgz 3087ms (cache miss)
3464 http fetch GET 200 https://registry.npmjs.org/minimatch/-/minimatch-3.1.5.tgz 3097ms (cache miss)
3465 http fetch GET 200 https://registry.npmjs.org/glob-parent/-/glob-parent-6.0.2.tgz 3104ms (cache miss)
3466 http fetch GET 200 https://registry.npmjs.org/find-up/-/find-up-5.0.0.tgz 3108ms (cache miss)
3467 http fetch GET 200 https://registry.npmjs.org/file-entry-cache/-/file-entry-cache-8.0.0.tgz 3109ms (cache miss)
3468 http fetch GET 200 https://registry.npmjs.org/fast-deep-equal/-/fast-deep-equal-3.1.3.tgz 3134ms (cache miss)
3469 http fetch GET 200 https://registry.npmjs.org/esutils/-/esutils-2.0.3.tgz 3138ms (cache miss)
3470 http fetch GET 200 https://registry.npmjs.org/eslint-visitor-keys/-/eslint-visitor-keys-4.2.1.tgz 3141ms (cache miss)
3471 http fetch GET 200 https://registry.npmjs.org/js-yaml/-/js-yaml-4.3.1.tgz 3153ms (cache miss)
3472 http fetch GET 200 https://registry.npmjs.org/espree/-/espree-10.4.0.tgz 3151ms (cache miss)
3473 http fetch GET 200 https://registry.npmjs.org/escape-string-regexp/-/escape-string-regexp-4.0.0.tgz 3169ms (cache miss)
3474 http fetch GET 200 https://registry.npmjs.org/eslint-scope/-/eslint-scope-8.4.0.tgz 3174ms (cache miss)
3475 http fetch GET 200 https://registry.npmjs.org/es-abstract/-/es-abstract-1.24.2.tgz 3190ms (cache miss)
3476 http fetch GET 200 https://registry.npmjs.org/cross-spawn/-/cross-spawn-7.0.6.tgz 3182ms (cache miss)
3477 http fetch GET 200 https://registry.npmjs.org/debug/-/debug-4.4.3.tgz 3185ms (cache miss)
3478 http fetch GET 200 https://registry.npmjs.org/chalk/-/chalk-4.1.2.tgz 3197ms (cache miss)
3479 http fetch GET 200 https://registry.npmjs.org/strip-json-comments/-/strip-json-comments-3.1.1.tgz 3199ms (cache miss)
3480 http fetch GET 200 https://registry.npmjs.org/@types/estree/-/estree-1.0.9.tgz 3212ms (cache miss)
3481 http fetch GET 200 https://registry.npmjs.org/@humanfs/types/-/types-0.15.0.tgz 3249ms (cache miss)
3482 http fetch GET 200 https://registry.npmjs.org/eslint-plugin-react/-/eslint-plugin-react-7.37.5.tgz 3277ms (cache miss)
3483 http fetch GET 200 https://registry.npmjs.org/@rtsao/scc/-/scc-1.1.0.tgz 3283ms (cache miss)
3484 http fetch GET 200 https://registry.npmjs.org/@eslint/object-schema/-/object-schema-2.1.7.tgz 3290ms (cache miss)
3485 http fetch GET 200 https://registry.npmjs.org/@types/json-schema/-/json-schema-7.0.15.tgz 3299ms (cache miss)
3486 http fetch GET 200 https://registry.npmjs.org/esquery/-/esquery-1.7.0.tgz 3304ms (cache miss)
3487 http fetch GET 200 https://registry.npmjs.org/tapable/-/tapable-2.3.3.tgz 3360ms (cache miss)
3488 http fetch GET 200 https://registry.npmjs.org/@humanfs/core/-/core-0.19.2.tgz 3391ms (cache miss)
3489 http fetch GET 200 https://registry.npmjs.org/ajv/-/ajv-6.15.0.tgz 3398ms (cache miss)
3490 http fetch GET 200 https://registry.npmjs.org/eslint-plugin-import/-/eslint-plugin-import-2.32.0.tgz 3404ms (cache miss)
3491 http fetch GET 200 https://registry.npmjs.org/graceful-fs/-/graceful-fs-4.2.11.tgz 3414ms (cache miss)
3492 http fetch GET 200 https://registry.npmjs.org/undici-types/-/undici-types-6.21.0.tgz 3465ms (cache miss)
3493 http fetch GET 200 https://registry.npmjs.org/@next/eslint-plugin-next/-/eslint-plugin-next-16.2.12.tgz 3506ms (cache miss)
3494 http fetch GET 200 https://registry.npmjs.org/@eslint/core/-/core-0.17.0.tgz 3544ms (cache miss)
3495 http fetch GET 200 https://registry.npmjs.org/@humanwhocodes/retry/-/retry-0.4.3.tgz 3602ms (cache miss)
3496 http fetch GET 200 https://registry.npmjs.org/@eslint/plugin-kit/-/plugin-kit-0.4.1.tgz 3614ms (cache miss)
3497 http fetch GET 200 https://registry.npmjs.org/@eslint/config-helpers/-/config-helpers-0.4.2.tgz 3618ms (cache miss)
3498 http fetch GET 200 https://registry.npmjs.org/csstype/-/csstype-3.2.3.tgz 3618ms (cache miss)
3499 http fetch GET 200 https://registry.npmjs.org/source-map-js/-/source-map-js-1.2.1.tgz 3649ms (cache miss)
3500 http fetch GET 200 https://registry.npmjs.org/magic-string/-/magic-string-0.30.21.tgz 3688ms (cache miss)
3501 http fetch GET 200 https://registry.npmjs.org/@humanwhocodes/module-importer/-/module-importer-1.0.1.tgz 3740ms (cache miss)
3502 http fetch GET 200 https://registry.npmjs.org/@eslint/js/-/js-9.39.5.tgz 3747ms (cache miss)
3503 http fetch GET 200 https://registry.npmjs.org/@eslint/eslintrc/-/eslintrc-3.3.6.tgz 3749ms (cache miss)
3504 http fetch GET 200 https://registry.npmjs.org/@eslint-community/eslint-utils/-/eslint-utils-4.10.1.tgz 3764ms (cache miss)
3505 http fetch GET 200 https://registry.npmjs.org/postcss/-/postcss-8.5.25.tgz 3792ms (cache miss)
3506 http fetch GET 200 https://registry.npmjs.org/@eslint/config-array/-/config-array-0.21.2.tgz 3825ms (cache miss)
3507 http fetch GET 200 https://registry.npmjs.org/@eslint-community/regexpp/-/regexpp-4.12.2.tgz 3864ms (cache miss)
3508 http fetch GET 200 https://registry.npmjs.org/@jridgewell/trace-mapping/-/trace-mapping-0.3.31.tgz 3888ms (cache miss)
3509 http fetch GET 200 https://registry.npmjs.org/lightningcss/-/lightningcss-1.32.0.tgz 3911ms (cache miss)
3510 http fetch GET 200 https://registry.npmjs.org/@jridgewell/sourcemap-codec/-/sourcemap-codec-1.5.5.tgz 3913ms (cache miss)
3511 http fetch GET 200 https://registry.npmjs.org/@tailwindcss/node/-/node-4.3.3.tgz 3939ms (cache miss)
3512 http fetch GET 200 https://registry.npmjs.org/jiti/-/jiti-2.7.0.tgz 3953ms (cache miss)
3513 http fetch GET 200 https://registry.npmjs.org/enhanced-resolve/-/enhanced-resolve-5.24.5.tgz 3954ms (cache miss)
3514 http fetch GET 200 https://registry.npmjs.org/@jridgewell/resolve-uri/-/resolve-uri-3.1.2.tgz 3970ms (cache miss)
3515 http fetch GET 200 https://registry.npmjs.org/@humanfs/node/-/node-0.16.8.tgz 4084ms (cache miss)
3516 http fetch GET 200 https://registry.npmjs.org/@jridgewell/remapping/-/remapping-2.3.5.tgz 4096ms (cache miss)
3517 http fetch GET 200 https://registry.npmjs.org/@tailwindcss/oxide/-/oxide-4.3.3.tgz 4126ms (cache miss)
3518 http fetch GET 200 https://registry.npmjs.org/react/-/react-19.2.4.tgz 4132ms (cache miss)
3519 http fetch GET 200 https://registry.npmjs.org/eslint-config-next/-/eslint-config-next-16.2.12.tgz 4132ms (cache miss)
3520 http fetch GET 200 https://registry.npmjs.org/@jridgewell/gen-mapping/-/gen-mapping-0.3.13.tgz 4205ms (cache miss)
3521 http fetch GET 200 https://registry.npmjs.org/@alloc/quick-lru/-/quick-lru-5.2.0.tgz 4293ms (cache miss)
3522 http fetch GET 200 https://registry.npmjs.org/brace-expansion/-/brace-expansion-5.0.9.tgz 4292ms (cache miss)
3523 http fetch GET 200 https://registry.npmjs.org/semver/-/semver-7.8.5.tgz 4296ms (cache miss)
3524 http fetch GET 200 https://registry.npmjs.org/@img/sharp-libvips-darwin-arm64/-/sharp-libvips-darwin-arm64-1.2.4.tgz 4346ms (cache miss)
3525 http fetch GET 200 https://registry.npmjs.org/balanced-match/-/balanced-match-4.0.4.tgz 4347ms (cache miss)
3526 http fetch GET 200 https://registry.npmjs.org/fdir/-/fdir-6.5.0.tgz 4349ms (cache miss)
3527 http fetch GET 200 https://registry.npmjs.org/semver/-/semver-7.8.5.tgz 4385ms (cache miss)
3528 http fetch GET 200 https://registry.npmjs.org/eslint-visitor-keys/-/eslint-visitor-keys-5.0.1.tgz 4443ms (cache miss)
3529 http fetch GET 200 https://registry.npmjs.org/json5/-/json5-1.0.2.tgz 4444ms (cache miss)
3530 http fetch GET 200 https://registry.npmjs.org/@types/react-dom/-/react-dom-19.2.4.tgz 4448ms (cache miss)
3531 http fetch GET 200 https://registry.npmjs.org/@tailwindcss/postcss/-/postcss-4.3.3.tgz 4477ms (cache miss)
3532 http fetch GET 200 https://registry.npmjs.org/picomatch/-/picomatch-4.0.5.tgz 4477ms (cache miss)
3533 http fetch GET 200 https://registry.npmjs.org/tailwindcss/-/tailwindcss-4.3.3.tgz 4506ms (cache miss)
3534 http fetch GET 200 https://registry.npmjs.org/ignore/-/ignore-7.0.6.tgz 4523ms (cache miss)
3535 http fetch GET 200 https://registry.npmjs.org/debug/-/debug-3.2.7.tgz 4530ms (cache miss)
3536 http fetch GET 200 https://registry.npmjs.org/minimatch/-/minimatch-10.2.6.tgz 4560ms (cache miss)
3537 http fetch GET 200 https://registry.npmjs.org/debug/-/debug-3.2.7.tgz 4571ms (cache miss)
3538 http fetch GET 200 https://registry.npmjs.org/@types/react/-/react-19.2.18.tgz 4574ms (cache miss)
3539 http fetch GET 200 https://registry.npmjs.org/eslint-visitor-keys/-/eslint-visitor-keys-3.4.3.tgz 4596ms (cache miss)
3540 http fetch GET 200 https://registry.npmjs.org/globals/-/globals-16.4.0.tgz 4597ms (cache miss)
3541 http fetch GET 200 https://registry.npmjs.org/debug/-/debug-3.2.7.tgz 4597ms (cache miss)
3542 http fetch GET 200 https://registry.npmjs.org/semver/-/semver-7.8.5.tgz 4603ms (cache miss)
3543 http fetch GET 200 https://registry.npmjs.org/brace-expansion 4411ms (cache miss)
3544 silly packumentCache corgi:https://registry.npmjs.org/brace-expansion set size:undefined disposed:false
3545 http fetch GET 200 https://registry.npmjs.org/glob-parent/-/glob-parent-5.1.2.tgz 4632ms (cache miss)
3546 http fetch GET 200 https://registry.npmjs.org/postcss 4437ms (cache miss)
3547 silly packumentCache corgi:https://registry.npmjs.org/postcss set size:undefined disposed:false
3548 http fetch GET 200 https://registry.npmjs.org/sharp 4446ms (cache miss)
3549 silly packumentCache corgi:https://registry.npmjs.org/sharp set size:undefined disposed:false
3550 silly packumentCache corgi:https://registry.npmjs.org/next cache-miss
3551 http fetch GET 200 https://registry.npmjs.org/postcss/-/postcss-8.4.31.tgz 4684ms (cache miss)
3552 http fetch GET 200 https://registry.npmjs.org/@types/node/-/node-20.19.43.tgz 4889ms (cache miss)
3553 http fetch GET 200 https://registry.npmjs.org/eslint/-/eslint-9.39.5.tgz 4937ms (cache miss)
3554 http fetch GET 200 https://registry.npmjs.org/react-dom/-/react-dom-19.2.4.tgz 5323ms (cache miss)
3555 http fetch GET 200 https://registry.npmjs.org/typescript/-/typescript-5.9.3.tgz 6001ms (cache miss)
3556 http fetch GET 200 https://registry.npmjs.org/next 1494ms (cache miss)
3557 silly packumentCache corgi:https://registry.npmjs.org/next set size:undefined disposed:false
3558 silly packumentCache corgi:https://registry.npmjs.org/minimatch cache-miss
3559 http fetch GET 200 https://registry.npmjs.org/minimatch 90ms (cache miss)
3560 silly packumentCache corgi:https://registry.npmjs.org/minimatch set size:undefined disposed:false
3561 http fetch GET 200 https://registry.npmjs.org/@tailwindcss/oxide-darwin-arm64/-/oxide-darwin-arm64-4.3.3.tgz 6668ms (cache miss)
3562 silly packumentCache corgi:https://registry.npmjs.org/eslint cache-miss
3563 silly packumentCache corgi:https://registry.npmjs.org/@eslint%2fconfig-array cache-miss
3564 silly packumentCache corgi:https://registry.npmjs.org/@eslint%2feslintrc cache-miss
3565 silly packumentCache corgi:https://registry.npmjs.org/eslint-plugin-import cache-miss
3566 silly packumentCache corgi:https://registry.npmjs.org/eslint-plugin-jsx-a11y cache-miss
3567 silly packumentCache corgi:https://registry.npmjs.org/eslint-plugin-react cache-miss
3568 http fetch GET 200 https://registry.npmjs.org/@eslint%2fconfig-array 62ms (cache miss)
3569 silly packumentCache corgi:https://registry.npmjs.org/@eslint%2fconfig-array set size:undefined disposed:false
3570 http fetch GET 200 https://registry.npmjs.org/eslint-plugin-jsx-a11y 81ms (cache miss)
3571 silly packumentCache corgi:https://registry.npmjs.org/eslint-plugin-jsx-a11y set size:undefined disposed:false
3572 http fetch GET 200 https://registry.npmjs.org/eslint 114ms (cache miss)
3573 silly packumentCache corgi:https://registry.npmjs.org/eslint set size:undefined disposed:false
3574 http fetch GET 200 https://registry.npmjs.org/eslint-plugin-import 129ms (cache miss)
3575 silly packumentCache corgi:https://registry.npmjs.org/eslint-plugin-import set size:undefined disposed:false
3576 http fetch GET 200 https://registry.npmjs.org/@eslint%2feslintrc 133ms (cache miss)
3577 silly packumentCache corgi:https://registry.npmjs.org/@eslint%2feslintrc set size:undefined disposed:false
3578 http fetch GET 200 https://registry.npmjs.org/eslint-plugin-react 206ms (cache miss)
3579 silly packumentCache corgi:https://registry.npmjs.org/eslint-plugin-react set size:undefined disposed:false
3580 silly packumentCache corgi:https://registry.npmjs.org/eslint-config-next cache-miss
3581 http fetch GET 200 https://registry.npmjs.org/eslint-config-next 1052ms (cache miss)
3582 silly packumentCache corgi:https://registry.npmjs.org/eslint-config-next set size:undefined disposed:false
3583 silly packumentCache corgi:https://registry.npmjs.org/@eslint-community%2feslint-utils cache-miss
3584 silly packumentCache corgi:https://registry.npmjs.org/eslint-import-resolver-typescript cache-miss
3585 silly packumentCache corgi:https://registry.npmjs.org/eslint-plugin-react-hooks cache-miss
3586 silly packumentCache corgi:https://registry.npmjs.org/typescript-eslint cache-miss
3587 silly packumentCache corgi:https://registry.npmjs.org/@typescript-eslint%2feslint-plugin cache-miss
3588 silly packumentCache corgi:https://registry.npmjs.org/@typescript-eslint%2fparser cache-miss
3589 silly packumentCache corgi:https://registry.npmjs.org/@typescript-eslint%2futils cache-miss
3590 silly packumentCache corgi:https://registry.npmjs.org/@typescript-eslint%2ftype-utils cache-miss
3591 http fetch GET 200 https://registry.npmjs.org/@eslint-community%2feslint-utils 172ms (cache miss)
3592 silly packumentCache corgi:https://registry.npmjs.org/@eslint-community%2feslint-utils set size:undefined disposed:false
3593 http fetch GET 200 https://registry.npmjs.org/eslint-import-resolver-typescript 447ms (cache miss)
3594 silly packumentCache corgi:https://registry.npmjs.org/eslint-import-resolver-typescript set size:undefined disposed:false
3595 http fetch GET 200 https://registry.npmjs.org/@typescript-eslint%2futils 2278ms (cache miss)
3596 silly packumentCache corgi:https://registry.npmjs.org/@typescript-eslint%2futils set size:undefined disposed:false
3597 http fetch GET 200 https://registry.npmjs.org/typescript-eslint 2687ms (cache miss)
3598 silly packumentCache corgi:https://registry.npmjs.org/typescript-eslint set size:undefined disposed:false
3599 http fetch GET 200 https://registry.npmjs.org/@typescript-eslint%2fparser 2944ms (cache miss)
3600 silly packumentCache corgi:https://registry.npmjs.org/@typescript-eslint%2fparser set size:undefined disposed:false
3601 http fetch GET 200 https://registry.npmjs.org/@typescript-eslint%2ftype-utils 3147ms (cache miss)
3602 silly packumentCache corgi:https://registry.npmjs.org/@typescript-eslint%2ftype-utils set size:undefined disposed:false
3603 http fetch GET 200 https://registry.npmjs.org/eslint-plugin-react-hooks 3370ms (cache miss)
3604 silly packumentCache corgi:https://registry.npmjs.org/eslint-plugin-react-hooks set size:undefined disposed:false
3605 http fetch GET 200 https://registry.npmjs.org/@next/swc-darwin-arm64/-/swc-darwin-arm64-16.2.12.tgz 16487ms (cache miss)
3606 http fetch GET 200 https://registry.npmjs.org/@typescript-eslint%2feslint-plugin 9100ms (cache miss)
3607 silly packumentCache corgi:https://registry.npmjs.org/@typescript-eslint%2feslint-plugin set size:undefined disposed:false
3608 http fetch GET 200 https://registry.npmjs.org/next/-/next-16.2.12.tgz 22246ms (cache miss)
3609 info run sharp@0.34.5 install node_modules/sharp node install/check.js || npm run build
3610 info run sharp@0.34.5 install { code: 0, signal: null }
3611 info run unrs-resolver@1.12.2 postinstall node_modules/unrs-resolver node postinstall.js
3612 info run unrs-resolver@1.12.2 postinstall { code: 0, signal: null }
3613 silly ADD node_modules/is-weakset
3614 silly ADD node_modules/is-weakmap
3615 silly ADD node_modules/is-map
3616 silly ADD node_modules/generator-function
3617 silly ADD node_modules/async-function
3618 silly ADD node_modules/which-collection
3619 silly ADD node_modules/is-generator-function
3620 silly ADD node_modules/is-finalizationregistry
3621 silly ADD node_modules/is-async-function
3622 silly ADD node_modules/is-number-object
3623 silly ADD node_modules/is-boolean-object
3624 silly ADD node_modules/is-bigint
3625 silly ADD node_modules/isexe
3626 silly ADD node_modules/punycode
3627 silly ADD node_modules/escalade
3628 silly ADD node_modules/napi-postinstall
3629 silly ADD node_modules/@unrs/resolver-binding-darwin-arm64
3630 silly ADD node_modules/which-boxed-primitive
3631 silly ADD node_modules/has-bigints
3632 silly ADD node_modules/@typescript-eslint/tsconfig-utils
3633 silly ADD node_modules/@typescript-eslint/project-service
3634 silly ADD node_modules/@typescript-eslint/types
3635 silly ADD node_modules/ts-api-utils
3636 silly ADD node_modules/@typescript-eslint/visitor-keys
3637 silly ADD node_modules/@typescript-eslint/visitor-keys/node_modules/eslint-visitor-keys
3638 silly ADD node_modules/@typescript-eslint/type-utils
3639 silly ADD node_modules/@typescript-eslint/scope-manager
3640 silly ADD node_modules/@typescript-eslint/utils
3641 silly ADD node_modules/@typescript-eslint/typescript-estree
3642 silly ADD node_modules/@typescript-eslint/typescript-estree/node_modules/balanced-match
3643 silly ADD node_modules/@typescript-eslint/typescript-estree/node_modules/brace-expansion
3644 silly ADD node_modules/@typescript-eslint/typescript-estree/node_modules/semver
3645 silly ADD node_modules/@typescript-eslint/typescript-estree/node_modules/minimatch
3646 silly ADD node_modules/@typescript-eslint/parser
3647 silly ADD node_modules/@typescript-eslint/eslint-plugin
3648 silly ADD node_modules/@typescript-eslint/eslint-plugin/node_modules/ignore
3649 silly ADD node_modules/which-builtin-type
3650 silly ADD node_modules/reflect.getprototypeof
3651 silly ADD node_modules/for-each
3652 silly ADD node_modules/strip-bom
3653 silly ADD node_modules/minimist
3654 silly ADD node_modules/@types/json5
3655 silly ADD node_modules/is-number
3656 silly ADD node_modules/has-flag
3657 silly ADD node_modules/client-only
3658 silly ADD node_modules/side-channel-weakmap
3659 silly ADD node_modules/side-channel-map
3660 silly ADD node_modules/side-channel-list
3661 silly ADD node_modules/shebang-regex
3662 silly ADD node_modules/@img/sharp-libvips-darwin-arm64
3663 silly ADD node_modules/@img/sharp-darwin-arm64
3664 silly ADD node_modules/@img/colour
3665 silly ADD node_modules/isarray
3666 silly ADD node_modules/queue-microtask
3667 silly ADD node_modules/supports-preserve-symlinks-flag
3668 silly ADD node_modules/path-parse
3669 silly ADD node_modules/node-exports-info
3670 silly ADD node_modules/scheduler
3671 silly ADD node_modules/react-is
3672 silly ADD node_modules/object-assign
3673 silly ADD node_modules/loose-envify
3674 silly ADD node_modules/nanoid
3675 silly ADD node_modules/callsites
3676 silly ADD node_modules/yocto-queue
3677 silly ADD node_modules/p-limit
3678 silly ADD node_modules/word-wrap
3679 silly ADD node_modules/fast-levenshtein
3680 silly ADD node_modules/deep-is
3681 silly ADD node_modules/tslib
3682 silly ADD node_modules/styled-jsx
3683 silly ADD node_modules/sharp
3684 silly ADD node_modules/sharp/node_modules/semver
3685 silly ADD node_modules/@swc/helpers
3686 silly ADD node_modules/@next/swc-darwin-arm64
3687 silly ADD node_modules/@next/env
3688 silly ADD node_modules/concat-map
3689 silly ADD node_modules/balanced-match
3690 silly ADD node_modules/brace-expansion
3691 silly ADD node_modules/to-regex-range
3692 silly ADD node_modules/fill-range
3693 silly ADD node_modules/picomatch
3694 silly ADD node_modules/braces
3695 silly ADD node_modules/yallist
3696 silly ADD node_modules/p-locate
3697 silly ADD node_modules/lightningcss-darwin-arm64
3698 silly ADD node_modules/detect-libc
3699 silly ADD node_modules/type-check
3700 silly ADD node_modules/prelude-ls
3701 silly ADD node_modules/language-subtag-registry
3702 silly ADD node_modules/json-buffer
3703 silly ADD node_modules/argparse
3704 silly ADD node_modules/set-function-name
3705 silly ADD node_modules/is-extglob
3706 silly ADD node_modules/side-channel
3707 silly ADD node_modules/resolve-from
3708 silly ADD node_modules/parent-module
3709 silly ADD node_modules/hermes-estree
3710 silly ADD node_modules/resolve-pkg-maps
3711 silly ADD node_modules/dunder-proto
3712 silly ADD node_modules/is-document.all
3713 silly ADD node_modules/functions-have-names
3714 silly ADD node_modules/keyv
3715 silly ADD node_modules/flatted
3716 silly ADD node_modules/path-exists
3717 silly ADD node_modules/locate-path
3718 silly ADD node_modules/flat-cache
3719 silly ADD node_modules/reusify
3720 silly ADD node_modules/run-parallel
3721 silly ADD node_modules/fastq
3722 silly ADD node_modules/@nodelib/fs.scandir
3723 silly ADD node_modules/micromatch
3724 silly ADD node_modules/merge2
3725 silly ADD node_modules/@nodelib/fs.walk
3726 silly ADD node_modules/@nodelib/fs.stat
3727 silly ADD node_modules/acorn-jsx
3728 silly ADD node_modules/acorn
3729 silly ADD node_modules/esrecurse
3730 silly ADD node_modules/update-browserslist-db
3731 silly ADD node_modules/node-releases
3732 silly ADD node_modules/electron-to-chromium
3733 silly ADD node_modules/caniuse-lite
3734 silly ADD node_modules/baseline-browser-mapping
3735 silly ADD node_modules/@babel/helper-string-parser
3736 silly ADD node_modules/@babel/helper-globals
3737 silly ADD node_modules/@babel/helper-module-imports
3738 silly ADD node_modules/lru-cache
3739 silly ADD node_modules/browserslist
3740 silly ADD node_modules/@babel/helper-validator-option
3741 silly ADD node_modules/@babel/compat-data
3742 silly ADD node_modules/jsesc
3743 silly ADD node_modules/picocolors
3744 silly ADD node_modules/js-tokens
3745 silly ADD node_modules/@babel/helper-validator-identifier
3746 silly ADD node_modules/json5
3747 silly ADD node_modules/gensync
3748 silly ADD node_modules/convert-source-map
3749 silly ADD node_modules/@babel/types
3750 silly ADD node_modules/@babel/traverse
3751 silly ADD node_modules/@babel/template
3752 silly ADD node_modules/@babel/helpers
3753 silly ADD node_modules/@babel/helper-module-transforms
3754 silly ADD node_modules/@babel/helper-compilation-targets
3755 silly ADD node_modules/@babel/generator
3756 silly ADD node_modules/@babel/code-frame
3757 silly ADD node_modules/zod-validation-error
3758 silly ADD node_modules/zod
3759 silly ADD node_modules/hermes-parser
3760 silly ADD node_modules/@babel/parser
3761 silly ADD node_modules/@babel/core
3762 silly ADD node_modules/iterator.prototype
3763 silly ADD node_modules/string.prototype.repeat
3764 silly ADD node_modules/string.prototype.matchall
3765 silly ADD node_modules/prop-types
3766 silly ADD node_modules/object.entries
3767 silly ADD node_modules/estraverse
3768 silly ADD node_modules/es-iterator-helpers
3769 silly ADD node_modules/array.prototype.tosorted
3770 silly ADD node_modules/array.prototype.findlast
3771 silly ADD node_modules/string.prototype.includes
3772 silly ADD node_modules/language-tags
3773 silly ADD node_modules/jsx-ast-utils
3774 silly ADD node_modules/emoji-regex
3775 silly ADD node_modules/damerau-levenshtein
3776 silly ADD node_modules/axobject-query
3777 silly ADD node_modules/axe-core
3778 silly ADD node_modules/ast-types-flow
3779 silly ADD node_modules/aria-query
3780 silly ADD node_modules/is-symbol
3781 silly ADD node_modules/is-date-object
3782 silly ADD node_modules/es-abstract-get
3783 silly ADD node_modules/has-tostringtag
3784 silly ADD node_modules/possible-typed-array-names
3785 silly ADD node_modules/which-typed-array
3786 silly ADD node_modules/unbox-primitive
3787 silly ADD node_modules/typed-array-length
3788 silly ADD node_modules/typed-array-byte-offset
3789 silly ADD node_modules/typed-array-byte-length
3790 silly ADD node_modules/typed-array-buffer
3791 silly ADD node_modules/string.prototype.trimstart
3792 silly ADD node_modules/string.prototype.trim
3793 silly ADD node_modules/stop-iteration-iterator
3794 silly ADD node_modules/set-proto
3795 silly ADD node_modules/safe-regex-test
3796 silly ADD node_modules/safe-push-apply
3797 silly ADD node_modules/safe-array-concat
3798 silly ADD node_modules/regexp.prototype.flags
3799 silly ADD node_modules/own-keys
3800 silly ADD node_modules/object.assign
3801 silly ADD node_modules/object-inspect
3802 silly ADD node_modules/is-weakref
3803 silly ADD node_modules/is-typed-array
3804 silly ADD node_modules/is-shared-array-buffer
3805 silly ADD node_modules/is-set
3806 silly ADD node_modules/is-regex
3807 silly ADD node_modules/is-negative-zero
3808 silly ADD node_modules/is-data-view
3809 silly ADD node_modules/is-callable
3810 silly ADD node_modules/is-array-buffer
3811 silly ADD node_modules/internal-slot
3812 silly ADD node_modules/has-symbols
3813 silly ADD node_modules/has-proto
3814 silly ADD node_modules/globalthis
3815 silly ADD node_modules/get-symbol-description
3816 silly ADD node_modules/get-proto
3817 silly ADD node_modules/function.prototype.name
3818 silly ADD node_modules/es-to-primitive
3819 silly ADD node_modules/es-set-tostringtag
3820 silly ADD node_modules/data-view-byte-offset
3821 silly ADD node_modules/data-view-byte-length
3822 silly ADD node_modules/data-view-buffer
3823 silly ADD node_modules/available-typed-arrays
3824 silly ADD node_modules/arraybuffer.prototype.slice
3825 silly ADD node_modules/array-buffer-byte-length
3826 silly ADD node_modules/gopd
3827 silly ADD node_modules/object-keys
3828 silly ADD node_modules/has-property-descriptors
3829 silly ADD node_modules/define-data-property
3830 silly ADD node_modules/function-bind
3831 silly ADD node_modules/set-function-length
3832 silly ADD node_modules/es-define-property
3833 silly ADD node_modules/call-bind-apply-helpers
3834 silly ADD node_modules/es-shim-unscopables
3835 silly ADD node_modules/es-errors
3836 silly ADD node_modules/math-intrinsics
3837 silly ADD node_modules/is-string
3838 silly ADD node_modules/get-intrinsic
3839 silly ADD node_modules/es-object-atoms
3840 silly ADD node_modules/es-abstract
3841 silly ADD node_modules/define-properties
3842 silly ADD node_modules/call-bound
3843 silly ADD node_modules/call-bind
3844 silly ADD node_modules/tsconfig-paths
3845 silly ADD node_modules/tsconfig-paths/node_modules/json5
3846 silly ADD node_modules/string.prototype.trimend
3847 silly ADD node_modules/semver
3848 silly ADD node_modules/object.values
3849 silly ADD node_modules/object.groupby
3850 silly ADD node_modules/object.fromentries
3851 silly ADD node_modules/hasown
3852 silly ADD node_modules/eslint-module-utils
3853 silly ADD node_modules/eslint-module-utils/node_modules/debug
3854 silly ADD node_modules/doctrine
3855 silly ADD node_modules/array.prototype.flatmap
3856 silly ADD node_modules/array.prototype.flat
3857 silly ADD node_modules/array.prototype.findlastindex
3858 silly ADD node_modules/array-includes
3859 silly ADD node_modules/@rtsao/scc
3860 silly ADD node_modules/unrs-resolver
3861 silly ADD node_modules/tinyglobby
3862 silly ADD node_modules/tinyglobby/node_modules/picomatch
3863 silly ADD node_modules/tinyglobby/node_modules/fdir
3864 silly ADD node_modules/stable-hash
3865 silly ADD node_modules/is-bun-module
3866 silly ADD node_modules/is-bun-module/node_modules/semver
3867 silly ADD node_modules/get-tsconfig
3868 silly ADD node_modules/@nolyfill/is-core-module
3869 silly ADD node_modules/resolve
3870 silly ADD node_modules/is-core-module
3871 silly ADD node_modules/fast-glob
3872 silly ADD node_modules/fast-glob/node_modules/glob-parent
3873 silly ADD node_modules/typescript-eslint
3874 silly ADD node_modules/eslint-plugin-react-hooks
3875 silly ADD node_modules/eslint-plugin-react
3876 silly ADD node_modules/eslint-plugin-jsx-a11y
3877 silly ADD node_modules/eslint-plugin-import
3878 silly ADD node_modules/eslint-plugin-import/node_modules/debug
3879 silly ADD node_modules/eslint-import-resolver-typescript
3880 silly ADD node_modules/eslint-import-resolver-node
3881 silly ADD node_modules/eslint-import-resolver-node/node_modules/debug
3882 silly ADD node_modules/@next/eslint-plugin-next
3883 silly ADD node_modules/ms
3884 silly ADD node_modules/which
3885 silly ADD node_modules/shebang-command
3886 silly ADD node_modules/path-key
3887 silly ADD node_modules/color-name
3888 silly ADD node_modules/color-convert
3889 silly ADD node_modules/supports-color
3890 silly ADD node_modules/ansi-styles
3891 silly ADD node_modules/uri-js
3892 silly ADD node_modules/json-schema-traverse
3893 silly ADD node_modules/fast-json-stable-stringify
3894 silly ADD node_modules/@humanfs/types
3895 silly ADD node_modules/@humanfs/core
3896 silly ADD node_modules/levn
3897 silly ADD node_modules/strip-json-comments
3898 silly ADD node_modules/js-yaml
3899 silly ADD node_modules/import-fresh
3900 silly ADD node_modules/globals
3901 silly ADD node_modules/@types/json-schema
3902 silly ADD node_modules/@eslint/object-schema
3903 silly ADD node_modules/optionator
3904 silly ADD node_modules/natural-compare
3905 silly ADD node_modules/minimatch
3906 silly ADD node_modules/lodash.merge
3907 silly ADD node_modules/json-stable-stringify-without-jsonify
3908 silly ADD node_modules/is-glob
3909 silly ADD node_modules/imurmurhash
3910 silly ADD node_modules/ignore
3911 silly ADD node_modules/glob-parent
3912 silly ADD node_modules/find-up
3913 silly ADD node_modules/file-entry-cache
3914 silly ADD node_modules/fast-deep-equal
3915 silly ADD node_modules/esutils
3916 silly ADD node_modules/esquery
3917 silly ADD node_modules/espree
3918 silly ADD node_modules/eslint-visitor-keys
3919 silly ADD node_modules/eslint-scope
3920 silly ADD node_modules/escape-string-regexp
3921 silly ADD node_modules/debug
3922 silly ADD node_modules/cross-spawn
3923 silly ADD node_modules/chalk
3924 silly ADD node_modules/ajv
3925 silly ADD node_modules/@types/estree
3926 silly ADD node_modules/@humanwhocodes/retry
3927 silly ADD node_modules/@humanwhocodes/module-importer
3928 silly ADD node_modules/@humanfs/node
3929 silly ADD node_modules/@eslint/plugin-kit
3930 silly ADD node_modules/@eslint/js
3931 silly ADD node_modules/@eslint/eslintrc
3932 silly ADD node_modules/@eslint/core
3933 silly ADD node_modules/@eslint/config-helpers
3934 silly ADD node_modules/@eslint/config-array
3935 silly ADD node_modules/@eslint-community/regexpp
3936 silly ADD node_modules/@eslint-community/eslint-utils
3937 silly ADD node_modules/@eslint-community/eslint-utils/node_modules/eslint-visitor-keys
3938 silly ADD node_modules/tapable
3939 silly ADD node_modules/graceful-fs
3940 silly ADD node_modules/csstype
3941 silly ADD node_modules/undici-types
3942 silly ADD node_modules/@tailwindcss/oxide-darwin-arm64
3943 silly ADD node_modules/@jridgewell/resolve-uri
3944 silly ADD node_modules/@jridgewell/sourcemap-codec
3945 silly ADD node_modules/@jridgewell/trace-mapping
3946 silly ADD node_modules/@jridgewell/gen-mapping
3947 silly ADD node_modules/source-map-js
3948 silly ADD node_modules/magic-string
3949 silly ADD node_modules/lightningcss
3950 silly ADD node_modules/jiti
3951 silly ADD node_modules/enhanced-resolve
3952 silly ADD node_modules/@jridgewell/remapping
3953 silly ADD node_modules/postcss
3954 silly ADD node_modules/@tailwindcss/oxide
3955 silly ADD node_modules/@tailwindcss/node
3956 silly ADD node_modules/@alloc/quick-lru
3957 silly ADD node_modules/typescript
3958 silly ADD node_modules/tailwindcss
3959 silly ADD node_modules/react-dom
3960 silly ADD node_modules/react
3961 silly ADD node_modules/next
3962 silly ADD node_modules/next/node_modules/postcss
3963 silly ADD node_modules/eslint-config-next
3964 silly ADD node_modules/eslint-config-next/node_modules/globals
3965 silly ADD node_modules/eslint
3966 silly ADD node_modules/@types/react-dom
3967 silly ADD node_modules/@types/react
3968 silly ADD node_modules/@types/node
3969 silly ADD node_modules/@tailwindcss/postcss
3970 warn allow-scripts 2 packages have install scripts not yet covered by allowScripts:
3970 warn allow-scripts   unrs-resolver@1.12.2 (postinstall: node postinstall.js)
3970 warn allow-scripts   sharp@0.34.5 (install: node install/check.js || npm run build)
3970 warn allow-scripts
3970 warn allow-scripts Run `npm approve-scripts --allow-scripts-pending` to review, or `npm approve-scripts <pkg>` to allow.
3971 verbose cwd /Users/mushfiq/Desktop/Football/football-auction
3972 verbose os Darwin 24.1.0
3973 verbose node v24.18.0
3974 verbose npm  v11.16.0
3975 notice
3975 notice New major version of npm available! 11.16.0 -> 12.0.2
3975 notice Changelog: https://github.com/npm/cli/releases/tag/v12.0.2
3975 notice To update run: npm install -g npm@12.0.2
3975 notice  { force: true, Symbol(proc-log.meta): true }
3976 verbose exit 0
3977 info ok
